chk_c26d0091	10000092	2024-12-06	บริษัท วอเทอร์ป๊อก จำกัด	3000000	กสิกรไทย	1333102125			จ่ายแล้ว	ประเภท: ค้ำ LG | หมายเหตุ: เพื่อค้ำประกันวงเงิน LG ฝากประจำ 6 เดือน | วันจ่ายเช็ค: 2024-12-06 | วันจ่ายเงิน: 2024-12-06
chk_60460c40	10000082	2024-12-21	บริษัท ลีซ อิท จำกัด (มหาชน)	34397.26	กสิกรไทย	1333102125	0		จ่ายแล้ว	ประเภท: จ่ายดอกเบี้ย | หมายเหตุ: เช็คดอกเบี้ย - STR011-PL-บริเวณแทงค์น้ำประปาเขาแกว ม.4 ต.ไร่ใหม่ อ.สามร้อยยอด จ.ประจวบคีรีขันธ์ | สัญญา: 0 | วันจ่ายเช็ค: 2024-11-28 | วันจ่ายเงิน: 2024-12-23
chk_18f0a3c6	10000085	2024-12-21	บริษัท ลีซ อิท จำกัด (มหาชน)	24078.08	กสิกรไทย	1333102125	LITSM/PBF/67-11104		จ่ายแล้ว	ประเภท: จ่ายดอกเบี้ย | หมายเหตุ: เช็คดอกเบี้ย - AW069-PLS-บ้านห้วยทราย ม.6 ต.นาเชือก อ.นาเชือก จ.มหาสารคาม | สัญญา: LITSM/PBF/67-11104 | วันจ่ายเช็ค: 2024-11-28 | วันจ่ายเงิน: 2024-12-23
chk_6adf0cfb	10000089	2024-12-21	บริษัท ลีซ อิท จำกัด (มหาชน)	24078.08	กสิกรไทย	1333102125	LITSM/PBF/67-11105		จ่ายแล้ว	ประเภท: จ่ายดอกเบี้ย | หมายเหตุ: เช็คดอกเบี้ย - AW065-PL-บ้านบางเตยเหนือ ม.1 ต.บางเตย อ.เมืองพังงา จ.พังงา | สัญญา: LITSM/PBF/67-11105 | วันจ่ายเช็ค: 2024-11-28 | วันจ่ายเงิน: 2024-12-23
chk_e9c7f2d9	10000083	2025-01-21	บริษัท ลีซ อิท จำกัด (มหาชน)	7767.12	กสิกรไทย	1333102125	LITSM/PBF/67-11105		จ่ายแล้ว	ประเภท: จ่ายดอกเบี้ย | หมายเหตุ: เช็คดอกเบี้ย - STR011-PL-บริเวณแทงค์น้ำประปาเขาแกว ม.4 ต.ไร่ใหม่ อ.สามร้อยยอด จ.ประจวบคีรีขันธ์ | สัญญา: LITSM/PBF/67-11105 | วันจ่ายเช็ค: 2024-11-28 | วันจ่ายเงิน: 2025-01-21 | วันรับเช็คคืน: -
chk_1c7fb1c5	10000086	2025-01-21	บริษัท ลีซ อิท จำกัด (มหาชน)	24078.08	กสิกรไทย	1333102125	LITSM/PBF/67-11104		จ่ายแล้ว	ประเภท: จ่ายดอกเบี้ย | หมายเหตุ: เช็คดอกเบี้ย - AW069-PLS-บ้านห้วยทราย ม.6 ต.นาเชือก อ.นาเชือก จ.มหาสารคาม | สัญญา: LITSM/PBF/67-11104 | วันจ่ายเช็ค: 2024-11-28 | วันจ่ายเงิน: 2025-01-21 | วันรับเช็คคืน: -
chk_c07d8824	10000090	2025-01-21	บริษัท ลีซ อิท จำกัด (มหาชน)	24078.08	กสิกรไทย	1333102125	LITSM/PBF/67-11105		จ่ายแล้ว	ประเภท: จ่ายดอกเบี้ย | หมายเหตุ: เช็คดอกเบี้ย - AW065-PL-บ้านบางเตยเหนือ ม.1 ต.บางเตย อ.เมืองพังงา จ.พังงา | สัญญา: LITSM/PBF/67-11105 | วันจ่ายเช็ค: 2024-11-28 | วันจ่ายเงิน: 2025-01-21 | วันรับเช็คคืน: -
chk_af3f8131	10000081	2025-01-28	บริษัท ลีซ อิท จำกัด (มหาชน)	2700000	กสิกรไทย	1333102125	LITSM/PBF/67-11103		ได้รับคืนแล้ว	ประเภท: ค้ำเงินต้น | หมายเหตุ: เช็คเงินต้น - STR011-PL-บริเวณแทงค์น้ำประปาเขาแกว ม.4 ต.ไร่ใหม่ อ.สามร้อยยอด จ.ประจวบคีรีขันธ์ | สัญญา: LITSM/PBF/67-11103 | วันจ่ายเช็ค: 2024-11-28 | วันจ่ายเงิน: - | วันรับเช็คคืน: 2025-04-29
chk_e97950c8	00103304	2025-02-21	บริษัท ลีซ อิท จำกัด (มหาชน)	31068.49	KKP	1000050228	LITSM/PBF/68-02035		จ่ายแล้ว	ประเภท: จ่ายดอกเบี้ย | หมายเหตุ: เช็คดอกเบี้ย อบต.โนน | สัญญา: LITSM/PBF/68-02035 | วันจ่ายเช็ค: 2025-02-14 | วันจ่ายเงิน: 2025-02-21 | วันรับเช็คคืน: -
chk_f5a8671e	00103308	2025-02-21	บริษัท ลีซ อิท จำกัด (มหาชน)	6328.77	KKP	1000050228	LITSM/PBF/68-02031		จ่ายแล้ว	ประเภท: จ่ายดอกเบี้ย | หมายเหตุ: เช็คดอกเบี้ย อบต.เสมา | สัญญา: LITSM/PBF/68-02031 | วันจ่ายเช็ค: 2025-02-14 | วันจ่ายเงิน: 2025-02-21 | วันรับเช็คคืน: -
chk_96e5b500	00103312	2025-02-21	บริษัท ลีซ อิท จำกัด (มหาชน)	6328.77	KKP	1000050228	LITSM/PBF/68-02032		จ่ายแล้ว	ประเภท: จ่ายดอกเบี้ย | หมายเหตุ: เช็คดอกเบี้ย อบต.สาริกา | สัญญา: LITSM/PBF/68-02032 | วันจ่ายเช็ค: 2025-02-14 | วันจ่ายเงิน: 2025-02-21 | วันรับเช็คคืน: -
chk_360a5c7b	00103316	2025-02-21	บริษัท ลีซ อิท จำกัด (มหาชน)	6328.77	KKP	1000050228	LITSM/PBF/68-02033		จ่ายแล้ว	ประเภท: จ่ายดอกเบี้ย | หมายเหตุ: เช็คดอกเบี้ย เทศบาลตำบลศาลาลำดวน 1 | สัญญา: LITSM/PBF/68-02033 | วันจ่ายเช็ค: 2025-02-14 | วันจ่ายเงิน: 2025-02-21 | วันรับเช็คคืน: -
chk_af941ed7	10000046	2025-02-21	บริษัท ลีซ อิท จำกัด (มหาชน)	6328.77	กสิกรไทย	1333102125	LITSM/PBF/68-01018		จ่ายแล้ว	ประเภท: จ่ายดอกเบี้ย | หมายเหตุ: เช็คดอกเบี้ย อบต.ม่วงคำ สัญญา 8/2568 | สัญญา: LITSM/PBF/68-01018 | วันจ่ายเช็ค: 2025-01-29 | วันจ่ายเงิน: 2025-02-21 | วันรับเช็คคืน: -
chk_6f9856ac	10000050	2025-02-21	บริษัท ลีซ อิท จำกัด (มหาชน)	6328.77	กสิกรไทย	1333102125	LITSM/PBF/68-01019		จ่ายแล้ว	ประเภท: จ่ายดอกเบี้ย | หมายเหตุ: เช็คดอกเบี้ย อบต.ม่วงคำ สัญญา 9/2568 | สัญญา: LITSM/PBF/68-01019 | วันจ่ายเช็ค: 2025-01-29 | วันจ่ายเงิน: 2025-02-21 | วันรับเช็คคืน: -
chk_3892e85a	10000054	2025-02-21	บริษัท ลีซ อิท จำกัด (มหาชน)	6328.77	กสิกรไทย	1333102125	LITSM/PBF/68-01020		จ่ายแล้ว	ประเภท: จ่ายดอกเบี้ย | หมายเหตุ: เช็คดอกเบี้ย อบต.ม่วงคำ สัญญา 10/2568 | สัญญา: LITSM/PBF/68-01020 | วันจ่ายเช็ค: 2025-01-29 | วันจ่ายเงิน: 2025-02-21 | วันรับเช็คคืน: -
chk_0425e008	10000058	2025-02-21	บริษัท ลีซ อิท จำกัด (มหาชน)	6328.77	กสิกรไทย	1333102125	LITSM/PBF/68-02034		จ่ายแล้ว	ประเภท: จ่ายดอกเบี้ย | หมายเหตุ: เช็คดอกเบี้ย เทศบาลตำบลศาลาลำดวน 2 | สัญญา: LITSM/PBF/68-02034 | วันจ่ายเช็ค: 2025-02-14 | วันจ่ายเงิน: 2025-02-21 | วันรับเช็คคืน: -
chk_65c6880c	10000087	2025-02-21	บริษัท ลีซ อิท จำกัด (มหาชน)	4660.28	กสิกรไทย	1333102125	LITSM/PBF/67-11104		จ่ายแล้ว	ประเภท: จ่ายดอกเบี้ย | หมายเหตุ: เช็คดอกเบี้ย - AW069-PLS-บ้านห้วยทราย ม.6 ต.นาเชือก อ.นาเชือก จ.มหาสารคาม | สัญญา: LITSM/PBF/67-11104 | วันจ่ายเช็ค: 2024-11-28 | วันจ่ายเงิน: 2025-02-21 | วันรับเช็คคืน: -
chk_e2d09c26	10000091	2025-02-21	บริษัท ลีซ อิท จำกัด (มหาชน)	4660.28	กสิกรไทย	1333102125	LITSM/PBF/67-11105		จ่ายแล้ว	ประเภท: จ่ายดอกเบี้ย | หมายเหตุ: เช็คดอกเบี้ย - AW065-PL-บ้านบางเตยเหนือ ม.1 ต.บางเตย อ.เมืองพังงา จ.พังงา | สัญญา: LITSM/PBF/67-11105 | วันจ่ายเช็ค: 2024-11-28 | วันจ่ายเงิน: 2025-02-21 | วันรับเช็คคืน: -
chk_11f80b52	10000095	2025-02-21	บริษัท ลีซ อิท จำกัด (มหาชน)	146482.19	กสิกรไทย	1333102125	LITSM/PBF/68-01022		จ่ายแล้ว	ประเภท: จ่ายดอกเบี้ย | หมายเหตุ: เช็คดอกเบี้ย - เทศบาลตำบลบัลลังก์ 20 โครงการ | สัญญา: LITSM/PBF/68-01022 | วันจ่ายเช็ค: 2025-01-29 | วันจ่ายเงิน: 2025-02-21 | วันรับเช็คคืน: -
chk_da249942	10000099	2025-02-21	บริษัท ลีซ อิท จำกัด (มหาชน)	37339.73	กสิกรไทย	1333102125	LITSM/PBF/68-01021		จ่ายแล้ว	ประเภท: จ่ายดอกเบี้ย | หมายเหตุ: เช็คดอกเบี้ย เทศบาลตำบลนาสีทอง | สัญญา: LITSM/PBF/68-01021 | วันจ่ายเช็ค: 2025-01-29 | วันจ่ายเงิน: 2025-02-21 | วันรับเช็คคืน: -
chk_dfb10dac	10000084	2025-02-27	บริษัท ลีซ อิท จำกัด (มหาชน)	1890000	กสิกรไทย	1333102125	LITSM/PBF/67-11104		ได้รับคืนแล้ว	ประเภท: ค้ำเงินต้น | หมายเหตุ: เช็คเงินต้น - AW069-PLS-บ้านห้วยทราย ม.6 ต.นาเชือก อ.นาเชือก จ.มหาสารคาม | สัญญา: LITSM/PBF/67-11104 | วันจ่ายเช็ค: 2024-11-28 | วันรับเช็คคืน: 2025-04-29
chk_16b40978	10000088	2025-02-27	บริษัท ลีซ อิท จำกัด (มหาชน)	1890000	กสิกรไทย	1333102125	LITSM/PBF/67-11105		ได้รับคืนแล้ว	ประเภท: ค้ำเงินต้น | หมายเหตุ: เช็คเงินต้น - AW065-PL-บ้านบางเตยเหนือ ม.1 ต.บางเตย อ.เมืองพังงา จ.พังงา | สัญญา: LITSM/PBF/67-11105 | วันจ่ายเช็ค: 2024-11-28 | วันรับเช็คคืน: 2025-04-29
chk_08453642	10000093	2025-02-27	บริษัท ลีซ อิท จำกัด (มหาชน)	2700000	กสิกรไทย	1333102125	LITSM/PBF/67-11103		ได้รับคืนแล้ว	ประเภท: ค้ำเงินต้น | หมายเหตุ: เช็คเงินต้น (ขยายเวลา)  -STR011-PL-บริเวณแทงค์น้ำประปาเขาแกว ม.4 ต.ไร่ใหม่ อ.สามร้อยยอด จ.ประจวบคีรีขันธ์  | สัญญา: LITSM/PBF/67-11103 | วันจ่ายเช็ค: 2025-01-28 | วันรับเช็คคืน: 2025-04-29
chk_5e7015b0	00103305	2025-03-21	บริษัท ลีซ อิท จำกัด (มหาชน)	34397.26	KKP	1000050228	LITSM/PBF/68-02035		จ่ายแล้ว	ประเภท: จ่ายดอกเบี้ย | หมายเหตุ: เช็คดอกเบี้ย อบต.โนน | สัญญา: LITSM/PBF/68-02035 | วันจ่ายเช็ค: 2025-02-14 | วันจ่ายเงิน: 2025-03-21 | วันรับเช็คคืน: -
chk_75437cde	00103309	2025-03-21	บริษัท ลีซ อิท จำกัด (มหาชน)	7006.85	KKP	1000050228	LITSM/PBF/68-02032		จ่ายแล้ว	ประเภท: จ่ายดอกเบี้ย | หมายเหตุ: เช็คดอกเบี้ย อบต.สาริกา | สัญญา: LITSM/PBF/68-02032 | วันจ่ายเช็ค: 2025-02-14 | วันจ่ายเงิน: 2025-03-21 | วันรับเช็คคืน: -
chk_2a1f28a7	00103313	2025-03-21	บริษัท ลีซ อิท จำกัด (มหาชน)	7006.85	KKP	1000050228	LITSM/PBF/68-02034		จ่ายแล้ว	ประเภท: จ่ายดอกเบี้ย | หมายเหตุ: เช็คดอกเบี้ย เทศบาลตำบลศาลาลำดวน 1 | สัญญา: LITSM/PBF/68-02034 | วันจ่ายเช็ค: 2025-02-14 | วันจ่ายเงิน: 2025-03-21 | วันรับเช็คคืน: -
chk_af0c4d95	00103317	2025-03-21	บริษัท ลีซ อิท จำกัด (มหาชน)	7006.85	KKP	1000050228	LITSM/PBF/68-02031		จ่ายแล้ว	ประเภท: จ่ายดอกเบี้ย | หมายเหตุ: เช็คดอกเบี้ย อบต.เสมา | สัญญา: LITSM/PBF/68-02031 | วันจ่ายเช็ค: 2025-02-14 | วันจ่ายเงิน: 2025-03-21 | วันรับเช็คคืน: -
chk_33fcc241	10000047	2025-03-21	บริษัท ลีซ อิท จำกัด (มหาชน)	7006.85	กสิกรไทย	1333102125	LITSM/PBF/68-01018		จ่ายแล้ว	ประเภท: จ่ายดอกเบี้ย | หมายเหตุ: เช็คดอกเบี้ย อบต.ม่วงคำ สัญญา 8/2568 | สัญญา: LITSM/PBF/68-01018 | วันจ่ายเช็ค: 2025-01-29 | วันจ่ายเงิน: 2025-03-21 | วันรับเช็คคืน: -
chk_df6214bb	10000051	2025-03-21	บริษัท ลีซ อิท จำกัด (มหาชน)	7006.85	กสิกรไทย	1333102125	LITSM/PBF/68-01019		จ่ายแล้ว	ประเภท: จ่ายดอกเบี้ย | หมายเหตุ: เช็คดอกเบี้ย อบต.ม่วงคำ สัญญา 9/2568 | สัญญา: LITSM/PBF/68-01019 | วันจ่ายเช็ค: 2025-01-29 | วันจ่ายเงิน: 2025-03-21 | วันรับเช็คคืน: -
chk_eadb7f8c	10000055	2025-03-21	บริษัท ลีซ อิท จำกัด (มหาชน)	7006.85	กสิกรไทย	1333102125	LITSM/PBF/68-01020		จ่ายแล้ว	ประเภท: จ่ายดอกเบี้ย | หมายเหตุ: เช็คดอกเบี้ย อบต.ม่วงคำ สัญญา 10/2568 | สัญญา: LITSM/PBF/68-01020 | วันจ่ายเช็ค: 2025-01-29 | วันจ่ายเงิน: 2025-03-21 | วันรับเช็คคืน: -
chk_e4af06e4	10000059	2025-03-21	บริษัท ลีซ อิท จำกัด (มหาชน)	7006.85	กสิกรไทย	1333102125	LITSM/PBF/68-02033		จ่ายแล้ว	ประเภท: จ่ายดอกเบี้ย | หมายเหตุ: เช็คดอกเบี้ย เทศบาลตำบลศาลาลำดวน 2 | สัญญา: LITSM/PBF/68-02033 | วันจ่ายเช็ค: 2025-02-14 | วันจ่ายเงิน: 2025-03-21 | วันรับเช็คคืน: -
chk_f9d63501	10000096	2025-03-21	บริษัท ลีซ อิท จำกัด (มหาชน)	162176.71	กสิกรไทย	1333102125	LITSM/PBF/68-01022		จ่ายแล้ว	ประเภท: จ่ายดอกเบี้ย | หมายเหตุ: เช็คดอกเบี้ย - เทศบาลตำบลบัลลังก์ 20 โครงการ | สัญญา: LITSM/PBF/68-01022 | วันจ่ายเช็ค: 2025-01-29 | วันจ่ายเงิน: 2025-03-21 | วันรับเช็คคืน: -
chk_53a7ba8c	10000100	2025-03-21	บริษัท ลีซ อิท จำกัด (มหาชน)	41340.41	กสิกรไทย	1333102125	LITSM/PBF/68-01021		จ่ายแล้ว	ประเภท: จ่ายดอกเบี้ย | หมายเหตุ: เช็คดอกเบี้ย เทศบาลตำบลนาสีทอง | สัญญา: LITSM/PBF/68-01021 | วันจ่ายเช็ค: 2025-01-29 | วันจ่ายเงิน: 2025-03-21 | วันรับเช็คคืน: -
chk_505ac757	10066704	2025-03-21	บริษัท ลีซ อิท จำกัด (มหาชน)	21657.53	KTB	9867702441	LITSM/PBF/68-02048		จ่ายแล้ว	ประเภท: จ่ายดอกเบี้ย | หมายเหตุ: ดอกเบี้ย ย่านยาว | สัญญา: LITSM/PBF/68-02048 | วันจ่ายเช็ค: 2025-02-14 | วันจ่ายเงิน: 2025-03-21 | วันรับเช็คคืน: -
chk_6937e3cf	10066708	2025-03-21	บริษัท ลีซ อิท จำกัด (มหาชน)	7006.85	KTB	9867702441	LITSM/PBF/68-02041		จ่ายแล้ว	ประเภท: จ่ายดอกเบี้ย | หมายเหตุ: ดอกเบี้ย นาไคร้ | สัญญา: LITSM/PBF/68-02041 | วันจ่ายเช็ค: 2025-02-14 | วันจ่ายเงิน: 2025-03-21 | วันรับเช็คคืน: -
chk_7532abb5	10066712	2025-03-21	บริษัท ลีซ อิท จำกัด (มหาชน)	7006.85	KTB	9867702441	LITSM/PBF/68-02040		จ่ายแล้ว	ประเภท: จ่ายดอกเบี้ย | หมายเหตุ: ดอกเบี้ย เสม็ดใต้ | สัญญา: LITSM/PBF/68-02040 | วันจ่ายเช็ค: 2025-02-14 | วันจ่ายเงิน: 2025-03-21 | วันรับเช็คคืน: -
chk_c6c25f34	10066716	2025-03-21	บริษัท ลีซ อิท จำกัด (มหาชน)	7006.85	KTB	9867702441	LITSM/PBF/68-02042		จ่ายแล้ว	ประเภท: จ่ายดอกเบี้ย | หมายเหตุ: ดอกเบี้ย นาเชือก | สัญญา: LITSM/PBF/68-02042 | วันจ่ายเช็ค: 2025-02-14 | วันจ่ายเงิน: 2025-03-21 | วันรับเช็คคืน: -
chk_00c6d0fe	10066720	2025-03-21	บริษัท ลีซ อิท จำกัด (มหาชน)	7006.85	KTB	9867702441	LITSM/PBF/68-02039		จ่ายแล้ว	ประเภท: จ่ายดอกเบี้ย | หมายเหตุ: ดอกเบี้ย ทุ่งกง | สัญญา: LITSM/PBF/68-02039 | วันจ่ายเช็ค: 2025-02-14 | วันจ่ายเงิน: 2025-03-21 | วันรับเช็คคืน: -
chk_a92cbb92	10066724	2025-03-21	บริษัท ลีซ อิท จำกัด (มหาชน)	7006.85	KTB	9867702441	LITSM/PBF/68-02038		จ่ายแล้ว	ประเภท: จ่ายดอกเบี้ย | หมายเหตุ: ดอกเบี้ย กะเปอร์ | สัญญา: LITSM/PBF/68-02038 | วันจ่ายเช็ค: 2025-02-14 | วันจ่ายเงิน: 2025-03-21 | วันรับเช็คคืน: -
chk_905ff4ee	10066728	2025-03-21	บริษัท ลีซ อิท จำกัด (มหาชน)	34397.26	KTB	9867702441	LITSM/PBF/68-02052		จ่ายแล้ว	ประเภท: จ่ายดอกเบี้ย | หมายเหตุ: ดอกเบี้ย คำนาดี 2 | สัญญา: LITSM/PBF/68-02052 | วันจ่ายเช็ค: 2025-02-14 | วันจ่ายเงิน: 2025-03-21 | วันรับเช็คคืน: -
chk_87faded5	10066732	2025-03-21	บริษัท ลีซ อิท จำกัด (มหาชน)	34397.26	KTB	9867702441	LITSM/PBF/68-02051		จ่ายแล้ว	ประเภท: จ่ายดอกเบี้ย | หมายเหตุ: ดอกเบี้ย คำนาดี 1 | สัญญา: LITSM/PBF/68-02051 | วันจ่ายเช็ค: 2025-02-14 | วันจ่ายเงิน: 2025-03-21 | วันรับเช็คคืน: -
chk_d567d1e4	10066736	2025-03-21	บริษัท ลีซ อิท จำกัด (มหาชน)	34397.26	KTB	9867702441	LITSM/PBF/68-02050		จ่ายแล้ว	ประเภท: จ่ายดอกเบี้ย | หมายเหตุ: ดอกเบี้ย คำนาดี | สัญญา: LITSM/PBF/68-02050 | วันจ่ายเช็ค: 2025-02-14 | วันจ่ายเงิน: 2025-03-21 | วันรับเช็คคืน: -
chk_0c62ed6d	10066740	2025-03-21	บริษัท ลีซ อิท จำกัด (มหาชน)	21657.53	KTB	9867702441	ยกเลิก		ยกเลิก/พื้นที่ไม่รับโอนสิทธิ	ประเภท: ยกเลิก | หมายเหตุ: ดอกเบี้ย อบต.ผาสามยอด | สัญญา: ยกเลิก | วันจ่ายเช็ค: 2025-02-14 | วันจ่ายเงิน: ยกเลิก | วันรับเช็คคืน: ยกเลิก
chk_ff71ecfa	10066744	2025-03-21	บริษัท ลีซ อิท จำกัด (มหาชน)	7006.85	KTB	9867702441	LITSM/PBF/68-02047		จ่ายแล้ว	ประเภท: จ่ายดอกเบี้ย | หมายเหตุ: ดอกเบี้ย เทศบาลตำบลศรีเตี้ย 4 | สัญญา: LITSM/PBF/68-02047 | วันจ่ายเช็ค: 2025-02-14 | วันจ่ายเงิน: 2025-03-21 | วันรับเช็คคืน: -
chk_efa5d466	10066748	2025-03-21	บริษัท ลีซ อิท จำกัด (มหาชน)	7006.85	KTB	9867702441	LITSM/PBF/68-02046		จ่ายแล้ว	ประเภท: จ่ายดอกเบี้ย | หมายเหตุ: ดอกเบี้ย เทศบาลตำบลศรีเตี้ย 3 | สัญญา: LITSM/PBF/68-02046 | วันจ่ายเช็ค: 2025-02-14 | วันจ่ายเงิน: 2025-03-21 | วันรับเช็คคืน: -
chk_73bf0fc0	10066752	2025-03-21	บริษัท ลีซ อิท จำกัด (มหาชน)	7006.85	KTB	9867702441	LITSM/PBF/68-02045		จ่ายแล้ว	ประเภท: จ่ายดอกเบี้ย | หมายเหตุ: ดอกเบี้ย เทศบาลตำบลศรีเตี้ย 2 | สัญญา: LITSM/PBF/68-02045 | วันจ่ายเช็ค: 2025-02-14 | วันจ่ายเงิน: 2025-03-21 | วันรับเช็คคืน: -
chk_cf18e281	10066756	2025-03-21	บริษัท ลีซ อิท จำกัด (มหาชน)	7006.85	KTB	9867702441	LITSM/PBF/68-02044		จ่ายแล้ว	ประเภท: จ่ายดอกเบี้ย | หมายเหตุ: ดอกเบี้ย เทศบาลตำบลศรีเตี้ย 1 | สัญญา: LITSM/PBF/68-02044 | วันจ่ายเช็ค: 2025-02-14 | วันจ่ายเงิน: 2025-03-21 | วันรับเช็คคืน: -
chk_817d9200	10066760	2025-03-21	บริษัท ลีซ อิท จำกัด (มหาชน)	7006.85	KTB	9867702441	LITSM/PBF/68-02043		จ่ายแล้ว	ประเภท: จ่ายดอกเบี้ย | หมายเหตุ: ดอกเบี้ย เทศบาลตำบลศรีเตี้ย | สัญญา: LITSM/PBF/68-02043 | วันจ่ายเช็ค: 2025-02-14 | วันจ่ายเงิน: 2025-03-21 | วันรับเช็คคืน: -
chk_c787e723	10064950	2025-03-31	บริษัท ลีซ อิท จำกัด (มหาชน)	2700000	KTB	9867702441	LITSM/PBF/67-11103		ได้รับคืนแล้ว	ประเภท: ยกเลิก | หมายเหตุ: เช็คเงินต้น (ขยายเวลา)  -STR011-PL-บริเวณแทงค์น้ำประปาเขาแกว ม.4 ต.ไร่ใหม่ อ.สามร้อยยอด จ.ประจวบคีรีขันธ์  | สัญญา: LITSM/PBF/67-11103 | วันจ่ายเช็ค: 21/02/22025 | วันรับเช็คคืน: 2025-04-29
chk_dae6647b	10064951	2025-03-31	บริษัท ลีซ อิท จำกัด (มหาชน)	1890000	KTB	9867702441	LITSM/PBF/67-11104		ได้รับคืนแล้ว	ประเภท: ยกเลิก | หมายเหตุ: เช็คเงินต้น (ขยายเวลา) AW069-PLS-บ้านห้วยทราย ม.6 ต.นาเชือก อ.นาเชือก จ.มหาสารคาม | สัญญา: LITSM/PBF/67-11104 | วันจ่ายเช็ค: 2025-02-27 | วันรับเช็คคืน: 2025-04-29
chk_77051a16	10064952	2025-03-31	บริษัท ลีซ อิท จำกัด (มหาชน)	1890000	KTB	9867702441	LITSM/PBF/67-11105		รอรับคืน	ประเภท: ค้ำเงินต้น | หมายเหตุ: เช็คเงินต้น (ขยายเวลา) - AW065-PL-บ้านบางเตยเหนือ ม.1 ต.บางเตย อ.เมืองพังงา จ.พังงา | สัญญา: LITSM/PBF/67-11105 | วันจ่ายเช็ค: 2025-02-27
chk_e41b0d0b	10064921	2025-04-01	บริษัท เอฟเอส แคปปิตอล จำกัด	2662500	KTB	9867702441			จ่ายแล้ว	ประเภท: ดอกเบี้ยและเงินต้น | หมายเหตุ: เช็คเงินต้นและดอกเบี้ย งวดที่ 1/6  | วันจ่ายเช็ค: 2025-03-20
chk_a20b2de4	00103306	2025-04-21	บริษัท ลีซ อิท จำกัด (มหาชน)	31068.49	KKP	1000050228	LITSM/PBF/68-02035		จ่ายแล้ว	ประเภท: จ่ายดอกเบี้ย | หมายเหตุ: เช็คดอกเบี้ย อบต.โนน | สัญญา: LITSM/PBF/68-02035 | วันจ่ายเช็ค: 2025-02-14 | วันจ่ายเงิน: 2025-04-21 | วันรับเช็คคืน: -
chk_61261fcf	00103314	2025-04-21	บริษัท ลีซ อิท จำกัด (มหาชน)	6328.77	KKP	1000050228	LITSM/PBF/68-02032		จ่ายแล้ว	ประเภท: จ่ายดอกเบี้ย | หมายเหตุ: เช็คดอกเบี้ย อบต.สาริกา | สัญญา: LITSM/PBF/68-02032 | วันจ่ายเช็ค: 2025-02-14 | วันจ่ายเงิน: 2025-04-21 | วันรับเช็คคืน: -
chk_bed32cbb	00103318	2025-04-21	บริษัท ลีซ อิท จำกัด (มหาชน)	6328.77	KKP	1000050228	LITSM/PBF/68-02034		จ่ายแล้ว	ประเภท: จ่ายดอกเบี้ย | หมายเหตุ: เช็คดอกเบี้ยเทศบาลตำบลศาลาลำดวน 1 | สัญญา: LITSM/PBF/68-02034 | วันจ่ายเช็ค: 2025-02-14 | วันจ่ายเงิน: 2025-04-21 | วันรับเช็คคืน: -
chk_4cea9cd6	00103319	2025-04-21	บริษัท ลีซ อิท จำกัด (มหาชน)	6328.77	KKP	1000050228	LITSM/PBF/68-02031		จ่ายแล้ว	ประเภท: จ่ายดอกเบี้ย | หมายเหตุ: เช็คดอกเบี้ย อบต.เสมา | สัญญา: LITSM/PBF/68-02031 | วันจ่ายเช็ค: 2025-02-14 | วันจ่ายเงิน: 2025-04-21 | วันรับเช็คคืน: -
chk_36a35aaa	10000044	2025-04-21	บริษัท ลีซ อิท จำกัด (มหาชน)	14669.18	กสิกรไทย	1333102125	LITSM/PBF/68-01021		จ่ายแล้ว	ประเภท: จ่ายดอกเบี้ย | หมายเหตุ: เช็คดอกเบี้ย เทศบาลตำบลนาสีทอง | สัญญา: LITSM/PBF/68-01021 | วันจ่ายเช็ค: 2025-01-29 | วันจ่ายเงิน: 2025-04-21 | วันรับเช็คคืน: -
chk_6c0a4e03	10000048	2025-04-21	บริษัท ลีซ อิท จำกัด (มหาชน)	2486.29	กสิกรไทย	1333102125	LITSM/PBF/68-01018		จ่ายแล้ว	ประเภท: จ่ายดอกเบี้ย | หมายเหตุ: เช็คดอกเบี้ย อบต.ม่วงคำ สัญญา 8/2568 | สัญญา: LITSM/PBF/68-01018 | วันจ่ายเช็ค: 2025-01-29 | วันจ่ายเงิน: 2025-04-21 | วันรับเช็คคืน: -
chk_259034c2	10000052	2025-04-21	บริษัท ลีซ อิท จำกัด (มหาชน)	2486.29	กสิกรไทย	1333102125	LITSM/PBF/68-01019		จ่ายแล้ว	ประเภท: จ่ายดอกเบี้ย | หมายเหตุ: เช็คดอกเบี้ย อบต.ม่วงคำ สัญญา 9/2568 | สัญญา: LITSM/PBF/68-01019 | วันจ่ายเช็ค: 2025-01-29 | วันจ่ายเงิน: 2025-04-21 | วันรับเช็คคืน: -
chk_cdc07853	10000056	2025-04-21	บริษัท ลีซ อิท จำกัด (มหาชน)	2486.29	กสิกรไทย	1333102125	LITSM/PBF/68-01020		จ่ายแล้ว	ประเภท: จ่ายดอกเบี้ย | หมายเหตุ: เช็คดอกเบี้ย อบต.ม่วงคำ สัญญา 10/2568 | สัญญา: LITSM/PBF/68-01020 | วันจ่ายเช็ค: 2025-01-29 | วันจ่ายเงิน: 2025-04-21 | วันรับเช็คคืน: -
chk_e279a181	10000060	2025-04-21	บริษัท ลีซ อิท จำกัด (มหาชน)	6328.77	กสิกรไทย	1333102125	LITSM/PBF/68-02033		จ่ายแล้ว	ประเภท: จ่ายดอกเบี้ย | หมายเหตุ: เช็คดอกเบี้ย เทศบาลตำบลศาลาลำดวน 2 | สัญญา: LITSM/PBF/68-02033 | วันจ่ายเช็ค: 2025-02-14 | วันจ่ายเงิน: 2025-04-21 | วันรับเช็คคืน: -
chk_b8df3e2a	10000098	2025-04-21	บริษัท ลีซ อิท จำกัด (มหาชน)	57546.58	กสิกรไทย	1333102125	LITSM/PBF/68-01022		จ่ายแล้ว	ประเภท: จ่ายดอกเบี้ย | หมายเหตุ: เช็คดอกเบี้ย - เทศบาลตำบลบัลลังก์ 20 โครงการ | สัญญา: LITSM/PBF/68-01022 | วันจ่ายเช็ค: 2025-01-29 | วันจ่ายเงิน: 2025-04-21 | วันรับเช็คคืน: -
chk_244b41bd	10066703	2025-04-21	บริษัท ลีซ อิท จำกัด (มหาชน)	20958.9	KTB	9867702441	LITSM/PBF/68-02048		จ่ายแล้ว	ประเภท: จ่ายดอกเบี้ย | หมายเหตุ: ดอกเบี้ย ย่านยาว | สัญญา: LITSM/PBF/68-02048 | วันจ่ายเช็ค: 2025-02-14 | วันจ่ายเงิน: 2025-04-21 | วันรับเช็คคืน: -
chk_02050b40	10066707	2025-04-21	บริษัท ลีซ อิท จำกัด (มหาชน)	6780.82	KTB	9867702441	LITSM/PBF/68-02041		จ่ายแล้ว	ประเภท: จ่ายดอกเบี้ย | หมายเหตุ: ดอกเบี้ย นาไคร้ | สัญญา: LITSM/PBF/68-02041 | วันจ่ายเช็ค: 2025-02-14 | วันจ่ายเงิน: 2025-04-21 | วันรับเช็คคืน: -
chk_3cfc66e8	10066711	2025-04-21	บริษัท ลีซ อิท จำกัด (มหาชน)	6780.82	KTB	9867702441	LITSM/PBF/68-02040		จ่ายแล้ว	ประเภท: จ่ายดอกเบี้ย | หมายเหตุ: ดอกเบี้ย เสม็ดใต้ | สัญญา: LITSM/PBF/68-02040 | วันจ่ายเช็ค: 2025-02-14 | วันจ่ายเงิน: 2025-04-21 | วันรับเช็คคืน: -
chk_b7e49a8f	10066715	2025-04-21	บริษัท ลีซ อิท จำกัด (มหาชน)	6780.82	KTB	9867702441	LITSM/PBF/68-02042		จ่ายแล้ว	ประเภท: จ่ายดอกเบี้ย | หมายเหตุ: ดอกเบี้ย นาเชือก | สัญญา: LITSM/PBF/68-02042 | วันจ่ายเช็ค: 2025-02-14 | วันจ่ายเงิน: 2025-04-21 | วันรับเช็คคืน: -
chk_46e4fde8	10066719	2025-04-21	บริษัท ลีซ อิท จำกัด (มหาชน)	6780.82	KTB	9867702441	LITSM/PBF/68-02039		จ่ายแล้ว	ประเภท: จ่ายดอกเบี้ย | หมายเหตุ: ดอกเบี้ย ทุ่งกง | สัญญา: LITSM/PBF/68-02039 | วันจ่ายเช็ค: 2025-02-14 | วันจ่ายเงิน: 2025-04-21 | วันรับเช็คคืน: -
chk_554e98e1	10066723	2025-04-21	บริษัท ลีซ อิท จำกัด (มหาชน)	6780.82	KTB	9867702441	LITSM/PBF/68-02038		จ่ายแล้ว	ประเภท: จ่ายดอกเบี้ย | หมายเหตุ: ดอกเบี้ย กะเปอร์ | สัญญา: LITSM/PBF/68-02038 | วันจ่ายเช็ค: 2025-02-14 | วันจ่ายเงิน: 2025-04-21 | วันรับเช็คคืน: -
chk_85eae92a	10066727	2025-04-21	บริษัท ลีซ อิท จำกัด (มหาชน)	33287.67	KTB	9867702441	LITSM/PBF/68-02052		จ่ายแล้ว	ประเภท: จ่ายดอกเบี้ย | หมายเหตุ: ดอกเบี้ย คำนาดี 2 | สัญญา: LITSM/PBF/68-02052 | วันจ่ายเช็ค: 2025-02-14 | วันจ่ายเงิน: 2025-04-21 | วันรับเช็คคืน: -
chk_6787b423	10066731	2025-04-21	บริษัท ลีซ อิท จำกัด (มหาชน)	33287.67	KTB	9867702441	LITSM/PBF/68-02051		จ่ายแล้ว	ประเภท: จ่ายดอกเบี้ย | หมายเหตุ: ดอกเบี้ย คำนาดี 1 | สัญญา: LITSM/PBF/68-02051 | วันจ่ายเช็ค: 2025-02-14 | วันจ่ายเงิน: 2025-04-21 | วันรับเช็คคืน: -
chk_b9fa363f	10066735	2025-04-21	บริษัท ลีซ อิท จำกัด (มหาชน)	33287.67	KTB	9867702441	LITSM/PBF/68-02050		จ่ายแล้ว	ประเภท: จ่ายดอกเบี้ย | หมายเหตุ: ดอกเบี้ย คำนาดี | สัญญา: LITSM/PBF/68-02050 | วันจ่ายเช็ค: 2025-02-14 | วันจ่ายเงิน: 2025-04-21 | วันรับเช็คคืน: -
chk_beccb5aa	10066739	2025-04-21	บริษัท ลีซ อิท จำกัด (มหาชน)	20958.9	KTB	9867702441			ยกเลิก	ประเภท: ยกเลิก | หมายเหตุ: ดอกเบี้ย อบต.ผาสามยอด | วันจ่ายเช็ค: 2025-02-14 | วันจ่ายเงิน: ยกเลิก | วันรับเช็คคืน: ยกเลิก
chk_4f201b6f	10066743	2025-04-21	บริษัท ลีซ อิท จำกัด (มหาชน)	6780.82	KTB	9867702441	LITSM/PBF/68-02047		จ่ายแล้ว	ประเภท: จ่ายดอกเบี้ย | หมายเหตุ: ดอกเบี้ย เทศบาลตำบลศรีเตี้ย 4 | สัญญา: LITSM/PBF/68-02047 | วันจ่ายเช็ค: 2025-02-14 | วันจ่ายเงิน: 2025-04-21 | วันรับเช็คคืน: -
chk_dedfafbf	10066747	2025-04-21	บริษัท ลีซ อิท จำกัด (มหาชน)	6780.82	KTB	9867702441	LITSM/PBF/68-02046		จ่ายแล้ว	ประเภท: จ่ายดอกเบี้ย | หมายเหตุ: ดอกเบี้ย เทศบาลตำบลศรีเตี้ย 3 | สัญญา: LITSM/PBF/68-02046 | วันจ่ายเช็ค: 2025-02-14 | วันจ่ายเงิน: 2025-04-21 | วันรับเช็คคืน: -
chk_b7a2d233	10066751	2025-04-21	บริษัท ลีซ อิท จำกัด (มหาชน)	6780.82	KTB	9867702441	LITSM/PBF/68-02045		จ่ายแล้ว	ประเภท: จ่ายดอกเบี้ย | หมายเหตุ: ดอกเบี้ย เทศบาลตำบลศรีเตี้ย 2 | สัญญา: LITSM/PBF/68-02045 | วันจ่ายเช็ค: 2025-02-14 | วันจ่ายเงิน: 2025-04-21 | วันรับเช็คคืน: -
chk_739dc7b7	10066755	2025-04-21	บริษัท ลีซ อิท จำกัด (มหาชน)	6780.82	KTB	9867702441	LITSM/PBF/68-02044		จ่ายแล้ว	ประเภท: จ่ายดอกเบี้ย | หมายเหตุ: ดอกเบี้ย เทศบาลตำบลศรีเตี้ย 1 | สัญญา: LITSM/PBF/68-02044 | วันจ่ายเช็ค: 2025-02-14 | วันจ่ายเงิน: 2025-04-21 | วันรับเช็คคืน: -
chk_6955fba5	10066759	2025-04-21	บริษัท ลีซ อิท จำกัด (มหาชน)	6780.82	KTB	9867702441	LITSM/PBF/68-02043		จ่ายแล้ว	ประเภท: จ่ายดอกเบี้ย | หมายเหตุ: ดอกเบี้ย เทศบาลตำบลศรีเตี้ย | สัญญา: LITSM/PBF/68-02043 | วันจ่ายเช็ค: 2025-02-14 | วันจ่ายเงิน: 2025-04-21 | วันรับเช็คคืน: -
chk_34dd8e4f	10064922	2025-05-01	บริษัท เอฟเอส แคปปิตอล จำกัด	2662500	KTB	9867702441			จ่ายแล้ว	ประเภท: ดอกเบี้ยและเงินต้น | หมายเหตุ: เช็คเงินต้นและดอกเบี้ย งวดที่ 2/6 | วันจ่ายเช็ค: 2025-03-20
chk_bd574ce9	10000045	2025-05-02	บริษัท ลีซ อิท จำกัด (มหาชน)	550000	กสิกรไทย	1333102125	LITSM/PBF/68-01018		ได้รับคืนแล้ว	ประเภท: ยกเลิก | หมายเหตุ: เช็คเงินต้น อบต.ม่วงคำ สัญญา 8/2568 | สัญญา: LITSM/PBF/68-01018 | วันจ่ายเช็ค: 2025-01-29 | วันจ่ายเงิน: ยกเลิก | วันรับเช็คคืน: 2025-06-18
chk_24ec1251	10000049	2025-05-02	บริษัท ลีซ อิท จำกัด (มหาชน)	550000	กสิกรไทย	1333102125	LITSM/PBF/68-01019		ได้รับคืนแล้ว	ประเภท: ยกเลิก | หมายเหตุ: เช็คเงินต้น อบต.ม่วงคำ สัญญา 9/2568 | สัญญา: LITSM/PBF/68-01019 | วันจ่ายเช็ค: 2025-01-29 | วันจ่ายเงิน: ยกเลิก | วันรับเช็คคืน: 2025-06-18
chk_839bde47	10000053	2025-05-02	บริษัท ลีซ อิท จำกัด (มหาชน)	550000	กสิกรไทย	1333102125	LITSM/PBF/68-01020		ได้รับคืนแล้ว	ประเภท: ยกเลิก | หมายเหตุ: เช็คเงินต้น อบต.ม่วงคำ สัญญา 10/2568 | สัญญา: LITSM/PBF/68-01020 | วันจ่ายเช็ค: 2025-01-29 | วันจ่ายเงิน: ยกเลิก | วันรับเช็คคืน: 2025-06-18
chk_6d862132	10000094	2025-05-02	บริษัท ลีซ อิท จำกัด (มหาชน)	12730000	กสิกรไทย	1333102125	LITSM/PBF/68-01022		ได้รับคืนแล้ว	ประเภท: ค้ำเงินต้น | หมายเหตุ: เช็คเงินต้น - เทศบาลตำบลบัลลังก์ 20 โครงการ | สัญญา: LITSM/PBF/68-01022 | วันจ่ายเช็ค: 2025-01-29 | วันจ่ายเงิน: ยกเลิก | วันรับเช็คคืน: 2025-05-23
chk_55fc8050	10000097	2025-05-02	บริษัท ลีซ อิท จำกัด (มหาชน)	3245000	กสิกรไทย	1333102125	LITSM/PBF/68-01021		ได้รับคืนแล้ว	ประเภท: ยกเลิก | หมายเหตุ: เช็คเงินต้น เทศบาลตำบลนาสีทอง  | สัญญา: LITSM/PBF/68-01021 | วันจ่ายเช็ค: 2025-01-29 | วันจ่ายเงิน: ยกเลิก | วันรับเช็คคืน: 2025-06-18
chk_31693af6	00103303	2025-05-19	บริษัท ลีซ อิท จำกัด (มหาชน)	2700000	KKP	1000050228	LISM/PBF/68-02035			ประเภท: ค้ำเงินต้น | หมายเหตุ: เช็คเงินต้น อบต.โนน | สัญญา: LISM/PBF/68-02035 | วันจ่ายเช็ค: 2025-02-14
chk_7aaec541	00103307	2025-05-19	บริษัท ลีซ อิท จำกัด (มหาชน)	550000	KKP	1000050228	LISM/PBF/68-02032		ได้รับคืนแล้ว	ประเภท: ค้ำเงินต้น | หมายเหตุ: เช็คเงินต้น อบต.เสมา | สัญญา: LISM/PBF/68-02032 | วันจ่ายเช็ค: 2025-02-14 | วันรับเช็คคืน: 2025-07-08
chk_229a277a	00103311	2025-05-19	บริษัท ลีซ อิท จำกัด (มหาชน)	550000	KKP	1000050228	LISM/PBF/68-02034		ได้รับคืนแล้ว	ประเภท: ยกเลิก | หมายเหตุ: เช็คเงินต้น อบต.สาริกา | สัญญา: LISM/PBF/68-02034 | วันจ่ายเช็ค: 2025-02-14 | วันจ่ายเงิน: ยกเลิก | วันรับเช็คคืน: 2025-06-18
chk_7189bdef	00103315	2025-05-19	บริษัท ลีซ อิท จำกัด (มหาชน)	550000	KKP	1000050228	LISM/PBF/68-02031		ได้รับคืนแล้ว	ประเภท: ยกเลิก | หมายเหตุ: เช็คเงินต้น เทศบาลตำบลศาลาลำดวน 1 | สัญญา: LISM/PBF/68-02031 | วันจ่ายเช็ค: 2025-02-14 | วันจ่ายเงิน: ยกเลิก | วันรับเช็คคืน: 2025-06-18
chk_12041787	10000057	2025-05-19	บริษัท ลีซ อิท จำกัด (มหาชน)	550000	กสิกรไทย	1333102125	LISM/PBF/68-02033		ได้รับคืนแล้ว	ประเภท: ยกเลิก | หมายเหตุ: เช็คเงินต้น เทศบาลตำบลศาลาลำดวน 2 | สัญญา: LISM/PBF/68-02033 | วันจ่ายเช็ค: 2025-02-14 | วันจ่ายเงิน: ยกเลิก | วันรับเช็คคืน: 2025-06-18
chk_fdb824fe	10066702	2025-05-21	บริษัท ลีซ อิท จำกัด (มหาชน)	698.64	KTB	9867702441	LITSM/PBF/68-02048		จ่ายแล้ว	ประเภท: จ่ายดอกเบี้ย | หมายเหตุ: ดอกเบี้ย ย่านยาว | สัญญา: LITSM/PBF/68-02048 | วันจ่ายเช็ค: 2025-02-14 | วันจ่ายเงิน: 2025-05-21 | วันรับเช็คคืน: -
chk_5a6cd77f	10066706	2025-05-21	บริษัท ลีซ อิท จำกัด (มหาชน)	226.03	KTB	9867702441	LITSM/PBF/68-02041		จ่ายแล้ว	ประเภท: จ่ายดอกเบี้ย | หมายเหตุ: ดอกเบี้ย นาไคร้ | สัญญา: LITSM/PBF/68-02041 | วันจ่ายเช็ค: 2025-02-14 | วันจ่ายเงิน: 2025-05-21 | วันรับเช็คคืน: -
chk_72514f01	10066710	2025-05-21	บริษัท ลีซ อิท จำกัด (มหาชน)	226.03	KTB	9867702441	LITSM/PBF/68-02040		จ่ายแล้ว	ประเภท: จ่ายดอกเบี้ย | หมายเหตุ: ดอกเบี้ย เสม็ดใต้ | สัญญา: LITSM/PBF/68-02040 | วันจ่ายเช็ค: 2025-02-14 | วันจ่ายเงิน: 2025-05-21 | วันรับเช็คคืน: -
chk_114faff7	10066714	2025-05-21	บริษัท ลีซ อิท จำกัด (มหาชน)	226.03	KTB	9867702441	LITSM/PBF/68-02042		จ่ายแล้ว	ประเภท: จ่ายดอกเบี้ย | หมายเหตุ: ดอกเบี้ย นาเชือก | สัญญา: LITSM/PBF/68-02042 | วันจ่ายเช็ค: 2025-02-14 | วันจ่ายเงิน: 2025-05-21 | วันรับเช็คคืน: -
chk_e8a4343a	10066718	2025-05-21	บริษัท ลีซ อิท จำกัด (มหาชน)	226.03	KTB	9867702441	LITSM/PBF/68-02039		จ่ายแล้ว	ประเภท: จ่ายดอกเบี้ย | หมายเหตุ: ดอกเบี้ย ทุ่งกง | สัญญา: LITSM/PBF/68-02039 | วันจ่ายเช็ค: 2025-02-14 | วันจ่ายเงิน: 2025-05-21 | วันรับเช็คคืน: -
chk_07ae293d	10066722	2025-05-21	บริษัท ลีซ อิท จำกัด (มหาชน)	226.03	KTB	9867702441	LITSM/PBF/68-02038		จ่ายแล้ว	ประเภท: จ่ายดอกเบี้ย | หมายเหตุ: ดอกเบี้ย กะเปอร์ | สัญญา: LITSM/PBF/68-02038 | วันจ่ายเช็ค: 2025-02-14 | วันจ่ายเงิน: 2025-05-21 | วันรับเช็คคืน: -
chk_8b4ec421	10066726	2025-05-21	บริษัท ลีซ อิท จำกัด (มหาชน)	1109.59	KTB	9867702441	LITSM/PBF/68-02052		จ่ายแล้ว	ประเภท: จ่ายดอกเบี้ย | หมายเหตุ: ดอกเบี้ย คำนาดี 2 | สัญญา: LITSM/PBF/68-02052 | วันจ่ายเช็ค: 2025-02-14 | วันจ่ายเงิน: 2025-05-21 | วันรับเช็คคืน: -
chk_720c6ca3	10066730	2025-05-21	บริษัท ลีซ อิท จำกัด (มหาชน)	1109.59	KTB	9867702441	LITSM/PBF/68-02051		จ่ายแล้ว	ประเภท: จ่ายดอกเบี้ย | หมายเหตุ: ดอกเบี้ย คำนาดี 1 | สัญญา: LITSM/PBF/68-02051 | วันจ่ายเช็ค: 2025-02-14 | วันจ่ายเงิน: 2025-05-21 | วันรับเช็คคืน: -
chk_1b027b7d	10066734	2025-05-21	บริษัท ลีซ อิท จำกัด (มหาชน)	1109.59	KTB	9867702441	LITSM/PBF/68-02050		จ่ายแล้ว	ประเภท: จ่ายดอกเบี้ย | หมายเหตุ: ดอกเบี้ย คำนาดี | สัญญา: LITSM/PBF/68-02050 | วันจ่ายเช็ค: 2025-02-14 | วันจ่ายเงิน: 2025-05-21 | วันรับเช็คคืน: -
chk_8b9cbcb8	10066738	2025-05-21	บริษัท ลีซ อิท จำกัด (มหาชน)	698.64	KTB	9867702441	ยกเลิก		ยกเลิก	ประเภท: ยกเลิก | หมายเหตุ: ดอกเบี้ย อบต.ผาสามยอด | สัญญา: ยกเลิก | วันจ่ายเช็ค: 2025-02-14 | วันจ่ายเงิน: ยกเลิก | วันรับเช็คคืน: ยกเลิก
chk_803f1c32	10066742	2025-05-21	บริษัท ลีซ อิท จำกัด (มหาชน)	226.03	KTB	9867702441	LITSM/PBF/68-02047		ได้รับคืนแล้ว	ประเภท: ยกเลิก | หมายเหตุ: ดอกเบี้ย เทศบาลตำบลศรีเตี้ย 4 | สัญญา: LITSM/PBF/68-02047 | วันจ่ายเช็ค: 2025-02-14 | วันจ่ายเงิน: ยกเลิก | วันรับเช็คคืน: 2025-06-18
chk_66111aaa	10066746	2025-05-21	บริษัท ลีซ อิท จำกัด (มหาชน)	226.03	KTB	9867702441	LITSM/PBF/68-02046		ได้รับคืนแล้ว	ประเภท: ยกเลิก | หมายเหตุ: ดอกเบี้ย เทศบาลตำบลศรีเตี้ย 3 | สัญญา: LITSM/PBF/68-02046 | วันจ่ายเช็ค: 2025-02-14 | วันจ่ายเงิน: ยกเลิก | วันรับเช็คคืน: 2025-06-18
chk_cf916d15	10066750	2025-05-21	บริษัท ลีซ อิท จำกัด (มหาชน)	226.03	KTB	9867702441	LITSM/PBF/68-02045		ได้รับคืนแล้ว	ประเภท: ยกเลิก | หมายเหตุ: ดอกเบี้ย เทศบาลตำบลศรีเตี้ย 2 | สัญญา: LITSM/PBF/68-02045 | วันจ่ายเช็ค: 2025-02-14 | วันจ่ายเงิน: ยกเลิก | วันรับเช็คคืน: 2025-06-18
chk_fc8d9061	10066754	2025-05-21	บริษัท ลีซ อิท จำกัด (มหาชน)	226.03	KTB	9867702441	LITSM/PBF/68-02044		ได้รับคืนแล้ว	ประเภท: ยกเลิก | หมายเหตุ: ดอกเบี้ย เทศบาลตำบลศรีเตี้ย 1 | สัญญา: LITSM/PBF/68-02044 | วันจ่ายเช็ค: 2025-02-14 | วันจ่ายเงิน: ยกเลิก | วันรับเช็คคืน: 2025-06-18
chk_420ab956	10066758	2025-05-21	บริษัท ลีซ อิท จำกัด (มหาชน)	226.03	KTB	9867702441	LITSM/PBF/68-02043		ได้รับคืนแล้ว	ประเภท: ยกเลิก | หมายเหตุ: ดอกเบี้ย เทศบาลตำบลศรีเตี้ย | สัญญา: LITSM/PBF/68-02043 | วันจ่ายเช็ค: 2025-02-14 | วันจ่ายเงิน: ยกเลิก | วันรับเช็คคืน: 2025-06-18
chk_5513e097	10066701	2025-05-22	บริษัท ลีซ อิท จำกัด (มหาชน)	550000	KTB	9867702441			ได้รับคืนแล้ว	ประเภท: ยกเลิก | หมายเหตุ: เช็คเงินต้น เทศบาลตำบลศรีเตี้ย 4 | วันจ่ายเช็ค: 2025-02-14 | วันจ่ายเงิน: ยกเลิก | วันรับเช็คคืน: 2025-06-18
chk_904d2f03	10066705	2025-05-22	บริษัท ลีซ อิท จำกัด (มหาชน)	1700000	KTB	9867702441	LITSM/PBF/68-02048		ยกเลิก	ประเภท: ยกเลิก | หมายเหตุ: เช็คเงินต้น ย่านยาว | สัญญา: LITSM/PBF/68-02048 | วันจ่ายเช็ค: 2025-02-14 | วันจ่ายเงิน: ยกเลิก | วันรับเช็คคืน: ยกเลิก
chk_6b9dda38	10066709	2025-05-22	บริษัท ลีซ อิท จำกัด (มหาชน)	550000	KTB	9867702441	LITSM/PBF/68-02041		ได้รับคืนแล้ว	ประเภท: ยกเลิก | หมายเหตุ: เช็คเงินต้น นาไคร้ | สัญญา: LITSM/PBF/68-02041 | วันจ่ายเช็ค: 2025-02-14 | วันจ่ายเงิน: ยกเลิก | วันรับเช็คคืน: 2025-06-18
chk_a95c29be	10066713	2025-05-22	บริษัท ลีซ อิท จำกัด (มหาชน)	550000	KTB	9867702441	LITSM/PBF/68-02040		ได้รับคืนแล้ว	ประเภท: ยกเลิก | หมายเหตุ: เช็คเงินต้น เสม็ดใต้ | สัญญา: LITSM/PBF/68-02040 | วันจ่ายเช็ค: 2025-02-14 | วันจ่ายเงิน: ยกเลิก | วันรับเช็คคืน: 2025-06-18
chk_e1eca85e	10066717	2025-05-22	บริษัท ลีซ อิท จำกัด (มหาชน)	550000	KTB	9867702441	LITSM/PBF/68-02042		ได้รับคืนแล้ว	ประเภท: ค้ำเงินต้น | หมายเหตุ: เช็คเงินต้น นาเชือก | สัญญา: LITSM/PBF/68-02042 | วันจ่ายเช็ค: 2025-02-14 | วันรับเช็คคืน: 2025-07-08
chk_78ff93af	10066721	2025-05-22	บริษัท ลีซ อิท จำกัด (มหาชน)	550000	KTB	9867702441	LITSM/PBF/68-02039		ได้รับคืนแล้ว	ประเภท: ยกเลิก | หมายเหตุ: เช็คเงินต้น ทุ่งกง | สัญญา: LITSM/PBF/68-02039 | วันจ่ายเช็ค: 2025-02-14 | วันจ่ายเงิน: ยกเลิก | วันรับเช็คคืน: 2025-06-18
chk_0ce5d493	10066725	2025-05-22	บริษัท ลีซ อิท จำกัด (มหาชน)	550000	KTB	9867702441	LITSM/PBF/68-02038		ได้รับคืนแล้ว	ประเภท: ยกเลิก | หมายเหตุ: เช็คเงินต้น กะเปอร์ | สัญญา: LITSM/PBF/68-02038 | วันจ่ายเช็ค: 2025-02-14 | วันจ่ายเงิน: ยกเลิก | วันรับเช็คคืน: 2025-06-18
chk_dc323215	10066729	2025-05-22	บริษัท ลีซ อิท จำกัด (มหาชน)	2700000	KTB	9867702441	LITSM/PBF/68-02052		ได้รับคืนแล้ว	ประเภท: ค้ำเงินต้น | หมายเหตุ: เช็คเงินต้น คำนาดี 2 | สัญญา: LITSM/PBF/68-02052 | วันจ่ายเช็ค: 2025-02-14 | วันรับเช็คคืน: 2025-07-08
chk_8fb30d74	10066733	2025-05-22	บริษัท ลีซ อิท จำกัด (มหาชน)	2700000	KTB	9867702441	LITSM/PBF/68-02051		ได้รับคืนแล้ว	ประเภท: ค้ำเงินต้น | หมายเหตุ: เช็คเงินต้น คำนาดี 1 | สัญญา: LITSM/PBF/68-02051 | วันจ่ายเช็ค: 2025-02-14 | วันรับเช็คคืน: 2025-07-08
chk_04b09dfc	10066737	2025-05-22	บริษัท ลีซ อิท จำกัด (มหาชน)	2700000	KTB	9867702441	LITSM/PBF/68-02050		ได้รับคืนแล้ว	ประเภท: ค้ำเงินต้น | หมายเหตุ: เช็คเงินต้น คำนาดี | สัญญา: LITSM/PBF/68-02050 | วันจ่ายเช็ค: 2025-02-14 | วันรับเช็คคืน: 2025-07-08
chk_d8cace95	10066741	2025-05-22	บริษัท ลีซ อิท จำกัด (มหาชน)	1700000	KTB	9867702441	-2146826246		รอรับคืน	หมายเหตุ: เช็คเงินต้น อบต.ผาสามยอด | สัญญา: -2146826246 | วันจ่ายเช็ค: 2025-02-14 | วันจ่ายเงิน: ยกเลิก
chk_d4ecb554	10066745	2025-05-22	บริษัท ลีซ อิท จำกัด (มหาชน)	550000	KTB	9867702441	-2146826246		ได้รับคืนแล้ว	ประเภท: ยกเลิก | หมายเหตุ: เช็คเงินต้น เทศบาลตำบลศรีเตี้ย 3 | สัญญา: -2146826246 | วันจ่ายเช็ค: 2025-02-14 | วันจ่ายเงิน: ยกเลิก | วันรับเช็คคืน: 2025-06-18
chk_f6efb2e5	10066749	2025-05-22	บริษัท ลีซ อิท จำกัด (มหาชน)	550000	KTB	9867702441	-2146826246		ได้รับคืนแล้ว	ประเภท: ยกเลิก | หมายเหตุ: เช็คเงินต้น เทศบาลตำบลศรีเตี้ย 2 | สัญญา: -2146826246 | วันจ่ายเช็ค: 2025-02-14 | วันจ่ายเงิน: ยกเลิก | วันรับเช็คคืน: 2025-06-18
chk_08423883	10066753	2025-05-22	บริษัท ลีซ อิท จำกัด (มหาชน)	550000	KTB	9867702441	-2146826246		ได้รับคืนแล้ว	ประเภท: ยกเลิก | หมายเหตุ: เช็คเงินต้น เทศบาลตำบลศรีเตี้ย 1 | สัญญา: -2146826246 | วันจ่ายเช็ค: 2025-02-14 | วันจ่ายเงิน: ยกเลิก | วันรับเช็คคืน: 2025-06-18
chk_4c51fcde	10066757	2025-05-22	บริษัท ลีซ อิท จำกัด (มหาชน)	550000	KTB	9867702441	-2146826246		ได้รับคืนแล้ว	ประเภท: ยกเลิก | หมายเหตุ: เช็คเงินต้น เทศบาลตำบลศรีเตี้ย | สัญญา: -2146826246 | วันจ่ายเช็ค: 2025-02-14 | วันจ่ายเงิน: ยกเลิก | วันรับเช็คคืน: 2025-06-18
chk_4cd6212e	10064923	2025-06-01	บริษัท เอฟเอส แคปปิตอล จำกัด	2662500	KTB	9867702441			จ่ายแล้ว	ประเภท: ดอกเบี้ยและเงินต้น | หมายเหตุ: เช็คเงินต้นและดอกเบี้ย งวดที่ 3/6 | วันจ่ายเช็ค: 2025-03-20
chk_a5205c39	10159717	2025-06-02	บริษัท ลีซ อิท จำกัด (มหาชน)	550000	KTB	1079	LITSM/PBF/68-01018		ได้รับคืนแล้ว	ประเภท: ยกเลิก | สัญญา: LITSM/PBF/68-01018 | วันจ่ายเงิน: ยกเลิก | วันรับเช็คคืน: 2025-06-18
chk_40753c62	10159718	2025-06-02	บริษัท ลีซ อิท จำกัด (มหาชน)	550000	KTB	1079	LITSM/PBF/68-01019		ได้รับคืนแล้ว	ประเภท: ยกเลิก | สัญญา: LITSM/PBF/68-01019 | วันจ่ายเช็ค: 2025-05-02 | วันจ่ายเงิน: ยกเลิก | วันรับเช็คคืน: 2025-06-18
chk_57d37d20	10159719	2025-06-02	บริษัท ลีซ อิท จำกัด (มหาชน)	550000	KTB	1079	LITSM/PBF/68-01020		ได้รับคืนแล้ว	ประเภท: ยกเลิก | สัญญา: LITSM/PBF/68-01020 | วันจ่ายเช็ค: 2025-05-02 | วันจ่ายเงิน: ยกเลิก | วันรับเช็คคืน: 2025-06-18
chk_fed42196	10159720	2025-06-02	บริษัท ลีซ อิท จำกัด (มหาชน)	550000	KTB	1079	LITSM/PBF/68-01021		ได้รับคืนแล้ว	ประเภท: ยกเลิก | สัญญา: LITSM/PBF/68-01021  | วันจ่ายเงิน: ยกเลิก | วันรับเช็คคืน: 2025-06-18
chk_4513ee16	10159721	2025-06-18	บริษัท ลีซ อิท จำกัด (มหาชน)	2700000	KTB	1079	LITSM/PBF/68-02035		รอรับคืน	ประเภท: ค้ำเงินต้น | สัญญา: LITSM/PBF/68-02035 | วันจ่ายเช็ค: 2025-05-17 | วันจ่ายเงิน: รอรับคืน | วันรับเช็คคืน: รอรับคืน
chk_b3198a35	10159722	2025-06-18	บริษัท ลีซ อิท จำกัด (มหาชน)	550000	KTB	1079	LITSM/PBF/68-02034		ได้รับคืนแล้ว	ประเภท: ยกเลิก | สัญญา: LITSM/PBF/68-02034 | วันจ่ายเงิน: ยกเลิก | วันรับเช็คคืน: 2025-06-18
chk_39f328cd	10159723	2025-06-18	บริษัท ลีซ อิท จำกัด (มหาชน)	550000	KTB	1079	LITSM/PBF/68-02033		ได้รับคืนแล้ว	ประเภท: ยกเลิก | สัญญา: LITSM/PBF/68-02033 | วันจ่ายเงิน: ยกเลิก | วันรับเช็คคืน: 2025-06-18
chk_5d28af4f	10159724	2025-06-18	บริษัท ลีซ อิท จำกัด (มหาชน)	550000	KTB	1079	LITSM/PBF/68-02032		ได้รับคืนแล้ว	ประเภท: ค้ำเงินต้น | สัญญา: LITSM/PBF/68-02032 | วันจ่ายเช็ค: 2025-05-17 | วันรับเช็คคืน: 2025-07-08
chk_9767c6ef	10159725	2025-06-18	บริษัท ลีซ อิท จำกัด (มหาชน)	550000	KTB	1079	LITSM/PBF/68-02031		ได้รับคืนแล้ว	ประเภท: ยกเลิก | สัญญา: LITSM/PBF/68-02031 | วันจ่ายเงิน: ยกเลิก | วันรับเช็คคืน: 2025-06-18
chk_6adefb98	10159726	2025-06-23	บริษัท ลีซ อิท จำกัด (มหาชน)	550000	KTB	1079	LITSM/PBF/68-02038		ได้รับคืนแล้ว	ประเภท: ยกเลิก | สัญญา: LITSM/PBF/68-02038 | วันจ่ายเช็ค: 2025-05-21 | วันจ่ายเงิน: ยกเลิก | วันรับเช็คคืน: 2025-06-18
chk_9b9ca654	10159727	2025-06-23	บริษัท ลีซ อิท จำกัด (มหาชน)	550000	KTB	1079	LITSM/PBF/68-02039		ได้รับคืนแล้ว	ประเภท: ยกเลิก | สัญญา: LITSM/PBF/68-02039 | วันจ่ายเช็ค: 2025-05-21 | วันจ่ายเงิน: ยกเลิก | วันรับเช็คคืน: 2025-06-18
chk_43f0d1aa	10159728	2025-06-23	บริษัท ลีซ อิท จำกัด (มหาชน)	550000	KTB	1079	LITSM/PBF/68-02040		ได้รับคืนแล้ว	ประเภท: ยกเลิก | สัญญา: LITSM/PBF/68-02040 | วันจ่ายเช็ค: 2025-05-21 | วันจ่ายเงิน: ยกเลิก | วันรับเช็คคืน: 2025-06-18
chk_3fd7601d	10159729	2025-06-23	บริษัท ลีซ อิท จำกัด (มหาชน)	550000	KTB	1079	LITSM/PBF/68-02041		ได้รับคืนแล้ว	ประเภท: ยกเลิก | สัญญา: LITSM/PBF/68-02041 | วันจ่ายเช็ค: 2025-05-21 | วันจ่ายเงิน: ยกเลิก | วันรับเช็คคืน: 2025-06-18
chk_fecd10b1	10159730	2025-06-23	บริษัท ลีซ อิท จำกัด (มหาชน)	550000	KTB	1079	LITSM/PBF/68-02042		ได้รับคืนแล้ว	ประเภท: ค้ำเงินต้น | สัญญา: LITSM/PBF/68-02042 | วันจ่ายเช็ค: 2025-05-21 | วันรับเช็คคืน: 2025-07-08
chk_c6c4a16c	10159731	2025-06-23	บริษัท ลีซ อิท จำกัด (มหาชน)	1700000	KTB	1079	LITSM/PBF/68-02048		รอรับคืน	ประเภท: ค้ำเงินต้น | สัญญา: LITSM/PBF/68-02048 | วันจ่ายเช็ค: 2025-05-21 | วันจ่ายเงิน: รอรับคืน | วันรับเช็คคืน: รอรับคืน
chk_0769815d	10159732	2025-06-23	บริษัท ลีซ อิท จำกัด (มหาชน)	2700000	KTB	1079	LITSM/PBF/68-02050		ได้รับคืนแล้ว	ประเภท: ค้ำเงินต้น | สัญญา: LITSM/PBF/68-02050 | วันจ่ายเช็ค: 2025-05-21 | วันรับเช็คคืน: 2025-07-08
chk_3be2e78d	10159733	2025-06-23	บริษัท ลีซ อิท จำกัด (มหาชน)	2700000	KTB	1079	LITSM/PBF/68-02051		ได้รับคืนแล้ว	ประเภท: ค้ำเงินต้น | สัญญา: LITSM/PBF/68-02051 | วันจ่ายเช็ค: 2025-05-21 | วันรับเช็คคืน: 2025-07-08
chk_00098bdc	10159734	2025-06-23	บริษัท ลีซ อิท จำกัด (มหาชน)	2700000	KTB	1079	LITSM/PBF/68-02052		ได้รับคืนแล้ว	ประเภท: ค้ำเงินต้น | สัญญา: LITSM/PBF/68-02052 | วันจ่ายเช็ค: 2025-05-21 | วันรับเช็คคืน: 2025-07-08
chk_90937ac0	10064924	2025-07-01	บริษัท เอฟเอส แคปปิตอล จำกัด	2662500	KTB	9867702441			ได้รับคืนแล้ว	ประเภท: ดอกเบี้ยและเงินต้น | หมายเหตุ: เช็คเงินต้นและดอกเบี้ย งวดที่ 4/6 | วันจ่ายเช็ค: 2025-03-20 | วันรับเช็คคืน: 2025-07-24
chk_1bcae895	10159735	2025-07-02	บริษัท ลีซ อิท จำกัด (มหาชน)	550000	KTB	1079	LITSM/PBF/68-01018		ยกเลิก/ลงนามไม่ทัน	ประเภท: ยกเลิก | สัญญา: LITSM/PBF/68-01018 | วันจ่ายเช็ค: ไม่ได้จ่าย | วันจ่ายเงิน: ยกเลิก | วันรับเช็คคืน: ยกเลิก
chk_c00d459f	10159736	2025-07-02	บริษัท ลีซ อิท จำกัด (มหาชน)	550000	KTB	1079	LITSM/PBF/68-01019		ยกเลิก/ลงนามไม่ทัน	ประเภท: ยกเลิก | สัญญา: LITSM/PBF/68-01019 | วันจ่ายเช็ค: ไม่ได้จ่าย | วันจ่ายเงิน: ยกเลิก | วันรับเช็คคืน: ยกเลิก
chk_835e056b	10159737	2025-07-02	บริษัท ลีซ อิท จำกัด (มหาชน)	550000	KTB	1079	LITSM/PBF/68-01020		ยกเลิก/ลงนามไม่ทัน	ประเภท: ยกเลิก | สัญญา: LITSM/PBF/68-01020 | วันจ่ายเช็ค: ไม่ได้จ่าย | วันจ่ายเงิน: ยกเลิก | วันรับเช็คคืน: ยกเลิก
chk_991a3216	10159738	2025-07-02	บริษัท ลีซ อิท จำกัด (มหาชน)	3245000	KTB	1079	LITSM/PBF/68-01021		ยกเลิก/ลงนามไม่ทัน	ประเภท: ยกเลิก | สัญญา: LITSM/PBF/68-01021 | วันจ่ายเช็ค: ไม่ได้จ่าย | วันจ่ายเงิน: ยกเลิก | วันรับเช็คคืน: ยกเลิก
chk_02e6513c	10159739	2025-07-18	บริษัท ลีซ อิท จำกัด (มหาชน)	550000	KTB	1079	LISM/PBF/68-02032		ได้รับคืนแล้ว	ประเภท: ค้ำเงินต้น | สัญญา: LISM/PBF/68-02032 | วันจ่ายเช็ค: 2025-06-17 | วันรับเช็คคืน: 2025-07-08
chk_5ed8e932	10159740	2025-07-18	บริษัท ลีซ อิท จำกัด (มหาชน)	2700000	KTB	1079	LISM/PBF/68-02035			สัญญา: LISM/PBF/68-02035 | วันจ่ายเช็ค: 2025-06-17
chk_84a74a7a	10159741	2025-07-23	บริษัท ลีซ อิท จำกัด (มหาชน)	550000	KTB	1079	LITSM/PBF/68-02042		ได้รับคืนแล้ว	ประเภท: ค้ำเงินต้น | สัญญา: LITSM/PBF/68-02042 | วันจ่ายเช็ค: 2025-06-17 | วันรับเช็คคืน: 2025-07-08
chk_593bb01f	10159742	2025-07-23	บริษัท ลีซ อิท จำกัด (มหาชน)	1700000	KTB	1079	LITSM/PBF/68-02048			สัญญา: LITSM/PBF/68-02048 | วันจ่ายเช็ค: 2025-06-17
chk_3e7ea761	10064925	2025-08-01	บริษัท เอฟเอส แคปปิตอล จำกัด	2662500	KTB	9867702441			ได้รับคืนแล้ว	ประเภท: ดอกเบี้ยและเงินต้น | หมายเหตุ: เช็คเงินต้นและดอกเบี้ย งวดที่ 5/6 | วันจ่ายเช็ค: 2025-03-20 | วันรับเช็คคืน: 2025-07-24
chk_157297ad	10064926	2025-08-01	บริษัท เอฟเอส แคปปิตอล จำกัด	2662500	KTB	9867702441			ได้รับคืนแล้ว	ประเภท: ดอกเบี้ยและเงินต้น | หมายเหตุ: เช็คเงินต้นและดอกเบี้ย งวดที่ 6/6 | วันจ่ายเช็ค: 2025-03-20 | วันรับเช็คคืน: 2025-07-24
chk_b4eeaf24	10159765	2025-12-21	บริษัท ลีซ อิท จำกัด (มหาชน)	237207.32	กรุงไทย	1079	LITSM/PBF/68-11201		ขึ้นเงินแล้ว	ประเภท: ค้ำเงินต้น | สัญญา: LITSM/PBF/68-11201 | วันจ่ายเช็ค: 2025-11-28
chk_be6ae6f2	10159743	2025-12-25	บริษัท ลีซ อิท จำกัด (มหาชน)	695000	กรุงไทย	1079	LITSM/PBF/68-11193		ขึ้นเงินแล้ว	ประเภท: เงินต้นและดอกเบี้ย | สัญญา: LITSM/PBF/68-11193 | วันจ่ายเช็ค: 2025-11-26
chk_68b7585b	10272501	2025-12-30	บริษัท ลีซ อิท จำกัด (มหาชน)	2080000	กรุงไทย	2441	LITSM/PBF/68-12220		ขึ้นเงินแล้ว	ประเภท: ค่าจัดตั้งวงเงิน | สัญญา: LITSM/PBF/68-12220 | วันจ่ายเช็ค: 2025-12-30
chk_7cd710ba	10272502	2025-12-30	บริษัท ลีซ อิท จำกัด (มหาชน)	485060	กรุงไทย	2441	LITSM/PBF/68-12220		ขึ้นเงินแล้ว	ประเภท: ค่าวิเคราะห์สินเชื่อ | สัญญา: LITSM/PBF/68-12220 | วันจ่ายเช็ค: 2025-12-30
chk_9e537814	10272503	2025-12-30	บริษัท ลีซ อิท จำกัด (มหาชน)	10065	กรุงไทย	2441	LITSM/PBF/68-12220		ขึ้นเงินแล้ว	ประเภท: ค่าอากรแสตมป์สัญญากู้ | สัญญา: LITSM/PBF/68-12220 | วันจ่ายเช็ค: 2025-12-30
chk_62a8a165	10159749	2026-01-21	บริษัท ลีซ อิท จำกัด (มหาชน)	144595.89	กรุงไทย	1079	LITSM/PBF/68-12215			ประเภท: ดอกเบี้ย | สัญญา: LITSM/PBF/68-12215 | วันจ่ายเช็ค: 2025-12-19 | วันจ่ายเงิน: 2026-01-21
chk_466ed542	10159764	2026-01-21	บริษัท ลีซ อิท จำกัด (มหาชน)	237207.32	กรุงไทย	1079	LITSM/PBF/68-11201			ประเภท: ดอกเบี้ย | สัญญา: LITSM/PBF/68-11201 | วันจ่ายเช็ค: 2025-11-28 | วันจ่ายเงิน: 2026-01-21
chk_5afe61c0	10159744	2026-01-26	บริษัท ลีซ อิท จำกัด (มหาชน)	695000	กรุงไทย	1079	LITSM/PBF/68-11193			ประเภท: เงินต้นและดอกเบี้ย | สัญญา: LITSM/PBF/68-11193 | วันจ่ายเช็ค: 2025-11-26 | วันจ่ายเงิน: 2026-01-26
chk_8c8c5e4d	10159748	2026-02-21	บริษัท ลีซ อิท จำกัด (มหาชน)	130602.73	กรุงไทย	1079	LITSM/PBF/68-12215			ประเภท: ดอกเบี้ย | สัญญา: LITSM/PBF/68-12215 | วันจ่ายเช็ค: 2025-12-19 | วันจ่ายเงิน: 2026-02-21
chk_543db51f	10159763	2026-02-21	บริษัท ลีซ อิท จำกัด (มหาชน)	214251.79	กรุงไทย	1079	LITSM/PBF/68-11201			ประเภท: ดอกเบี้ย | สัญญา: LITSM/PBF/68-11201 | วันจ่ายเช็ค: 2025-11-28 | วันจ่ายเงิน: 2026-02-21
chk_d4a1b4a6	10272505	2026-02-21	บริษัท ลีซ อิท จำกัด (มหาชน)	175695.22	กรุงไทย	2441	LITSM/PBF/68-12220 (ครั้งที่1) เงินต้น 15,268,750			ประเภท: ดอกเบี้ย | สัญญา: LITSM/PBF/68-12220 (ครั้งที่1) เงินต้น 15,268,750 | วันจ่ายเช็ค: 2026-02-03 | วันจ่ายเงิน: 2026-02-21
chk_7e4e7bf9	10063558	2026-02-25	บริษัท ลีซ อิท จำกัด (มหาชน)	695000	กรุงไทย	2441	LITSM/PBF/68-11193		เช็คเด้ง / โอนไปแทน	ประเภท: เงินต้นและดอกเบี้ย | สัญญา: LITSM/PBF/68-11193 | วันจ่ายเช็ค: 2025-11-26 | วันจ่ายเงิน: 2026-02-25
chk_fa962ea0	10272556	2026-03-15	บริษัท เอฟเอส แคปปิตอล จำกัด	933333.33	กรุงไทย	2441	TBBBTL-26010002			ประเภท: เงินต้นและดอกเบี้ย | สัญญา: TBBBTL-26010002 | วันจ่ายเช็ค: 2026-02-20
chk_ebdc508b	10159756	2026-03-15	บริษัท เอฟเอส แคปปิตอล จำกัด	933333.33	กรุงไทย	1079	TBBBTL-26010002		ยกเลิก/ต้องใช้ 2441 เท่านั้น	ประเภท: เงินต้นและดอกเบี้ย | สัญญา: TBBBTL-26010002 | วันจ่ายเช็ค: 2026-02-20
chk_bd96f6ca	10159747	2026-03-21	บริษัท ลีซ อิท จำกัด (มหาชน)	144595.89	กรุงไทย	1079	LITSM/PBF/68-12215			ประเภท: ดอกเบี้ย | สัญญา: LITSM/PBF/68-12215 | วันจ่ายเช็ค: 2025-12-19
chk_62552acc	10159751	2026-03-21	บริษัท ลีซ อิท จำกัด (มหาชน)	215976.58	กรุงไทย	1079	LITSM/PBF/68-12220 (ครั้งที่2) เงินต้น 16,593,000 บาท			ประเภท: ดอกเบี้ย | สัญญา: LITSM/PBF/68-12220 (ครั้งที่2) เงินต้น 16,593,000 บาท | วันจ่ายเช็ค: 2026-03-12
chk_8ac6385c	10159762	2026-03-21	บริษัท ลีซ อิท จำกัด (มหาชน)	99474.04	กรุงไทย	1079	LITSM/PBF/68-11201			ประเภท: ดอกเบี้ย | สัญญา: LITSM/PBF/68-11201 | วันจ่ายเช็ค: 2025-11-28
chk_8ec53503	10272506	2026-03-21	บริษัท ลีซ อิท จำกัด (มหาชน)	194519.69	กรุงไทย	2441	LITSM/PBF/68-12220 (ครั้งที่1) เงินต้น 15,268,750			ประเภท: ดอกเบี้ย | สัญญา: LITSM/PBF/68-12220 (ครั้งที่1) เงินต้น 15,268,750 | วันจ่ายเช็ค: 2026-02-03
chk_eb1180e1	10063559	2026-03-25	บริษัท ลีซ อิท จำกัด (มหาชน)	695000	กรุงไทย	2441	LITSM/PBF/68-11193			ประเภท: เงินต้นและดอกเบี้ย | สัญญา: LITSM/PBF/68-11193 | วันจ่ายเช็ค: 2025-11-26
chk_0f4a9be0	10272533	2026-04-01	บริษัท เอฟเอส แคปปิตอล จำกัด	933333.33	กรุงไทย	2441	TBBBTL-26010002		ยกเลิก/แก้ไขเป็นทุกวันที่ 15	ประเภท: เงินต้นและดอกเบี้ย | สัญญา: TBBBTL-26010002 | วันจ่ายเช็ค: 2026-02-20
chk_b805b404	10159761	2026-04-03	บริษัท ลีซ อิท จำกัด (มหาชน)	18619500	กรุงไทย	1079	LITSM/PBF/68-11201		ได้รับเช็คคืนแล้ว	ประเภท: ค้ำเงินต้น | หมายเหตุ: ได้รับเช็คคืนแล้ว | สัญญา: LITSM/PBF/68-11201 | วันจ่ายเช็ค: 2025-11-28 | วันรับเช็คคืน: 2026-04-20
chk_2a676daf	10272554	2026-04-15	บริษัท เอฟเอส แคปปิตอล จำกัด	933333.33	กรุงไทย	2441	TBBBTL-26010002			ประเภท: เงินต้นและดอกเบี้ย | สัญญา: TBBBTL-26010002 | วันจ่ายเช็ค: 2026-02-20
chk_25b46d15	10159755	2026-04-15	บริษัท เอฟเอส แคปปิตอล จำกัด	933333.33	กรุงไทย	1079	TBBBTL-26010002		ยกเลิก/ต้องใช้ 2441 เท่านั้น	ประเภท: เงินต้นและดอกเบี้ย | สัญญา: TBBBTL-26010002 | วันจ่ายเช็ค: 2026-02-20
chk_3a6f0a0a	10159752	2026-04-21	บริษัท ลีซ อิท จำกัด (มหาชน)	209009.59	กรุงไทย	1079	LITSM/PBF/68-12220 (ครั้งที่2) เงินต้น 16,593,000 บาท			ประเภท: ดอกเบี้ย | หมายเหตุ: เช็คเด้ง | สัญญา: LITSM/PBF/68-12220 (ครั้งที่2) เงินต้น 16,593,000 บาท | วันจ่ายเช็ค: 2026-03-12
chk_3e7ea083	10272507	2026-04-21	บริษัท ลีซ อิท จำกัด (มหาชน)	188244.86	กรุงไทย	2441	LITSM/PBF/68-12220 (ครั้งที่1) เงินต้น 15,268,750			ประเภท: ดอกเบี้ย | สัญญา: LITSM/PBF/68-12220 (ครั้งที่1) เงินต้น 15,268,750 | วันจ่ายเช็ค: 2026-02-03
chk_493b1264	10159774	2026-04-21	บริษัท ลีซ อิท จำกัด (มหาชน)	139903.78	กรุงไทย	1079	LITSM/PBF/68-12220 (ครั้งที่3) เงินต้น 11,347,750 บาท			ประเภท: ดอกเบี้ย | สัญญา: LITSM/PBF/68-12220 (ครั้งที่3) เงินต้น 11,347,750 บาท | วันจ่ายเช็ค: 2026-04-01
chk_b006d682	10159746	2026-04-21	บริษัท ลีซ อิท จำกัด (มหาชน)	4664.39	กรุงไทย	1079	LITSM/PBF/68-12215			ประเภท: ดอกเบี้ย | หมายเหตุ: ไม่ขึ้นเช็ค เนื่องจากคืนเงินต้นภายใน 21/4/69 | สัญญา: LITSM/PBF/68-12215 | วันจ่ายเช็ค: 2025-12-19
chk_a54f3778	10159745	2026-04-22	บริษัท ลีซ อิท จำกัด (มหาชน)	11350000	กรุงไทย	1079	LITSM/PBF/68-12215			ประเภท: ค้ำเงินต้น | สัญญา: LITSM/PBF/68-12215 | วันจ่ายเช็ค: 2025-12-19
chk_f6d3ee3d	10063560	2026-04-27	บริษัท ลีซ อิท จำกัด (มหาชน)	695000	กรุงไทย	2441	LITSM/PBF/68-11193			ประเภท: เงินต้นและดอกเบี้ย | สัญญา: LITSM/PBF/68-11193 | วันจ่ายเช็ค: 2025-11-26
chk_ce4a35f5	10272534	2026-05-01	บริษัท เอฟเอส แคปปิตอล จำกัด	933333.33	กรุงไทย	2441	TBBBTL-26010002		ยกเลิก/แก้ไขเป็นทุกวันที่ 15	ประเภท: เงินต้นและดอกเบี้ย | สัญญา: TBBBTL-26010002 | วันจ่ายเช็ค: 2026-02-20
chk_5f100528	10272555	2026-05-15	บริษัท เอฟเอส แคปปิตอล จำกัด	933333.33	กรุงไทย	2441	TBBBTL-26010002			ประเภท: เงินต้นและดอกเบี้ย | สัญญา: TBBBTL-26010002 | วันจ่ายเช็ค: 2026-02-20
chk_e403c42d	10159757	2026-05-15	บริษัท เอฟเอส แคปปิตอล จำกัด	933333.33	กรุงไทย	1079	TBBBTL-26010002		ยกเลิก/ต้องใช้ 2441 เท่านั้น	ประเภท: เงินต้นและดอกเบี้ย | สัญญา: TBBBTL-26010002 | วันจ่ายเช็ค: 2026-02-20
chk_33da0b1e	10159753	2026-05-21	บริษัท ลีซ อิท จำกัด (มหาชน)	215976.58	กรุงไทย	1079	LITSM/PBF/68-12220 (ครั้งที่2) เงินต้น 16,593,000 บาท			ประเภท: ดอกเบี้ย | สัญญา: LITSM/PBF/68-12220 (ครั้งที่2) เงินต้น 16,593,000 บาท | วันจ่ายเช็ค: 2026-03-12
chk_aad48ea0	10272508	2026-05-21	บริษัท ลีซ อิท จำกัด (มหาชน)	87847.62	กรุงไทย	2441	LITSM/PBF/68-12220 (ครั้งที่1) เงินต้น 15,268,750			ประเภท: ดอกเบี้ย | สัญญา: LITSM/PBF/68-12220 (ครั้งที่1) เงินต้น 15,268,750 | วันจ่ายเช็ค: 2026-02-03
chk_8e2b61ce	10159779	2026-05-21	บริษัท ลีซ อิท จำกัด (มหาชน)	144567.24	กรุงไทย	1079	LITSM/PBF/68-12220 (ครั้งที่3) เงินต้น 11,347,750 บาท			ประเภท: ดอกเบี้ย | สัญญา: LITSM/PBF/68-12220 (ครั้งที่3) เงินต้น 11,347,750 บาท | วันจ่ายเช็ค: 2026-04-01
chk_fc2df362	10163350	2026-05-21	บริษัท ลีซ อิท จำกัด (มหาชน)	174820.89	กรุงไทย	1079	LITSM/PBF/68-12220 (ครั้งที่4) เงินต้น 13,722,500 บาท			ประเภท: ดอกเบี้ย | สัญญา: LITSM/PBF/68-12220 (ครั้งที่4) เงินต้น 13,722,500 บาท | วันจ่ายเช็ค: 2026-04-24
chk_ee37a0a0	10163363	2026-05-21	บริษัท ลีซ อิท จำกัด (มหาชน)	41391.37	กรุงไทย	1079	LITSM/PBF/68-12220 (ครั้งที่5) เงินต้น 3,249,000 บาท			ประเภท: ดอกเบี้ย | สัญญา: LITSM/PBF/68-12220 (ครั้งที่5) เงินต้น 3,249,000 บาท | วันจ่ายเช็ค: 2026-05-18
chk_173f8b45	10272535	2026-06-01	บริษัท เอฟเอส แคปปิตอล จำกัด	933333.33	กรุงไทย	2441	TBBBTL-26010002		ยกเลิก/แก้ไขเป็นทุกวันที่ 15	ประเภท: เงินต้นและดอกเบี้ย | สัญญา: TBBBTL-26010002 | วันจ่ายเช็ค: 2026-02-20
chk_5d94a307	10064912	2026-05-25	บริษัท ลีซ อิท จำกัด (มหาชน)	695000	กรุงไทย	2441	LITSM/PBF/68-11193			ประเภท: เงินต้นและดอกเบี้ย | สัญญา: LITSM/PBF/68-11193 | วันจ่ายเช็ค: 2025-11-26
chk_a71b2b87	10272504	2026-06-04	บริษัท ลีซ อิท จำกัด (มหาชน)	15268750	กรุงไทย	2441	LITSM/PBF/68-12220 (ครั้งที่1) เงินต้น 15,268,750			ประเภท: ค้ำเงินต้น | สัญญา: LITSM/PBF/68-12220 (ครั้งที่1) เงินต้น 15,268,750 | วันจ่ายเช็ค: 2026-03-02
chk_de53b5bd	10159758	2026-06-15	บริษัท เอฟเอส แคปปิตอล จำกัด	933333.33	กรุงไทย	1079	TBBBTL-26010002		ยกเลิก/ต้องใช้ 2441 เท่านั้น	ประเภท: เงินต้นและดอกเบี้ย | สัญญา: TBBBTL-26010002 | วันจ่ายเช็ค: 2026-02-20
chk_ec008e37	10272545	2026-06-15	บริษัท เอฟเอส แคปปิตอล จำกัด	933333.33	กรุงไทย	2441	TBBBTL-26010002			ประเภท: เงินต้นและดอกเบี้ย | สัญญา: TBBBTL-26010002 | วันจ่ายเช็ค: 2026-02-20
chk_b160bfcf	10159754	2026-06-21	บริษัท ลีซ อิท จำกัด (มหาชน)	153273.66	กรุงไทย	1079	LITSM/PBF/68-12220 (ครั้งที่2) เงินต้น 16,593,000 บาท			ประเภท: ดอกเบี้ย | สัญญา: LITSM/PBF/68-12220 (ครั้งที่2) เงินต้น 16,593,000 บาท | วันจ่ายเช็ค: 2026-03-12
chk_d587c8d4	10163342	2026-06-21	บริษัท ลีซ อิท จำกัด (มหาชน)	139903.78	กรุงไทย	1079	LITSM/PBF/68-12220 (ครั้งที่3) เงินต้น 11,347,750 บาท			ประเภท: ดอกเบี้ย | สัญญา: LITSM/PBF/68-12220 (ครั้งที่3) เงินต้น 11,347,750 บาท | วันจ่ายเช็ค: 2026-04-01
chk_f4ed82d6	10163349	2026-06-21	บริษัท ลีซ อิท จำกัด (มหาชน)	169181.5	กรุงไทย	1079	LITSM/PBF/68-12220 (ครั้งที่4) เงินต้น 13,722,500 บาท			ประเภท: ดอกเบี้ย | สัญญา: LITSM/PBF/68-12220 (ครั้งที่4) เงินต้น 13,722,500 บาท | วันจ่ายเช็ค: 2026-04-24
chk_c65b2493	10272536	2026-07-01	บริษัท เอฟเอส แคปปิตอล จำกัด	933333.33	กรุงไทย	2441	TBBBTL-26010002		ยกเลิก/แก้ไขเป็นทุกวันที่ 15	ประเภท: เงินต้นและดอกเบี้ย | สัญญา: TBBBTL-26010002 | วันจ่ายเช็ค: 2026-02-20
chk_8c10f452	10163364	2026-06-21	บริษัท ลีซ อิท จำกัด (มหาชน)	40056.16	กรุงไทย	1079	LITSM/PBF/68-12220 (ครั้งที่5) เงินต้น 3,249,000 บาท			ประเภท: เงินต้นและดอกเบี้ย | สัญญา: LITSM/PBF/68-12220 (ครั้งที่5) เงินต้น 3,249,000 บาท | วันจ่ายเช็ค: 2026-05-18
chk_56f9df2b	10064913	2026-06-25	บริษัท ลีซ อิท จำกัด (มหาชน)	695000	กรุงไทย	2441	LITSM/PBF/68-11193			ประเภท: ดอกเบี้ย | สัญญา: LITSM/PBF/68-11193 | วันจ่ายเช็ค: 2025-11-26
chk_6124c4a8	10159759	2026-07-15	บริษัท เอฟเอส แคปปิตอล จำกัด	933333.33	กรุงไทย	1079	TBBBTL-26010002		ยกเลิก/ต้องใช้ 2441 เท่านั้น	ประเภท: เงินต้นและดอกเบี้ย | สัญญา: TBBBTL-26010002 | วันจ่ายเช็ค: 2026-02-20
chk_9e2bb1a9	10159750	2026-07-13	บริษัท ลีซ อิท จำกัด (มหาชน)	16593000	กรุงไทย	1079	LITSM/PBF/68-12220 (ครั้งที่2) เงินต้น 16,593,000 บาท			ประเภท: ค้ำเงินต้น | สัญญา: LITSM/PBF/68-12220 (ครั้งที่2) เงินต้น 16,593,000 บาท | วันจ่ายเช็ค: 2026-03-12
chk_8061acfc	10272546	2026-07-15	บริษัท เอฟเอส แคปปิตอล จำกัด	933333.33	กรุงไทย	2441	TBBBTL-26010002			ประเภท: เงินต้นและดอกเบี้ย | สัญญา: TBBBTL-26010002 | วันจ่ายเช็ค: 2026-02-20
chk_23da9699	10163341	2026-07-21	บริษัท ลีซ อิท จำกัด (มหาชน)	41971.11	กรุงไทย	1079	LITSM/PBF/68-12220 (ครั้งที่3) เงินต้น 11,347,750 บาท			ประเภท: เงินต้นและดอกเบี้ย | สัญญา: LITSM/PBF/68-12220 (ครั้งที่3) เงินต้น 11,347,750 บาท | วันจ่ายเช็ค: 2026-04-01
chk_6bf5f115	10163348	2026-07-21	บริษัท ลีซ อิท จำกัด (มหาชน)	174820.89	กรุงไทย	1079	LITSM/PBF/68-12220 (ครั้งที่4) เงินต้น 13,722,500 บาท			ประเภท: เงินต้นและดอกเบี้ย | สัญญา: LITSM/PBF/68-12220 (ครั้งที่4) เงินต้น 13,722,500 บาท | วันจ่ายเช็ค: 2026-04-24
chk_b5dc7f37	10272537	2026-08-01	บริษัท เอฟเอส แคปปิตอล จำกัด	933333.33	กรุงไทย	2441	TBBBTL-26010002		ยกเลิก/แก้ไขเป็นทุกวันที่ 15	ประเภท: เงินต้นและดอกเบี้ย | สัญญา: TBBBTL-26010002 | วันจ่ายเช็ค: 2026-02-20
chk_d3640286	10163365	2026-07-21	บริษัท ลีซ อิท จำกัด (มหาชน)	41391.37	กรุงไทย	1079	LITSM/PBF/68-12220 (ครั้งที่5) เงินต้น 3,249,000 บาท			ประเภท: เงินต้นและดอกเบี้ย | สัญญา: LITSM/PBF/68-12220 (ครั้งที่5) เงินต้น 3,249,000 บาท | วันจ่ายเช็ค: 2026-05-18
chk_15fb708f	10159760	2026-08-15	บริษัท เอฟเอส แคปปิตอล จำกัด	933333.33	กรุงไทย	1079	TBBBTL-26010002		ยกเลิก/ต้องใช้ 2441 เท่านั้น	ประเภท: เงินต้นและดอกเบี้ย | สัญญา: TBBBTL-26010002 | วันจ่ายเช็ค: 2026-02-20
chk_b8d93b17	10064914	2026-07-27	บริษัท ลีซ อิท จำกัด (มหาชน)	695000	กรุงไทย	2441	LITSM/PBF/68-11193			ประเภท: เงินต้นและดอกเบี้ย | สัญญา: LITSM/PBF/68-11193 | วันจ่ายเช็ค: 2025-11-26
chk_521a6631	10159780	2026-07-30	บริษัท ลีซ อิท จำกัด (มหาชน)	11347750	กรุงไทย	1079	LITSM/PBF/68-12220 (ครั้งที่3) เงินต้น 11,347,750 บาท			ประเภท: ค้ำเงินต้น | สัญญา: LITSM/PBF/68-12220 (ครั้งที่3) เงินต้น 11,347,750 บาท | วันจ่ายเช็ค: 2026-04-01
chk_715e3f7d	10272547	2026-08-15	บริษัท เอฟเอส แคปปิตอล จำกัด	933333.33	กรุงไทย	2441	TBBBTL-26010002			ประเภท: เงินต้นและดอกเบี้ย | สัญญา: TBBBTL-26010002 | วันจ่ายเช็ค: 2026-02-20
chk_5c299c5f	10272538	2026-09-01	บริษัท เอฟเอส แคปปิตอล จำกัด	933333.33	กรุงไทย	2441	TBBBTL-26010002		ยกเลิก/แก้ไขเป็นทุกวันที่ 15	ประเภท: เงินต้นและดอกเบี้ย | สัญญา: TBBBTL-26010002 | วันจ่ายเช็ค: 2026-02-20
chk_9f14d96c	10163347	2026-08-21	บริษัท ลีซ อิท จำกัด (มหาชน)	28196.91	กรุงไทย	1079	LITSM/PBF/68-12220 (ครั้งที่4) เงินต้น 13,722,500 บาท			ประเภท: เงินต้นและดอกเบี้ย | สัญญา: LITSM/PBF/68-12220 (ครั้งที่4) เงินต้น 13,722,500 บาท | วันจ่ายเช็ค: 2026-04-24
chk_9bb447f3	10159768	2026-09-15	บริษัท เอฟเอส แคปปิตอล จำกัด	933333.33	กรุงไทย	1079	TBBBTL-26010002		ยกเลิก/ต้องใช้ 2441 เท่านั้น	ประเภท: เงินต้นและดอกเบี้ย | สัญญา: TBBBTL-26010002 | วันจ่ายเช็ค: 2026-02-20
chk_61c47fc2	10163366	2026-08-21	บริษัท ลีซ อิท จำกัด (มหาชน)	34715.35	กรุงไทย	1079	LITSM/PBF/68-12220 (ครั้งที่5) เงินต้น 3,249,000 บาท			ประเภท: เงินต้นและดอกเบี้ย | สัญญา: LITSM/PBF/68-12220 (ครั้งที่5) เงินต้น 3,249,000 บาท | วันจ่ายเช็ค: 2026-05-18
chk_46735191	10272539	2026-10-01	บริษัท เอฟเอส แคปปิตอล จำกัด	933333.33	กรุงไทย	2441	TBBBTL-26010002		ยกเลิก/แก้ไขเป็นทุกวันที่ 15	ประเภท: เงินต้นและดอกเบี้ย | สัญญา: TBBBTL-26010002 | วันจ่ายเช็ค: 2026-02-20
chk_e5a7f0ad	10064915	2026-08-25	บริษัท ลีซ อิท จำกัด (มหาชน)	695000	กรุงไทย	2441	LITSM/PBF/68-11193			ประเภท: เงินต้นและดอกเบี้ย | สัญญา: LITSM/PBF/68-11193 | วันจ่ายเช็ค: 2025-11-26
chk_1f3b947f	10159769	2026-10-15	บริษัท เอฟเอส แคปปิตอล จำกัด	933333.33	กรุงไทย	1079	TBBBTL-26010002		ยกเลิก/ต้องใช้ 2441 เท่านั้น	ประเภท: เงินต้นและดอกเบี้ย | สัญญา: TBBBTL-26010002 | วันจ่ายเช็ค: 2026-02-20
chk_8272e9d5	10163351	2026-08-26	บริษัท ลีซ อิท จำกัด (มหาชน)	13722500	กรุงไทย	1079	LITSM/PBF/68-12220 (ครั้งที่4) เงินต้น 13,722,500 บาท			ประเภท: ค้ำเงินต้น | สัญญา: LITSM/PBF/68-12220 (ครั้งที่4) เงินต้น 13,722,500 บาท | วันจ่ายเช็ค: 2026-04-24
chk_d177e34e	10272540	2026-11-01	บริษัท เอฟเอส แคปปิตอล จำกัด	933333.33	กรุงไทย	2441	TBBBTL-26010002		ยกเลิก/แก้ไขเป็นทุกวันที่ 15	ประเภท: เงินต้นและดอกเบี้ย | สัญญา: TBBBTL-26010002 | วันจ่ายเช็ค: 2026-02-20
chk_67fdc39a	10272548	2026-09-15	บริษัท เอฟเอส แคปปิตอล จำกัด	933333.33	กรุงไทย	2441	TBBBTL-26010002			ประเภท: เงินต้นและดอกเบี้ย | สัญญา: TBBBTL-26010002 | วันจ่ายเช็ค: 2026-02-20
chk_43bac561	10159770	2026-11-15	บริษัท เอฟเอส แคปปิตอล จำกัด	933333.33	กรุงไทย	1079	TBBBTL-26010002		ยกเลิก/ต้องใช้ 2441 เท่านั้น	ประเภท: เงินต้นและดอกเบี้ย | สัญญา: TBBBTL-26010002 | วันจ่ายเช็ค: 2026-02-20
chk_53ce4f3e	10163362	2026-09-16	บริษัท ลีซ อิท จำกัด (มหาชน)	3249000	กรุงไทย	1079	LITSM/PBF/68-12220 (ครั้งที่5) เงินต้น 3,249,000 บาท			ประเภท: ค้ำเงินต้น | สัญญา: LITSM/PBF/68-12220 (ครั้งที่5) เงินต้น 3,249,000 บาท | วันจ่ายเช็ค: 2026-05-18
chk_f1afb49d	10272541	2026-12-01	บริษัท เอฟเอส แคปปิตอล จำกัด	933333.33	กรุงไทย	2441	TBBBTL-26010002		ยกเลิก/แก้ไขเป็นทุกวันที่ 15	ประเภท: เงินต้นและดอกเบี้ย | สัญญา: TBBBTL-26010002 | วันจ่ายเช็ค: 2026-02-20
chk_503d5fe5	10064916	2026-09-25	บริษัท ลีซ อิท จำกัด (มหาชน)	695000	กรุงไทย	2441	LITSM/PBF/68-11193			ประเภท: เงินต้นและดอกเบี้ย | สัญญา: LITSM/PBF/68-11193 | วันจ่ายเช็ค: 2025-11-26
chk_c28c94f5	10159771	2026-12-15	บริษัท เอฟเอส แคปปิตอล จำกัด	933333.33	กรุงไทย	1079	TBBBTL-26010002		ยกเลิก/ต้องใช้ 2441 เท่านั้น	ประเภท: เงินต้นและดอกเบี้ย | สัญญา: TBBBTL-26010002 | วันจ่ายเช็ค: 2026-02-20
chk_e436ef79	10272549	2026-10-15	บริษัท เอฟเอส แคปปิตอล จำกัด	933333.33	กรุงไทย	2441	TBBBTL-26010002			ประเภท: เงินต้นและดอกเบี้ย | สัญญา: TBBBTL-26010002 | วันจ่ายเช็ค: 2026-02-20
chk_4345fa0e	10272542	2027-01-01	บริษัท เอฟเอส แคปปิตอล จำกัด	933333.33	กรุงไทย	2441	TBBBTL-26010002		ยกเลิก/แก้ไขเป็นทุกวันที่ 15	ประเภท: เงินต้นและดอกเบี้ย | สัญญา: TBBBTL-26010002 | วันจ่ายเช็ค: 2026-02-20
chk_a0e0a73f	10064917	2026-10-26	บริษัท ลีซ อิท จำกัด (มหาชน)	695000	กรุงไทย	2441	LITSM/PBF/68-11193			ประเภท: เงินต้นและดอกเบี้ย | สัญญา: LITSM/PBF/68-11193 | วันจ่ายเช็ค: 2025-11-26
chk_af586485	10159772	2027-01-15	บริษัท เอฟเอส แคปปิตอล จำกัด	933333.33	กรุงไทย	1079	TBBBTL-26010002		ยกเลิก/ต้องใช้ 2441 เท่านั้น	ประเภท: เงินต้นและดอกเบี้ย | สัญญา: TBBBTL-26010002 | วันจ่ายเช็ค: 2026-02-20
chk_baa48ed1	10272550	2026-11-15	บริษัท เอฟเอส แคปปิตอล จำกัด	933333.33	กรุงไทย	2441	TBBBTL-26010002			ประเภท: เงินต้นและดอกเบี้ย | สัญญา: TBBBTL-26010002 | วันจ่ายเช็ค: 2026-02-20
chk_80207b86	10272543	2027-02-01	บริษัท เอฟเอส แคปปิตอล จำกัด	933333.33	กรุงไทย	2441	TBBBTL-26010002		ยกเลิก/แก้ไขเป็นทุกวันที่ 15	ประเภท: เงินต้นและดอกเบี้ย | สัญญา: TBBBTL-26010002 | วันจ่ายเช็ค: 2026-02-20
chk_f8c77e59	10064918	2026-11-25	บริษัท ลีซ อิท จำกัด (มหาชน)	695000	กรุงไทย	2441	LITSM/PBF/68-11193			ประเภท: เงินต้นและดอกเบี้ย | สัญญา: LITSM/PBF/68-11193 | วันจ่ายเช็ค: 2025-11-26
chk_6b1109c7	10159773	2027-02-15	บริษัท เอฟเอส แคปปิตอล จำกัด	933333.37	กรุงไทย	1079	TBBBTL-26010002		ยกเลิก/ต้องใช้ 2441 เท่านั้น	ประเภท: เงินต้นและดอกเบี้ย | สัญญา: TBBBTL-26010002 | วันจ่ายเช็ค: 2026-02-20
chk_d0076efb	10272551	2026-12-15	บริษัท เอฟเอส แคปปิตอล จำกัด	933333.33	กรุงไทย	2441	TBBBTL-26010002			ประเภท: เงินต้นและดอกเบี้ย | สัญญา: TBBBTL-26010002 | วันจ่ายเช็ค: 2026-02-20
chk_9a231d5c	10272544	2027-03-01	บริษัท เอฟเอส แคปปิตอล จำกัด	933333.37	กรุงไทย	2441	TBBBTL-26010002		ยกเลิก/แก้ไขเป็นทุกวันที่ 15	ประเภท: เงินต้นและดอกเบี้ย | สัญญา: TBBBTL-26010002 | วันจ่ายเช็ค: 2026-02-20
chk_a88f3e59	10064919	2026-12-25	บริษัท ลีซ อิท จำกัด (มหาชน)	695000	กรุงไทย	2441	LITSM/PBF/68-11193			ประเภท: เงินต้นและดอกเบี้ย | สัญญา: LITSM/PBF/68-11193 | วันจ่ายเช็ค: 2025-11-26
chk_61903ca2	10272552	2027-01-15	บริษัท เอฟเอส แคปปิตอล จำกัด	933333.33	กรุงไทย	2441	TBBBTL-26010002			ประเภท: เงินต้นและดอกเบี้ย | สัญญา: TBBBTL-26010002 | วันจ่ายเช็ค: 2026-02-20
chk_5e8d8706	10064920	2027-01-25	บริษัท ลีซ อิท จำกัด (มหาชน)	695000	กรุงไทย	2441	LITSM/PBF/68-11193			ประเภท: เงินต้นและดอกเบี้ย | สัญญา: LITSM/PBF/68-11193 | วันจ่ายเช็ค: 2025-11-26
chk_fbd84e3d	10272553	2027-02-15	บริษัท เอฟเอส แคปปิตอล จำกัด	933333.37	กรุงไทย	2441	TBBBTL-26010002			ประเภท: เงินต้นและดอกเบี้ย | สัญญา: TBBBTL-26010002 | วันจ่ายเช็ค: 2026-02-20
chk_a183dadc	10064927	2027-02-25	บริษัท ลีซ อิท จำกัด (มหาชน)	695000	กรุงไทย	2441	LITSM/PBF/68-11193			ประเภท: เงินต้นและดอกเบี้ย | สัญญา: LITSM/PBF/68-11193 | วันจ่ายเช็ค: 2025-11-26
chk_c8d176fc	10064928	2027-03-25	บริษัท ลีซ อิท จำกัด (มหาชน)	695000	กรุงไทย	2441	LITSM/PBF/68-11193			ประเภท: เงินต้นและดอกเบี้ย | สัญญา: LITSM/PBF/68-11193 | วันจ่ายเช็ค: 2025-11-26
chk_31f067b1	10064929	2027-04-26	บริษัท ลีซ อิท จำกัด (มหาชน)	695000	กรุงไทย	2441	LITSM/PBF/68-11193			ประเภท: เงินต้นและดอกเบี้ย | สัญญา: LITSM/PBF/68-11193 | วันจ่ายเช็ค: 2025-11-26
chk_2afb7266	10064930	2027-05-25	บริษัท ลีซ อิท จำกัด (มหาชน)	695000	กรุงไทย	2441	LITSM/PBF/68-11193			ประเภท: เงินต้นและดอกเบี้ย | สัญญา: LITSM/PBF/68-11193 | วันจ่ายเช็ค: 2025-11-26
chk_97839277	10064931	2027-06-25	บริษัท ลีซ อิท จำกัด (มหาชน)	695000	กรุงไทย	2441	LITSM/PBF/68-11193			ประเภท: เงินต้นและดอกเบี้ย | สัญญา: LITSM/PBF/68-11193 | วันจ่ายเช็ค: 2025-11-26
chk_ffc304be	10064932	2027-07-26	บริษัท ลีซ อิท จำกัด (มหาชน)	695000	กรุงไทย	2441	LITSM/PBF/68-11193			ประเภท: เงินต้นและดอกเบี้ย | สัญญา: LITSM/PBF/68-11193 | วันจ่ายเช็ค: 2025-11-26
chk_be81d146	10064933	2027-08-25	บริษัท ลีซ อิท จำกัด (มหาชน)	695000	กรุงไทย	2441	LITSM/PBF/68-11193			ประเภท: เงินต้นและดอกเบี้ย | สัญญา: LITSM/PBF/68-11193 | วันจ่ายเช็ค: 2025-11-26
chk_012c5e3d	10064934	2027-09-27	บริษัท ลีซ อิท จำกัด (มหาชน)	695000	กรุงไทย	2441	LITSM/PBF/68-11193			ประเภท: เงินต้นและดอกเบี้ย | สัญญา: LITSM/PBF/68-11193 | วันจ่ายเช็ค: 2025-11-26
chk_b3bf558d	10064935	2027-10-26	บริษัท ลีซ อิท จำกัด (มหาชน)	695000	กรุงไทย	2441	LITSM/PBF/68-11193			ประเภท: เงินต้นและดอกเบี้ย | สัญญา: LITSM/PBF/68-11193 | วันจ่ายเช็ค: 2025-11-26
chk_6159b1da	10064936	2027-11-25	บริษัท ลีซ อิท จำกัด (มหาชน)	695000	กรุงไทย	2441	LITSM/PBF/68-11193			ประเภท: เงินต้นและดอกเบี้ย | สัญญา: LITSM/PBF/68-11193 | วันจ่ายเช็ค: 2025-11-26
chk_5de3d496	10064937	2027-12-27	บริษัท ลีซ อิท จำกัด (มหาชน)	695000	กรุงไทย	2441	LITSM/PBF/68-11193			ประเภท: เงินต้นและดอกเบี้ย | สัญญา: LITSM/PBF/68-11193 | วันจ่ายเช็ค: 2025-11-26
chk_7f5c1de4	10064938	2028-01-25	บริษัท ลีซ อิท จำกัด (มหาชน)	695000	กรุงไทย	2441	LITSM/PBF/68-11193			ประเภท: เงินต้นและดอกเบี้ย | สัญญา: LITSM/PBF/68-11193 | วันจ่ายเช็ค: 2025-11-26
chk_22f81860	10064939	2028-02-25	บริษัท ลีซ อิท จำกัด (มหาชน)	695000	กรุงไทย	2441	LITSM/PBF/68-11193			ประเภท: เงินต้นและดอกเบี้ย | สัญญา: LITSM/PBF/68-11193 | วันจ่ายเช็ค: 2025-11-26
chk_e11dc169	10064940	2028-03-27	บริษัท ลีซ อิท จำกัด (มหาชน)	695000	กรุงไทย	2441	LITSM/PBF/68-11193			ประเภท: เงินต้นและดอกเบี้ย | สัญญา: LITSM/PBF/68-11193 | วันจ่ายเช็ค: 2025-11-26
chk_07da45f5	10064953	2028-04-25	บริษัท ลีซ อิท จำกัด (มหาชน)	695000	กรุงไทย	2441	LITSM/PBF/68-11193			ประเภท: เงินต้นและดอกเบี้ย | สัญญา: LITSM/PBF/68-11193 | วันจ่ายเช็ค: 2025-11-26
chk_370bedf8	10064954	2028-05-25	บริษัท ลีซ อิท จำกัด (มหาชน)	695000	กรุงไทย	2441	LITSM/PBF/68-11193			ประเภท: เงินต้นและดอกเบี้ย | สัญญา: LITSM/PBF/68-11193 | วันจ่ายเช็ค: 2025-11-26
chk_5ef8f9e5	10064955	2028-06-26	บริษัท ลีซ อิท จำกัด (มหาชน)	695000	กรุงไทย	2441	LITSM/PBF/68-11193			ประเภท: เงินต้นและดอกเบี้ย | สัญญา: LITSM/PBF/68-11193 | วันจ่ายเช็ค: 2025-11-26
chk_066758b6	10064956	2028-07-25	บริษัท ลีซ อิท จำกัด (มหาชน)	695000	กรุงไทย	2441	LITSM/PBF/68-11193			ประเภท: เงินต้นและดอกเบี้ย | สัญญา: LITSM/PBF/68-11193 | วันจ่ายเช็ค: 2025-11-26
chk_047e09c0	10064957	2028-08-25	บริษัท ลีซ อิท จำกัด (มหาชน)	695000	กรุงไทย	2441	LITSM/PBF/68-11193			ประเภท: เงินต้นและดอกเบี้ย | สัญญา: LITSM/PBF/68-11193 | วันจ่ายเช็ค: 2025-11-26
chk_5f7791fe	10064958	2028-09-25	บริษัท ลีซ อิท จำกัด (มหาชน)	695000	กรุงไทย	2441	LITSM/PBF/68-11193			ประเภท: เงินต้นและดอกเบี้ย | สัญญา: LITSM/PBF/68-11193 | วันจ่ายเช็ค: 2025-11-26
chk_9f24c379	10064959	2028-10-25	บริษัท ลีซ อิท จำกัด (มหาชน)	695000	กรุงไทย	2441	LITSM/PBF/68-11193			ประเภท: เงินต้นและดอกเบี้ย | สัญญา: LITSM/PBF/68-11193 | วันจ่ายเช็ค: 2025-11-26
chk_c900c51b	10064960	2028-11-27	บริษัท ลีซ อิท จำกัด (มหาชน)	581305.54	กรุงไทย	2441	LITSM/PBF/68-11193			ประเภท: เงินต้นและดอกเบี้ย | สัญญา: LITSM/PBF/68-11193 | วันจ่ายเช็ค: 2025-11-26