dm_33aadb9a	WCI-Project	STS-WTP670529-001-WCI	ENC002-PL-บ้านไร่ ม.8 ต.นายาง อ.สบปราบ จ.ลำปาง	Close			2024-05-24				2008000	0.10	THB	2024-05-15		2008000			ENC002	ENC002-PL-บ้านไร่ ม.8 ต.นายาง อ.สบปราบ จ.ลำปาง	WCI โอนสิทธิ์ ครั้งที่ 1 (ผูกกับ STS=STS-WTP670529-001)
dm_17434835	WCI-Project	STS-WTP670513-001(130)-WCI	PP001-PL-ม.8 ต.ท่าบอน อ.ระโนด จ.สงขลา	Close			2024-03-21				2160000	0.10	THB	2024-05-15		2160000			PP001	PP001-PL-ม.8 ต.ท่าบอน อ.ระโนด จ.สงขลา	WCI โอนสิทธิ์ ครั้งที่ 1 (ผูกกับ STS=STS-WTP670513-001(130))
dm_3f6fa32e	WCI-Project	STS-WTP670529-002-WCI	INS001-PL-บ้านนาขุม ม.1 ต.นาขุม อ.บ้านโคก จ.อุตรดิตถ์	Close			2024-05-23				2160000	0.10	THB	2024-05-15		2160000			INS001	INS001-PL-บ้านนาขุม ม.1 ต.นาขุม อ.บ้านโคก จ.อุตรดิตถ์	WCI โอนสิทธิ์ ครั้งที่ 1 (ผูกกับ STS=STS-WTP670529-002)
dm_18330793	WCI-Project	STS-WTP670529-003-WCI	PP002-PL-บ้านหารบัว ม.9 ต.ทุ่งนารี อ.ป่าบอน จ.พัทลุง	Close			2024-05-27				2008000	0.10	THB	2024-06-04		2008000			PP002	PP002-PL-บ้านหารบัว ม.9 ต.ทุ่งนารี อ.ป่าบอน จ.พัทลุง	WCI โอนสิทธิ์ ครั้งที่ 1 (ผูกกับ STS=STS-WTP670529-003)
dm_c34d3b21	WCI-Project	STS-WTP670529-004-WCI	TTI001-PL-บ้านหนองรี ม.5 ต.เมืองเก่า อ.กบินทร์บุรี จ.ปราจีนบุรี	Close			2024-05-28				2159600	0.10	THB	2024-06-04		2159600			TTI001	TTI001-PL-บ้านหนองรี ม.5 ต.เมืองเก่า อ.กบินทร์บุรี จ.ปราจีนบุรี	WCI โอนสิทธิ์ ครั้งที่ 1 (ผูกกับ STS=STS-WTP670529-004)
dm_c145918c	WCI-Project	STS-WTP670610-001(142)-WCI	ENC018-PL-บ้านเนินสำราญ ม.2 ต.ไทรงาม อ.ไทรงาม จ.กำแพงเพชร	Close			2024-06-11				2008000	0.10	THB	2024-06-05		2008000			ENC018	ENC018-PL-บ้านเนินสำราญ ม.2 ต.ไทรงาม อ.ไทรงาม จ.กำแพงเพชร	WCI โอนสิทธิ์ ครั้งที่ 1 (ผูกกับ STS=STS-WTP670610-001(142))
dm_14b74040	WCI-Project	STS-WTP670610-002(143)-WCI	STR007-PL-บ้านย่านยาว ม.3 ต.ย่านยาว อ.สามชุก จ.สุพรรณบุรี	Close			2024-06-10				2160000	0.10	THB	2024-06-07		2160000			STR007	STR007-PL-บ้านย่านยาว ม.3 ต.ย่านยาว อ.สามชุก จ.สุพรรณบุรี	WCI โอนสิทธิ์ ครั้งที่ 1 (ผูกกับ STS=STS-WTP670610-002(143))
dm_f908c59c	WCI-Project	STS-WTP670529-009 (140)-WCI	ENC001-PL-บ้านนา ม.2 ต.บ้านนา อ.วชิรบารมี จ.พิจิตร	Close			2024-05-24				2160000	0.10	THB	2024-06-19		2160000			ENC001	ENC001-PL-บ้านนา ม.2 ต.บ้านนา อ.วชิรบารมี จ.พิจิตร	WCI โอนสิทธิ์ ครั้งที่ 1 (ผูกกับ STS=STS-WTP670529-009 (140))
dm_ad30eab0	WCI-Project	STS-WTP670529-005 (136)-WCI	ENC006-PL-บ้านโนนสะอาด ม.2 ต.บ้านแวง อ.พุทไธสง จ.บุรีรัมย์	Close			2024-05-27				2160000	0.10	THB	2024-06-21		2160000			ENC006	ENC006-PL-บ้านโนนสะอาด ม.2 ต.บ้านแวง อ.พุทไธสง จ.บุรีรัมย์	WCI โอนสิทธิ์ ครั้งที่ 1 (ผูกกับ STS=STS-WTP670529-005 (136))
dm_2ce8b546	WCI-Project	STS-WTP670529-006 (137)-WCI	ENC005-PL-บ้านแวง ม.1 ต.บ้านแวง อ.พุทไธสง จ.บุรีรัมย์	Close			2024-05-27				2160000	0.10	THB	2024-06-21		2160000			ENC005	ENC005-PL-บ้านแวง ม.1 ต.บ้านแวง อ.พุทไธสง จ.บุรีรัมย์	WCI โอนสิทธิ์ ครั้งที่ 1 (ผูกกับ STS=STS-WTP670529-006 (137))
dm_a0faaca2	WCI-Project	STS-WTP670529-007 (138)-WCI	ENC007-PL-บ้านสระแวง ม.7 ต.บ้านแวง อ.พุทไธสง จ.บุรีรัมย์	Close			2024-05-27				2160000	0.10	THB	2024-06-21		2160000			ENC007	ENC007-PL-บ้านสระแวง ม.7 ต.บ้านแวง อ.พุทไธสง จ.บุรีรัมย์	WCI โอนสิทธิ์ ครั้งที่ 1 (ผูกกับ STS=STS-WTP670529-007 (138))
dm_a24f7c31	WCI-Project	STS-WTP670529-008 (139)-WCI	ENC003-PL-บ้านทรายขาว ม.7 ต.ศรีดงเย็น อ.ไชยปราการ จ.เชียงใหม่	Close			2024-05-24				2160000	0.10	THB	2024-06-21		2160000			ENC003	ENC003-PL-บ้านทรายขาว ม.7 ต.ศรีดงเย็น อ.ไชยปราการ จ.เชียงใหม่	WCI โอนสิทธิ์ ครั้งที่ 1 (ผูกกับ STS=STS-WTP670529-008 (139))
dm_2ea1e584	WCI-Project	STS-WTP670627-001(145)-WCI	PP003-PL-บ้านม่วง ม.3 ต.เขาย่า อ.ศรีบรรพต จ.พัทลุง	Close			2024-05-28				2080000	0.10	THB	2024-06-27		2080000			PP003	PP003-PL-บ้านม่วง ม.3 ต.เขาย่า อ.ศรีบรรพต จ.พัทลุง	WCI โอนสิทธิ์ ครั้งที่ 1 (ผูกกับ STS=STS-WTP670627-001(145))
dm_db831ef1	WCI-Project	STS-WTP670627-001(146)-WCI	ENC008-PM-บ้านหนองพนัง ม.1 ต.โป่งน้ำร้อน อ.ฝาง จ.เชียงใหม่	Close			2024-05-28				1360000	0.10	THB	2024-06-27		1360000			ENC008	ENC008-PM-บ้านหนองพนัง ม.1 ต.โป่งน้ำร้อน อ.ฝาง จ.เชียงใหม่	WCI โอนสิทธิ์ ครั้งที่ 1 (ผูกกับ STS=STS-WTP670627-001(146))
dm_24b3107b	WCI-Project	STS-WTP670627-001(147)-WCI	ENC017-PM-บ้านจิตเสือเต้น ม.4 ต.เขาเจ็ดลูก อ.ทับคล้อ จ.พิจิตร	Close			2024-06-10				2008000	0.10	THB	2024-06-27		2008000			ENC017	ENC017-PM-บ้านจิตเสือเต้น ม.4 ต.เขาเจ็ดลูก อ.ทับคล้อ จ.พิจิตร	WCI โอนสิทธิ์ ครั้งที่ 1 (ผูกกับ STS=STS-WTP670627-001(147))
dm_514445af	WCI-Project	STS-WTP670627-001(148)-WCI	ENC004-PL-บ้านหว้า ม.2 ต.ตาเสา อ.ห้วยราช จ.บุรีรัมย์	Close			2024-05-27				2008000	0.10	THB	2024-06-27		2008000			ENC004	ENC004-PL-บ้านหว้า ม.2 ต.ตาเสา อ.ห้วยราช จ.บุรีรัมย์	WCI โอนสิทธิ์ ครั้งที่ 1 (ผูกกับ STS=STS-WTP670627-001(148))
dm_e4808789	WCI-Project	STS-WTP670529-010(141)-WCI	INS002-PL-บ้านหลวงป่ายาง ม.2 ต.น้ำอ่าง อ.ตรอน จ.อุตรดิตถ์	Close			2024-05-27				2008000	0.10	THB	2024-07-12		2008000			INS002	INS002-PL-บ้านหลวงป่ายาง ม.2 ต.น้ำอ่าง อ.ตรอน จ.อุตรดิตถ์	WCI โอนสิทธิ์ ครั้งที่ 1 (ผูกกับ STS=STS-WTP670529-010(141))
dm_c9773866	WCI-Project	STS-WTP670730-001(152)-WCI	PP007-PL-บ้านท่าสะอาด ม.7 ต.คำสร้างเที่ยง อ.สามชัย จ.กาฬสินธุ์	Close			2024-06-11				2160000	0.10	THB	2024-07-30		2160000			PP007	PP007-PL-บ้านท่าสะอาด ม.7 ต.คำสร้างเที่ยง อ.สามชัย จ.กาฬสินธุ์	WCI โอนสิทธิ์ ครั้งที่ 1 (ผูกกับ STS=STS-WTP670730-001(152))
dm_d0dbc14e	WCI-Project	STS-WTP670730-002(153)-WCI	PP008-PL-บ้านพิมูล ม.2 ต.พิมูล อ.ห้วยเม็ก จ.กาฬสินธุ์	Close			2024-06-12				2008000	0.10	THB	2024-07-30		2008000			PP008	PP008-PL-บ้านพิมูล ม.2 ต.พิมูล อ.ห้วยเม็ก จ.กาฬสินธุ์	WCI โอนสิทธิ์ ครั้งที่ 1 (ผูกกับ STS=STS-WTP670730-002(153))
dm_d6e08ac9	WCI-Project	STS-WTP670730-003(154)-WCI	STR008-PL-เปรงพุทรา ม.10 ต.เลาขวัญ อ.เลาขวัญ จ.กาญจนบุรี	Close			2024-06-17				2160000	0.10	THB	2024-07-30		2160000			STR008	STR008-PL-เปรงพุทรา ม.10 ต.เลาขวัญ อ.เลาขวัญ จ.กาญจนบุรี	WCI โอนสิทธิ์ ครั้งที่ 1 (ผูกกับ STS=STS-WTP670730-003(154))
dm_44d22b11	WCI-Project	STS-WTP670730-004(155)-WCI	STR006-PL-บ้านลำพระยา ม.1 ต.ย่านยาว อ.สามชุก จ.สุพรรณบุรี	Close			2024-06-10				560000	0.10	THB	2024-07-30		560000			STR006	STR006-PL-บ้านลำพระยา ม.1 ต.ย่านยาว อ.สามชุก จ.สุพรรณบุรี	WCI โอนสิทธิ์ ครั้งที่ 1 (ผูกกับ STS=STS-WTP670730-004(155))
dm_01d6c170	WCI-Project	STS-WTP670730-004(155)-WCI-2	STR006-PL-บ้านลำพระยา ม.1 ต.ย่านยาว อ.สามชุก จ.สุพรรณบุรี	Close			2024-06-10				600000	0.10	THB	2024-08-09		600000			STR006	STR006-PL-บ้านลำพระยา ม.1 ต.ย่านยาว อ.สามชุก จ.สุพรรณบุรี	WCI โอนสิทธิ์ ครั้งที่ 2 (ผูกกับ STS=STS-WTP670730-004(155))
dm_e049793f	WCI-Project	STS-WTP670730-004(155)-WCI-3	STR006-PL-บ้านลำพระยา ม.1 ต.ย่านยาว อ.สามชุก จ.สุพรรณบุรี	Close			2024-06-10				1000000	0.10	THB	2024-08-16		1000000			STR006	STR006-PL-บ้านลำพระยา ม.1 ต.ย่านยาว อ.สามชุก จ.สุพรรณบุรี	WCI โอนสิทธิ์ ครั้งที่ 3 (ผูกกับ STS=STS-WTP670730-004(155))
dm_0a1d6a32	WCI-Project	STS-WTP670730-005(156)-WCI	TTI004-PL-บ้านทุ่งกราด ม.8 ต.สะตอ อ.เขาสมิง จ.ตราด	Close			2024-06-21				2160000	0.10	THB	2024-08-14		2160000			TTI004	TTI004-PL-บ้านทุ่งกราด ม.8 ต.สะตอ อ.เขาสมิง จ.ตราด	WCI โอนสิทธิ์ ครั้งที่ 1 (ผูกกับ STS=STS-WTP670730-005(156))
dm_8cac70dc	WCI-Project	STS-WTP670731-002(159)-WCI	PP011-PL-คำบอน ม.3 ต.ยางอู้ม อ.ท่าคันโท จ.กาฬสินธุ์	Close			2024-06-17				2008000	0.10	THB	2024-08-16		2008000			PP011	PP011-PL-คำบอน ม.3 ต.ยางอู้ม อ.ท่าคันโท จ.กาฬสินธุ์	WCI โอนสิทธิ์ ครั้งที่ 1 (ผูกกับ STS=STS-WTP670731-002(159))
dm_37d345a8	WCI-Project	STS-WTP670731-003(160)-WCI	ENC019-PL-บ้านดอนไชย ม.4 ต.หลวงเหนือ อ.งาว จ.ลำปาง	Close			2024-06-12				2008000	0.10	THB	2024-08-16		2008000			ENC019	ENC019-PL-บ้านดอนไชย ม.4 ต.หลวงเหนือ อ.งาว จ.ลำปาง	WCI โอนสิทธิ์ ครั้งที่ 1 (ผูกกับ STS=STS-WTP670731-003(160))
dm_6c93ea39	WCI-Project	STS-WTP670731-001(158)/1-WCI	PP012-PM-บ้านบางหิน ม.5 ต.คลองชะอุ่น อ.พนม จ.สุราษฎร์ธานี	Close			2024-06-18				1019376	0.10	THB	2024-08-14		1019376			PP012	PP012-PM-บ้านบางหิน ม.5 ต.คลองชะอุ่น อ.พนม จ.สุราษฎร์ธานี	WCI โอนสิทธิ์ ครั้งที่ 1 (ผูกกับ STS=STS-WTP670731-001(158)/1)
dm_218de004	WCI-Project	STS-WTP670731-001(158)/1-WCI-2	PP012-PM-บ้านบางหิน ม.5 ต.คลองชะอุ่น อ.พนม จ.สุราษฎร์ธานี	Close			2024-06-18				340624	0.10	THB	2024-08-16		340624			PP012	PP012-PM-บ้านบางหิน ม.5 ต.คลองชะอุ่น อ.พนม จ.สุราษฎร์ธานี	WCI โอนสิทธิ์ ครั้งที่ 2 (ผูกกับ STS=STS-WTP670731-001(158)/1)
dm_1649e3b2	STS	STS-WTP670731-001(158)/1-2	PP012-PM-บ้านบางหิน ม.5 ต.คลองชะอุ่น อ.พนม จ.สุราษฎร์ธานี	Close			2024-06-18				200000	0.15	THB	2024-08-29		200000			PP012	PP012-PM-บ้านบางหิน ม.5 ต.คลองชะอุ่น อ.พนม จ.สุราษฎร์ธานี	STS ครั้งที่ 2 - มูลค่าสัญญา 3400000
dm_a921f671	WCI-Project	STS-WTP6708001-001(161)-WCI	ENC032-PL-บ้านหนองนกคุ้ม ม.7 ต.หนองขาม อ.จักราช จ.นครราชสีมา	Close			2024-08-29	1			2160000	0.10	THB	2024-08-16		2160000			ENC032	ENC032-PL-บ้านหนองนกคุ้ม ม.7 ต.หนองขาม อ.จักราช จ.นครราชสีมา	WCI โอนสิทธิ์ ครั้งที่ 1 (ผูกกับ STS=STS-WTP6708001-001(161))
dm_cff350e9	WCI-Project	STS-WTP6708001-002(162)-WCI	ENC028-PL-หมู่บ้านหนองนกเขา ม.15 ต.หลุ่งตะเคียน อ.ห้วยแถลง จ.นครราชสีมา	Close			2024-08-09				2160000	0.10	THB	2024-08-16		2160000			ENC028	ENC028-PL-หมู่บ้านหนองนกเขา ม.15 ต.หลุ่งตะเคียน อ.ห้วยแถลง จ.นครราชสีมา	WCI โอนสิทธิ์ ครั้งที่ 1 (ผูกกับ STS=STS-WTP6708001-002(162))
dm_edf74829	WCI-Project	STS-WTP671030-001(176)-WCI	AW077-PSL-ม.1 ต.โคกยาง อ.เหนือคลอง จ.กระบี่	Close			2024-10-17	12			1800000	0.10	THB	2024-08-16		1800000			AW077	AW077-PSL-ม.1 ต.โคกยาง อ.เหนือคลอง จ.กระบี่	WCI โอนสิทธิ์ ครั้งที่ 1 (ผูกกับ STS=STS-WTP671030-001(176))
dm_426f4dca	WCI-Project	STS-WTP671030-002(177)-WCI	AW078-PSL-ม.2 ต.โคกยาง อ.เหนือคลอง จ.กระบี่	Close			2024-10-17	13			1719376	0.10	THB	2024-08-16		1719376			AW078	AW078-PSL-ม.2 ต.โคกยาง อ.เหนือคลอง จ.กระบี่	WCI โอนสิทธิ์ ครั้งที่ 1 (ผูกกับ STS=STS-WTP671030-002(177))
dm_88639f29	WCI-Project	STS-WTP671030-002(177)-WCI-2	AW078-PSL-ม.2 ต.โคกยาง อ.เหนือคลอง จ.กระบี่	Close			2024-10-17	13			80624	0.10	THB	2024-08-23		80624			AW078	AW078-PSL-ม.2 ต.โคกยาง อ.เหนือคลอง จ.กระบี่	WCI โอนสิทธิ์ ครั้งที่ 2 (ผูกกับ STS=STS-WTP671030-002(177))
dm_48b39dbf	WCI-Project	STS-WTP671030-003(178)-WCI	AW079-PSL-ม.3 ต.โคกยาง อ.เหนือคลอง จ.กระบี่	Close			2024-10-17	14			1084376	0.10	THB	2024-08-23		1084376			AW079	AW079-PSL-ม.3 ต.โคกยาง อ.เหนือคลอง จ.กระบี่	WCI โอนสิทธิ์ ครั้งที่ 1 (ผูกกับ STS=STS-WTP671030-003(178))
dm_2db02657	WCI-Project	STS-WTP671030-003(178)-WCI-2	AW079-PSL-ม.3 ต.โคกยาง อ.เหนือคลอง จ.กระบี่	Close			2024-10-17	14			200000	0.10	THB	2024-08-26		200000			AW079	AW079-PSL-ม.3 ต.โคกยาง อ.เหนือคลอง จ.กระบี่	WCI โอนสิทธิ์ ครั้งที่ 2 (ผูกกับ STS=STS-WTP671030-003(178))
dm_9cc0b036	WCI-Project	STS-WTP671030-003(178)-WCI-3	AW079-PSL-ม.3 ต.โคกยาง อ.เหนือคลอง จ.กระบี่	Close			2024-10-17	14			515624	0.10	THB	2024-09-10		515624			AW079	AW079-PSL-ม.3 ต.โคกยาง อ.เหนือคลอง จ.กระบี่	WCI โอนสิทธิ์ ครั้งที่ 3 (ผูกกับ STS=STS-WTP671030-003(178))
dm_c8f97044	WCI-Project	STS-WTP671030-004(179)-WCI	AW080-PSL-ม.4 ต.โคกยาง อ.เหนือคลอง จ.กระบี่	Close			2024-10-17	15			1800000	0.10	THB	2024-08-26		1800000			AW080	AW080-PSL-ม.4 ต.โคกยาง อ.เหนือคลอง จ.กระบี่	WCI โอนสิทธิ์ ครั้งที่ 1 (ผูกกับ STS=STS-WTP671030-004(179))
dm_020eac24	WCI-Project	STS-WTP671129-009(206)-WCI	AW099-PL-ม.6 ต.น้ำเป็น อ.เขาชะเมา จ.ระยอง	Close			2024-10-28				2160000	0.10	THB	2024-08-30		2160000			AW099	AW099-PL-ม.6 ต.น้ำเป็น อ.เขาชะเมา จ.ระยอง	WCI โอนสิทธิ์ ครั้งที่ 1 (ผูกกับ STS=STS-WTP671129-009(206))
dm_58dde6e4	WCI-Project	STS-WTP671129-010(207)-WCI	บ้านสว่าง ม.8 ต.หินตั้ง อ.บ้านไผ่ จ.ขอนแก่น	Close							1040000	0.10	THB	2024-08-30		1040000			0	บ้านสว่าง ม.8 ต.หินตั้ง อ.บ้านไผ่ จ.ขอนแก่น	WCI โอนสิทธิ์ ครั้งที่ 1 (ผูกกับ STS=STS-WTP671129-010(207))
dm_92bd9d5f	WCI-Project	STS-WTP671129-010(207)-WCI-2	บ้านสว่าง ม.8 ต.หินตั้ง อ.บ้านไผ่ จ.ขอนแก่น	Close							1120000	0.10	THB	2024-09-10		1120000			0	บ้านสว่าง ม.8 ต.หินตั้ง อ.บ้านไผ่ จ.ขอนแก่น	WCI โอนสิทธิ์ ครั้งที่ 2 (ผูกกับ STS=STS-WTP671129-010(207))
dm_e87fa5d9	WCI-Project	STS-WTP671030-005(180)-WCI	AW089-PL-ม.3 ต.เกษตรสุวรรณ อ.บ่อทอง จ.ชลบุรี	Close			2024-10-21	9			1864376	0.10	THB	2024-09-10		1864376			AW089	AW089-PL-ม.3 ต.เกษตรสุวรรณ อ.บ่อทอง จ.ชลบุรี	WCI โอนสิทธิ์ ครั้งที่ 1 (ผูกกับ STS=STS-WTP671030-005(180))
dm_73f28fb3	WCI-Project	STS-WTP671030-005(180)-WCI-2	AW089-PL-ม.3 ต.เกษตรสุวรรณ อ.บ่อทอง จ.ชลบุรี	Close			2024-10-21	9			295624	0.10	THB	2024-10-08		295624			AW089	AW089-PL-ม.3 ต.เกษตรสุวรรณ อ.บ่อทอง จ.ชลบุรี	WCI โอนสิทธิ์ ครั้งที่ 2 (ผูกกับ STS=STS-WTP671030-005(180))
dm_847bba22	WCI-Project	STS-WTP671129-011(208)-WCI	บ้านแม่วะ ม.3 ต.สันดอกแก้ว อ.แม่ทะ จ.ลำปาง	Close							2160000	0.10	THB	2024-09-13		2160000			AW137	บ้านแม่วะ ม.3 ต.สันดอกแก้ว อ.แม่ทะ จ.ลำปาง	WCI โอนสิทธิ์ ครั้งที่ 1 (ผูกกับ STS=STS-WTP671129-011(208))
dm_b5f0746c	WCI-Project	STS-WTP671206-001(211)-WCI	บ้านแม่หีด ม.1 ต.วังแก้ว อ.วังเหนือ จ.ลำปาง	Close			2025-06-16				2160000	0.10	THB	2024-09-13		2160000			AW136	บ้านแม่หีด ม.1 ต.วังแก้ว อ.วังเหนือ จ.ลำปาง	WCI โอนสิทธิ์ ครั้งที่ 1 (ผูกกับ STS=STS-WTP671206-001(211))
dm_28785199	WCI-Project	STS-WTP671206-002(212)-WCI	บ้านน้ำม้า ม.3 ต.สถาน อ.เชียงของ จ.เชียงราย PL	Close							2160000	0.10	THB	2024-09-13		2160000			0	บ้านน้ำม้า ม.3 ต.สถาน อ.เชียงของ จ.เชียงราย PL	WCI โอนสิทธิ์ ครั้งที่ 1 (ผูกกับ STS=STS-WTP671206-002(212))
dm_2c11c327	WCI-Project	STS-WTP671017-001(169)-WCI	AW068-PL-บ้านทุ่งไก่ดัก ม.4 ต.ท่ากุ่ม อ.เมืองตราด จ.ตราด	Close			2024-10-08	2			1120000	0.10	THB	2024-09-13		1120000			AW068	AW068-PL-บ้านทุ่งไก่ดัก ม.4 ต.ท่ากุ่ม อ.เมืองตราด จ.ตราด	WCI โอนสิทธิ์ ครั้งที่ 1 (ผูกกับ STS=STS-WTP671017-001(169))
dm_32078e6f	WCI-Project	STS-WTP671017-001(169)-WCI-2	AW068-PL-บ้านทุ่งไก่ดัก ม.4 ต.ท่ากุ่ม อ.เมืองตราด จ.ตราด	Close			2024-10-08	2			1040000	0.10	THB	2024-10-08		1040000			AW068	AW068-PL-บ้านทุ่งไก่ดัก ม.4 ต.ท่ากุ่ม อ.เมืองตราด จ.ตราด	WCI โอนสิทธิ์ ครั้งที่ 2 (ผูกกับ STS=STS-WTP671017-001(169))
dm_05706fa7	WCI-Project	STS-WTP671030-006(181)-WCI	AW081-PSL-ม.5 ต.โคกยาง อ.เหนือคลอง จ.กระบี่	Close			2024-10-17	16			1700000	0.10	THB	2024-09-18		1700000			AW081	AW081-PSL-ม.5 ต.โคกยาง อ.เหนือคลอง จ.กระบี่	WCI โอนสิทธิ์ ครั้งที่ 1 (ผูกกับ STS=STS-WTP671030-006(181))
dm_b66ad801	WCI-Project	STS-WTP671030-006(181)-WCI-2	AW081-PSL-ม.5 ต.โคกยาง อ.เหนือคลอง จ.กระบี่	Close			2024-10-17	16			100000	0.10	THB	2024-10-08		100000			AW081	AW081-PSL-ม.5 ต.โคกยาง อ.เหนือคลอง จ.กระบี่	WCI โอนสิทธิ์ ครั้งที่ 2 (ผูกกับ STS=STS-WTP671030-006(181))
dm_afe6805b	WCI-Project	STS-WTP671206-003(213)-WCI	INS029-PL-บ้านเขาสะท้อนบน ม.10 ต.หนองไม้แก่น อ.แปลงยาว จ.ฉะเชิงเทรา	Close			2025-01-23				2160000	0.10	THB	2024-09-27		2160000			0	INS029-PL-บ้านเขาสะท้อนบน ม.10 ต.หนองไม้แก่น อ.แปลงยาว จ.ฉะเชิงเทรา	WCI โอนสิทธิ์ ครั้งที่ 1 (ผูกกับ STS=STS-WTP671206-003(213))
dm_3ceb9c89	WCI-Project	STS-WTP680219-001-WCI	โรงเรียนเทศบาลพญาเม็งราย ๑ (ทุ่งเจ้า) ต.แม่เปา อ.พญาเม็งราย จ.เชียงราย	Close							2160000	0.10	THB	2024-09-27		2160000				โรงเรียนเทศบาลพญาเม็งราย ๑ (ทุ่งเจ้า) ต.แม่เปา อ.พญาเม็งราย จ.เชียงราย	WCI โอนสิทธิ์ ครั้งที่ 1 (ผูกกับ STS=STS-WTP680219-001)
dm_64647a6c	WCI-Project	STS-WTP671218-001(229)-WCI	ENC114-PL-บ้านดอนข่า ม.5 ต.ทรายทอง อ.ศรีบุญเรือง จ.หนองบัวลำภู	Close			2025-04-18				2160000	0.10	THB	2024-09-27		2160000			0	ENC114-PL-บ้านดอนข่า ม.5 ต.ทรายทอง อ.ศรีบุญเรือง จ.หนองบัวลำภู	WCI โอนสิทธิ์ ครั้งที่ 1 (ผูกกับ STS=STS-WTP671218-001(229))
dm_3831d7e3	WCI-Project	STS-WTP671129-008(205)-WCI	AW111-PL-ม.4 ต.พรุพี อ.บ้านนาสาร จ.สุราษฎร์ธานี	Close			2024-11-05				1020000	0.10	THB	2024-09-27		1020000			AW111	AW111-PL-ม.4 ต.พรุพี อ.บ้านนาสาร จ.สุราษฎร์ธานี	WCI โอนสิทธิ์ ครั้งที่ 1 (ผูกกับ STS=STS-WTP671129-008(205))
dm_37acfa7c	WCI-Project	STS-WTP671129-008(205)-WCI-2	AW111-PL-ม.4 ต.พรุพี อ.บ้านนาสาร จ.สุราษฎร์ธานี	Close			2024-11-05				1140000	0.10	THB	2024-10-08		1140000			AW111	AW111-PL-ม.4 ต.พรุพี อ.บ้านนาสาร จ.สุราษฎร์ธานี	WCI โอนสิทธิ์ ครั้งที่ 2 (ผูกกับ STS=STS-WTP671129-008(205))
dm_610466ef	WCI-Project	STS-WTP671031-001(184)-WCI	INS012-PL-บ้านผามูบ ม.7 ต.แม่พูล อ.ลับแล จ.อุตรดิตถ์	Close			2024-11-12				2160000	0.10	THB	2024-10-08		2160000			INS012	INS012-PL-บ้านผามูบ ม.7 ต.แม่พูล อ.ลับแล จ.อุตรดิตถ์	WCI โอนสิทธิ์ ครั้งที่ 1 (ผูกกับ STS=STS-WTP671031-001(184))
dm_ae4d74b1	WCI-Project	STS-WTP671031-002(185)-WCI	AW071-PL-ม.7 ต.ดอนยอ อ.เมืองนครนายก จ.นครนายก	Close			2024-10-10	17			2160000	0.10	THB	2024-10-30		2160000			AW071	AW071-PL-ม.7 ต.ดอนยอ อ.เมืองนครนายก จ.นครนายก	WCI โอนสิทธิ์ ครั้งที่ 1 (ผูกกับ STS=STS-WTP671031-002(185))
dm_72c2d90f	WCI-Project	STS-WTP671031-003(186)-WCI	AW076-PL-บ้านโนนสำโรง ม.8 ต.ขามเฒ่า อ.โนนสูง จ.นครราชสีมา	Close			2024-10-16	18			2160000	0.10	THB	2024-10-08		2160000			AW076	AW076-PL-บ้านโนนสำโรง ม.8 ต.ขามเฒ่า อ.โนนสูง จ.นครราชสีมา	WCI โอนสิทธิ์ ครั้งที่ 1 (ผูกกับ STS=STS-WTP671031-003(186))
dm_c25ccef8	WCI-Project	STS-WTP671018-005(174)-WCI	AW073-PL-บ้านหนองปรือ ม.4 ต.ดงเสือเหลือง อ.โพธิ์ประทับช้าง จ.พิจิตร	Close			2024-10-16	7			2160000	0.10	THB	2024-10-08		2160000			AW073	AW073-PL-บ้านหนองปรือ ม.4 ต.ดงเสือเหลือง อ.โพธิ์ประทับช้าง จ.พิจิตร	WCI โอนสิทธิ์ ครั้งที่ 1 (ผูกกับ STS=STS-WTP671018-005(174))
dm_fc04a5dc	WCI-Project	STS-WTP671017-002(170)-WCI	AW083-PL-บ้านหนองปรือสมอ ม.3 ต.สาหร่าย อ.ชุมพวง จ.นครราชสีมา	Close			2024-10-18	2			2160000	0.10	THB	2024-10-08		2160000			AW083	AW083-PL-บ้านหนองปรือสมอ ม.3 ต.สาหร่าย อ.ชุมพวง จ.นครราชสีมา	WCI โอนสิทธิ์ ครั้งที่ 1 (ผูกกับ STS=STS-WTP671017-002(170))
dm_8da816ec	WCI-Project	STS-WTP671018-006(175)-WCI	STR012-PLS-บ้านคอกช้างพัฒนา ม.9 ต.หนองพลับ อ.หัวหิน จ.ประจวบคีรีขันธ์	Close			2024-10-18	8			1624376	0.10	THB	2024-10-08		1624376			STR012	STR012-PLS-บ้านคอกช้างพัฒนา ม.9 ต.หนองพลับ อ.หัวหิน จ.ประจวบคีรีขันธ์	WCI โอนสิทธิ์ ครั้งที่ 1 (ผูกกับ STS=STS-WTP671018-006(175))
dm_3dcaa4d7	WCI-Project	STS-WTP671018-006(175)-WCI-2	STR012-PLS-บ้านคอกช้างพัฒนา ม.9 ต.หนองพลับ อ.หัวหิน จ.ประจวบคีรีขันธ์	Close			2024-10-18	8			295624	0.10	THB	2024-10-10		295624			STR012	STR012-PLS-บ้านคอกช้างพัฒนา ม.9 ต.หนองพลับ อ.หัวหิน จ.ประจวบคีรีขันธ์	WCI โอนสิทธิ์ ครั้งที่ 2 (ผูกกับ STS=STS-WTP671018-006(175))
dm_8f0d1c68	WCI-Project	STS-WTP671018-006(175)-WCI-3	STR012-PLS-บ้านคอกช้างพัฒนา ม.9 ต.หนองพลับ อ.หัวหิน จ.ประจวบคีรีขันธ์	Close			2024-10-18	8			350400	0.10	THB	2024-10-11		350400			STR012	STR012-PLS-บ้านคอกช้างพัฒนา ม.9 ต.หนองพลับ อ.หัวหิน จ.ประจวบคีรีขันธ์	WCI โอนสิทธิ์ ครั้งที่ 3 (ผูกกับ STS=STS-WTP671018-006(175))
dm_deb941b4	WCI-Project	STS-WTP680219-001-WCI	บ้านเขาเฒ่า ม.3 ต.บางเตย อ.เมืองพังงา จ.พังงา	Close							1204376	0.10	THB	2024-10-10		1204376				บ้านเขาเฒ่า ม.3 ต.บางเตย อ.เมืองพังงา จ.พังงา	WCI โอนสิทธิ์ ครั้งที่ 1 (ผูกกับ STS=STS-WTP680219-001)
dm_8fe11099	WCI-Project	STS-WTP680219-001-WCI-2	บ้านเขาเฒ่า ม.3 ต.บางเตย อ.เมืองพังงา จ.พังงา	Close							955624	0.10	THB	2024-10-11		955624				บ้านเขาเฒ่า ม.3 ต.บางเตย อ.เมืองพังงา จ.พังงา	WCI โอนสิทธิ์ ครั้งที่ 2 (ผูกกับ STS=STS-WTP680219-001)
dm_5a842114	WCI-Project	STS-WTP671206-004(214)-WCI	AW086-PL-บ้านหนองหัวช้าง ม.3 ต.กลางหมื่น อ.เมืองกาฬสินธุ์ จ.กาฬสินธุ์	Close			2024-10-18	10			2385760	0.10	THB	2024-10-11		2385760			AW086	AW086-PL-บ้านหนองหัวช้าง ม.3 ต.กลางหมื่น อ.เมืองกาฬสินธุ์ จ.กาฬสินธุ์	WCI โอนสิทธิ์ ครั้งที่ 1 (ผูกกับ STS=STS-WTP671206-004(214))
dm_aa3850ba	WCI-Project	STS-WTP680219-001-WCI	ม.8 ต.วังเย็น อ.แปลงยาว จ.ฉะเชิงเทรา	Close			2025-05-19				1308216	0.10	THB	2024-10-11		1308216			0	ม.8 ต.วังเย็น อ.แปลงยาว จ.ฉะเชิงเทรา	WCI โอนสิทธิ์ ครั้งที่ 1 (ผูกกับ STS=STS-WTP680219-001)
dm_a1618148	WCI-Project	STS-WTP680219-001-WCI-2	ม.8 ต.วังเย็น อ.แปลงยาว จ.ฉะเชิงเทรา	Close			2025-05-19				851784	0.10	THB	2024-10-15		851784			0	ม.8 ต.วังเย็น อ.แปลงยาว จ.ฉะเชิงเทรา	WCI โอนสิทธิ์ ครั้งที่ 2 (ผูกกับ STS=STS-WTP680219-001)
dm_6568f2c8	WCI-Project	STS-WTP671129-007(204)-WCI	STR014-PL-บ้านวไลย ม.1 ต.หนองพลับ อ.หัวหิน จ.ประจวบคีรีขันธ์	Close			2024-10-18	19			2160000	0.10	THB	2024-10-15		2160000			STR014	STR014-PL-บ้านวไลย ม.1 ต.หนองพลับ อ.หัวหิน จ.ประจวบคีรีขันธ์	WCI โอนสิทธิ์ ครั้งที่ 1 (ผูกกับ STS=STS-WTP671129-007(204))
dm_c7aa605f	WCI-Project	STS-WTP671218-002(230)-WCI	STR044-PDH-ม.8 ต.นนทรี อ.กบินทร์บุรี จ.ปราจีนบุรี	Close			2024-11-29				520000	0.10	THB	2024-10-15		520000			STR044	STR044-PDH-ม.8 ต.นนทรี อ.กบินทร์บุรี จ.ปราจีนบุรี	WCI โอนสิทธิ์ ครั้งที่ 1 (ผูกกับ STS=STS-WTP671218-002(230))
dm_61adf7d6	WCI-Project	STS-WTP671129-001(198)-WCI	STR045-PDH-ม.9 ต.นนทรี อ.กบินทร์บุรี จ.ปราจีนบุรี	Close			2024-11-29				168216	0.10	THB	2024-10-15		168216			STR045	STR045-PDH-ม.9 ต.นนทรี อ.กบินทร์บุรี จ.ปราจีนบุรี	WCI โอนสิทธิ์ ครั้งที่ 1 (ผูกกับ STS=STS-WTP671129-001(198))
dm_fb12c21e	WCI-Project	STS-WTP671129-001(198)-WCI-2	STR045-PDH-ม.9 ต.นนทรี อ.กบินทร์บุรี จ.ปราจีนบุรี	Close			2024-11-29				74000	0.10	THB	2024-10-22		74000			STR045	STR045-PDH-ม.9 ต.นนทรี อ.กบินทร์บุรี จ.ปราจีนบุรี	WCI โอนสิทธิ์ ครั้งที่ 2 (ผูกกับ STS=STS-WTP671129-001(198))
dm_41934d77	WCI-Project	STS-WTP671129-001(198)-WCI-3	STR045-PDH-ม.9 ต.นนทรี อ.กบินทร์บุรี จ.ปราจีนบุรี	Close			2024-11-29				277784	0.10	THB	2024-10-25		277784			STR045	STR045-PDH-ม.9 ต.นนทรี อ.กบินทร์บุรี จ.ปราจีนบุรี	WCI โอนสิทธิ์ ครั้งที่ 3 (ผูกกับ STS=STS-WTP671129-001(198))
dm_3198f2ff	WCI-Project	STS-WTP671017-003(171)-WCI	AW101-PL-บ้านชำฆ้อ ม.3 ต.ชำฆ้อ อ.เขาชะเมา จ.ระยอง	Close			2024-10-28	4			2000000	0.10	THB	2024-10-16		2000000			AW101	AW101-PL-บ้านชำฆ้อ ม.3 ต.ชำฆ้อ อ.เขาชะเมา จ.ระยอง	WCI โอนสิทธิ์ ครั้งที่ 1 (ผูกกับ STS=STS-WTP671017-003(171))
dm_f7a4b79f	WCI-Project	STS-WTP671017-003(171)-WCI-2	AW101-PL-บ้านชำฆ้อ ม.3 ต.ชำฆ้อ อ.เขาชะเมา จ.ระยอง	Close			2024-10-28	4			160000	0.10	THB	2024-10-22		160000			AW101	AW101-PL-บ้านชำฆ้อ ม.3 ต.ชำฆ้อ อ.เขาชะเมา จ.ระยอง	WCI โอนสิทธิ์ ครั้งที่ 2 (ผูกกับ STS=STS-WTP671017-003(171))
dm_a74af02e	WCI-Project	STS-WTP671017-004(172)-WCI	AW102-PL-บ้านสวนขนุน ม.5 ต.ชำฆ้อ อ.เขาชะเมา จ.ระยอง	Close			2024-10-28	5			2160000	0.10	THB	2024-10-22		2160000			AW102	AW102-PL-บ้านสวนขนุน ม.5 ต.ชำฆ้อ อ.เขาชะเมา จ.ระยอง	WCI โอนสิทธิ์ ครั้งที่ 1 (ผูกกับ STS=STS-WTP671017-004(172))
dm_b5d7bb10	WCI-Project	STS-WTP671017-005(173)-WCI	AW129-PL-บ้านโป่งสะท้อน ม.6 ต.ชำฆ้อ อ.เขาชะเมา จ.ระยอง	Close			2024-11-27	6			500000	0.10	THB	2024-10-22		500000			AW129	AW129-PL-บ้านโป่งสะท้อน ม.6 ต.ชำฆ้อ อ.เขาชะเมา จ.ระยอง	WCI โอนสิทธิ์ ครั้งที่ 1 (ผูกกับ STS=STS-WTP671017-005(173))
dm_71fac381	WCI-Project	STS-WTP671017-005(173)-WCI-2	AW129-PL-บ้านโป่งสะท้อน ม.6 ต.ชำฆ้อ อ.เขาชะเมา จ.ระยอง	Close			2024-11-27	6			1660000	0.10	THB	2024-10-25		1660000			AW129	AW129-PL-บ้านโป่งสะท้อน ม.6 ต.ชำฆ้อ อ.เขาชะเมา จ.ระยอง	WCI โอนสิทธิ์ ครั้งที่ 2 (ผูกกับ STS=STS-WTP671017-005(173))
dm_864a213f	WCI-Project	STS--WCI	รอโครงการใหม่	Close							2266000	0.10	THB	2024-10-18		2266000				รอโครงการใหม่	WCI โอนสิทธิ์ ครั้งที่ 1 (ผูกกับ STS=STS-)
dm_de0b6c9d	WCI-Project	STS-WTP671129-004(201)-WCI	AW114-PLS-บ้านแกเปะน้อย ม.10 ต.เชียงเครือ อ.เมืองกาฬสินธุ์ จ.กาฬสินธุ์	Close			2024-11-06				2160000	0.10	THB	2024-10-18		2160000			AW114	AW114-PLS-บ้านแกเปะน้อย ม.10 ต.เชียงเครือ อ.เมืองกาฬสินธุ์ จ.กาฬสินธุ์	WCI โอนสิทธิ์ ครั้งที่ 1 (ผูกกับ STS=STS-WTP671129-004(201))
dm_0970440e	WCI-Project	STS--WCI	รอโครงการใหม่	Close							2160000	0.10	THB	2024-10-18		2160000				รอโครงการใหม่	WCI โอนสิทธิ์ ครั้งที่ 1 (ผูกกับ STS=STS-)
dm_1412b55a	WCI-Project	STS-WTP680219-001-WCI	บ้านหนองไฮ ม.5 ต.นนทรี อ.กบินทร์บุรี จ.ปราจีนบุรี	Active							2160000	0.10	THB	2024-10-18		2160000				บ้านหนองไฮ ม.5 ต.นนทรี อ.กบินทร์บุรี จ.ปราจีนบุรี	WCI โอนสิทธิ์ ครั้งที่ 1 (ผูกกับ STS=STS-WTP680219-001)
dm_4c1dfc9b	WCI-Project	STS-WTP680219-001-WCI	บ้านปง ม.8 ต.ออนใต้ อ.สันกำแพง จ.เชียงใหม่	Active							254000	0.10	THB	2024-10-18		254000				บ้านปง ม.8 ต.ออนใต้ อ.สันกำแพง จ.เชียงใหม่	WCI โอนสิทธิ์ ครั้งที่ 1 (ผูกกับ STS=STS-WTP680219-001)
dm_3be1b480	WCI-Project	STS-WTP680219-001-WCI-2	บ้านปง ม.8 ต.ออนใต้ อ.สันกำแพง จ.เชียงใหม่	Active							900000	0.10	THB	2024-10-21		900000				บ้านปง ม.8 ต.ออนใต้ อ.สันกำแพง จ.เชียงใหม่	WCI โอนสิทธิ์ ครั้งที่ 2 (ผูกกับ STS=STS-WTP680219-001)
dm_9671cc11	WCI-Project	STS-WTP680219-001-WCI-3	บ้านปง ม.8 ต.ออนใต้ อ.สันกำแพง จ.เชียงใหม่	Active							1006000	0.10	THB	2024-10-22		1006000				บ้านปง ม.8 ต.ออนใต้ อ.สันกำแพง จ.เชียงใหม่	WCI โอนสิทธิ์ ครั้งที่ 3 (ผูกกับ STS=STS-WTP680219-001)
dm_41b9f76f	WCI-Project	STS-WTP671031-004(187) /  STS-WTP671128-010(197)-WCI	AW100-PL-ม.2 ต.ชำฆ้อ อ.เขาชะเมา จ.ระยอง	Close			2024-10-28	11			2160000	0.10	THB	2024-10-25		2160000			AW100	AW100-PL-ม.2 ต.ชำฆ้อ อ.เขาชะเมา จ.ระยอง	WCI โอนสิทธิ์ ครั้งที่ 1 (ผูกกับ STS=STS-WTP671031-004(187) /  STS-WTP671128-010(197))
dm_9a706d96	STS	STS-WTP671031-004(187) /  STS-WTP671128-010(197)-2	AW100-PL-ม.2 ต.ชำฆ้อ อ.เขาชะเมา จ.ระยอง	Close			2024-10-28	11			160000	0.15	THB	2024-11-28		160000			AW100	AW100-PL-ม.2 ต.ชำฆ้อ อ.เขาชะเมา จ.ระยอง	STS ครั้งที่ 2 - มูลค่าสัญญา 5390320.85
dm_1afd46d6	WCI-Project	STS-WTP671206-005(215)-WCI	AW066-PL-บ้านสมศักดิ์พัฒนา ม.2 ต.ผาขาว อ.ผาขาว จ.เลย	Close			2024-10-07	20			2160000	0.10	THB	2024-10-25		2160000			AW066	AW066-PL-บ้านสมศักดิ์พัฒนา ม.2 ต.ผาขาว อ.ผาขาว จ.เลย	WCI โอนสิทธิ์ ครั้งที่ 1 (ผูกกับ STS=STS-WTP671206-005(215))
dm_04ccaa78	WCI-Project	STS-WTP671206-006(216)-WCI	AW067-PL-บ้านห้วยลาดเหนือ ม.11 ต.ผาขาว อ.ผาขาว จ.เลย	Close			2024-10-07	21			1642216	0.10	THB	2024-10-25		1642216			AW067	AW067-PL-บ้านห้วยลาดเหนือ ม.11 ต.ผาขาว อ.ผาขาว จ.เลย	WCI โอนสิทธิ์ ครั้งที่ 1 (ผูกกับ STS=STS-WTP671206-006(216))
dm_1ff10e23	WCI-Project	STS-WTP671206-006(216)-WCI-2	AW067-PL-บ้านห้วยลาดเหนือ ม.11 ต.ผาขาว อ.ผาขาว จ.เลย	Close			2024-10-07	21			517784	0.10	THB	2024-10-29		517784			AW067	AW067-PL-บ้านห้วยลาดเหนือ ม.11 ต.ผาขาว อ.ผาขาว จ.เลย	WCI โอนสิทธิ์ ครั้งที่ 2 (ผูกกับ STS=STS-WTP671206-006(216))
dm_561205b4	WCI-Project	STS-WTP671128-009(196)-WCI	AW098-PLS-บ้านหัวดง ม.12 ต.ศรีสว่าง อ.โพนทราย จ.ร้อยเอ็ด	Close			2024-10-28	22			482216	0.10	THB	2024-10-29		482216			AW098	AW098-PLS-บ้านหัวดง ม.12 ต.ศรีสว่าง อ.โพนทราย จ.ร้อยเอ็ด	WCI โอนสิทธิ์ ครั้งที่ 1 (ผูกกับ STS=STS-WTP671128-009(196))
dm_b0c7def2	WCI-Project	STS-WTP671128-009(196)-WCI-2	AW098-PLS-บ้านหัวดง ม.12 ต.ศรีสว่าง อ.โพนทราย จ.ร้อยเอ็ด	Close			2024-10-28	22			1677784	0.10	THB	2024-10-30		1677784			AW098	AW098-PLS-บ้านหัวดง ม.12 ต.ศรีสว่าง อ.โพนทราย จ.ร้อยเอ็ด	WCI โอนสิทธิ์ ครั้งที่ 2 (ผูกกับ STS=STS-WTP671128-009(196))
dm_84193654	WCI-Project	STS-WTP671030-007(182)-WCI	STR013-PMS-บ้านหนองหอย ม.10 ต.หนองพลับ อ.หัวหิน จ.ประจวบคีรีขันธ์	Close			2024-10-18	23			2008000	0.10	THB	2024-10-30		2008000			STR013	STR013-PMS-บ้านหนองหอย ม.10 ต.หนองพลับ อ.หัวหิน จ.ประจวบคีรีขันธ์	WCI โอนสิทธิ์ ครั้งที่ 1 (ผูกกับ STS=STS-WTP671030-007(182))
dm_419320a1	WCI-Project	STS-WTP671206-007(217)-WCI	AW084-PL-บ้านเมืองพลับพลา ม.1 ต.เมืองพลับพลา อ.ห้วยแถลง จ.นครราชสีมา	Close			2024-10-18	24			2160000	0.10	THB	2024-10-30		2160000			AW084	AW084-PL-บ้านเมืองพลับพลา ม.1 ต.เมืองพลับพลา อ.ห้วยแถลง จ.นครราชสีมา	WCI โอนสิทธิ์ ครั้งที่ 1 (ผูกกับ STS=STS-WTP671206-007(217))
dm_96cb3141	WCI-Project	STS-WTP671206-008(218)-WCI	AW090-PL-บ้านหนองนา ม.8 ต.งิ้ว อ.ห้วยแถลง จ.นครราชสีมา	Close			2024-10-21	25			2160000	0.10	THB	2024-10-30		2160000			AW090	AW090-PL-บ้านหนองนา ม.8 ต.งิ้ว อ.ห้วยแถลง จ.นครราชสีมา	WCI โอนสิทธิ์ ครั้งที่ 1 (ผูกกับ STS=STS-WTP671206-008(218))
dm_5c30559a	WCI-Project	STS-WTP671128-002(189)-WCI	AW085-PL-บ้านบางสาว ม.2 ต.เขาวง อ.บ้านตาขุน จ.สุราษฎร์ธานี	Close			2024-10-18	10			1506816	0.10	THB	2024-10-30		1506816			AW085	AW085-PL-บ้านบางสาว ม.2 ต.เขาวง อ.บ้านตาขุน จ.สุราษฎร์ธานี	WCI โอนสิทธิ์ ครั้งที่ 1 (ผูกกับ STS=STS-WTP671128-002(189))
dm_dbcb9af7	WCI-Project	STS-WTP671128-002(189)-WCI-2	AW085-PL-บ้านบางสาว ม.2 ต.เขาวง อ.บ้านตาขุน จ.สุราษฎร์ธานี	Close			2024-10-18	10			40000	0.10	THB	2024-10-31		40000			AW085	AW085-PL-บ้านบางสาว ม.2 ต.เขาวง อ.บ้านตาขุน จ.สุราษฎร์ธานี	WCI โอนสิทธิ์ ครั้งที่ 2 (ผูกกับ STS=STS-WTP671128-002(189))
dm_7a9ddbdc	WCI-Project	STS-WTP671128-002(189)-WCI-3	AW085-PL-บ้านบางสาว ม.2 ต.เขาวง อ.บ้านตาขุน จ.สุราษฎร์ธานี	Close			2024-10-18	10			613184	0.10	THB	2024-11-08		613184			AW085	AW085-PL-บ้านบางสาว ม.2 ต.เขาวง อ.บ้านตาขุน จ.สุราษฎร์ธานี	WCI โอนสิทธิ์ ครั้งที่ 3 (ผูกกับ STS=STS-WTP671128-002(189))
dm_b30f90f5	WCI-Project	STS-WTP671128-001(188)-WCI	AW075-PL-บ้านหนองพลอง ม.4 ต.ขามเฒ่า อ.โนนสูง จ.นครราชสีมา	Close			2024-10-16	26			2160000	0.10	THB	2024-10-31		2160000			AW075	AW075-PL-บ้านหนองพลอง ม.4 ต.ขามเฒ่า อ.โนนสูง จ.นครราชสีมา	WCI โอนสิทธิ์ ครั้งที่ 1 (ผูกกับ STS=STS-WTP671128-001(188))
dm_8a4ec46d	WCI-Project	STS-WTP671128-003(190)-WCI	AW091-PL-บ้านหนองขาม ม.15 ต.หนองขาม อ.จักราช จ.นครราชสีมา	Close			2024-10-22				2160000	0.10	THB	2024-11-06		2160000			AW091	AW091-PL-บ้านหนองขาม ม.15 ต.หนองขาม อ.จักราช จ.นครราชสีมา	WCI โอนสิทธิ์ ครั้งที่ 1 (ผูกกับ STS=STS-WTP671128-003(190))
dm_56cfd2a5	WCI-Project	STS-WTP671128-006(193)-WCI	AW094-PL-บ้านหนองเสม็ด ม.6 ต.สองสลึง อ.แกลง จ.ระยอง	Close			2024-10-24				2160000	0.10	THB	2024-11-06		2160000			AW094	AW094-PL-บ้านหนองเสม็ด ม.6 ต.สองสลึง อ.แกลง จ.ระยอง	WCI โอนสิทธิ์ ครั้งที่ 1 (ผูกกับ STS=STS-WTP671128-006(193))
dm_5d36e78a	WCI-Project	STS-WTP671128-005(192)-WCI	AW092-PL-บ้านสองพี่น้อง ม.2 ต.สองสลึง อ.แกลง จ.ระยอง	Close			2024-10-24				2160000	0.10	THB	2024-11-06		2160000			AW092	AW092-PL-บ้านสองพี่น้อง ม.2 ต.สองสลึง อ.แกลง จ.ระยอง	WCI โอนสิทธิ์ ครั้งที่ 1 (ผูกกับ STS=STS-WTP671128-005(192))
dm_f3647d8c	WCI-Project	STS-WTP671128-004(191)-WCI	AW093-PL-บ้านบ่อทอง ม.5 ต.สองสลึง อ.แกลง จ.ระยอง	Close			2024-10-24				2160000	0.10	THB	2024-11-06		2160000			AW093	AW093-PL-บ้านบ่อทอง ม.5 ต.สองสลึง อ.แกลง จ.ระยอง	WCI โอนสิทธิ์ ครั้งที่ 1 (ผูกกับ STS=STS-WTP671128-004(191))
dm_e97c1cca	WCI-Project	STS-WTP671128-007(194)-WCI	AW096-PLS-บ้านนามล ม.2 ต.โคกสมบูรณ์ อ.กมลาไสย จ.กาฬสินธุ์	Close			2024-10-25				2160000	0.10	THB	2024-11-06		2160000			AW096	AW096-PLS-บ้านนามล ม.2 ต.โคกสมบูรณ์ อ.กมลาไสย จ.กาฬสินธุ์	WCI โอนสิทธิ์ ครั้งที่ 1 (ผูกกับ STS=STS-WTP671128-007(194))
dm_3e4e9fc7	WCI-Project	STS-WTP671128-008(195)-WCI	AW095-PLS-บ้านราษฎร์สำราญ ม.8 ต.โคกสมบูรณ์ อ.กมลาไสย จ.กาฬสินธุ์	Close			2024-10-25				2160000	0.10	THB	2024-11-06		2160000			AW095	AW095-PLS-บ้านราษฎร์สำราญ ม.8 ต.โคกสมบูรณ์ อ.กมลาไสย จ.กาฬสินธุ์	WCI โอนสิทธิ์ ครั้งที่ 1 (ผูกกับ STS=STS-WTP671128-008(195))
dm_95f5cf72	WCI-Project	STS-WTP671129-002(199)-WCI	AW103-PL-บ้านปลักซิมปอ ม.6 ต.ควนสตอ อ.ควนโดน จ.สตูล	Close			2024-10-29				2160000	0.10	THB	2024-11-06		2160000			AW103	AW103-PL-บ้านปลักซิมปอ ม.6 ต.ควนสตอ อ.ควนโดน จ.สตูล	WCI โอนสิทธิ์ ครั้งที่ 1 (ผูกกับ STS=STS-WTP671129-002(199))
dm_c38268f4	WCI-Project	STS-WTP671129-003(200)-WCI	AW104-PL-ม.9 ต.ควนสตอ อ.ควนโดน จ.สตูล	Close			2024-10-29				2160000	0.10	THB	2024-11-06		2160000			AW104	AW104-PL-ม.9 ต.ควนสตอ อ.ควนโดน จ.สตูล	WCI โอนสิทธิ์ ครั้งที่ 1 (ผูกกับ STS=STS-WTP671129-003(200))
dm_a60a344c	WCI-Project	STS-WTP671129-005(202)-WCI	AW107-PL-บ้านย่านซื่อ ม.2 ต.ย่านซื่อ อ.ควนโดน จ.สตูล	Close			2024-10-30				2160000	0.10	THB	2024-11-06		2160000			AW107	AW107-PL-บ้านย่านซื่อ ม.2 ต.ย่านซื่อ อ.ควนโดน จ.สตูล	WCI โอนสิทธิ์ ครั้งที่ 1 (ผูกกับ STS=STS-WTP671129-005(202))
dm_c1d07dca	WCI-Project	STS-WTP671129-006(203)-WCI	AW108-PLS-บ้านสระแก้ว ม.4 ต.สระแก้ว อ.พนมไพร จ.ร้อยเอ็ด	Close			2024-11-01				560000	0.10	THB	2024-11-06		560000			AW108	AW108-PLS-บ้านสระแก้ว ม.4 ต.สระแก้ว อ.พนมไพร จ.ร้อยเอ็ด	WCI โอนสิทธิ์ ครั้งที่ 1 (ผูกกับ STS=STS-WTP671129-006(203))
dm_84220fe5	WCI-Project	STS-WTP671129-006(203)-WCI-2	AW108-PLS-บ้านสระแก้ว ม.4 ต.สระแก้ว อ.พนมไพร จ.ร้อยเอ็ด	Close			2024-11-01				1600000	0.10	THB	2024-11-08		1600000			AW108	AW108-PLS-บ้านสระแก้ว ม.4 ต.สระแก้ว อ.พนมไพร จ.ร้อยเอ็ด	WCI โอนสิทธิ์ ครั้งที่ 2 (ผูกกับ STS=STS-WTP671129-006(203))
dm_0a1e33b2	WCI-Project	STS-WTP671206-009(219)-WCI	AW074-PLS-บ้านโนนศิลาเลิง(หนองบึงแวง) ม.1 ต.โนนศิลาเลิง อ.ฆ้องชัย จ.กาฬสินธุ์	Close			2024-10-16				2160000	0.10	THB	2024-11-08		2160000			AW074	AW074-PLS-บ้านโนนศิลาเลิง(หนองบึงแวง) ม.1 ต.โนนศิลาเลิง อ.ฆ้องชัย จ.กาฬสินธุ์	WCI โอนสิทธิ์ ครั้งที่ 1 (ผูกกับ STS=STS-WTP671206-009(219))
dm_29d6f484	WCI-Project	STS-WTP671206-010(220)-WCI	บ้านสายทอง ม.12 ต.หลุ่งตะเคียน อ.ห้วยแถลง จ.นครราชสีมา	Close			2024-12-18				326816	0.10	THB	2024-11-08		326816				บ้านสายทอง ม.12 ต.หลุ่งตะเคียน อ.ห้วยแถลง จ.นครราชสีมา	WCI โอนสิทธิ์ ครั้งที่ 1 (ผูกกับ STS=STS-WTP671206-010(220))
dm_ce8388a3	WCI-Project	STS-WTP671206-010(220)-WCI-2	บ้านสายทอง ม.12 ต.หลุ่งตะเคียน อ.ห้วยแถลง จ.นครราชสีมา	Close			2024-12-18				1833184	0.10	THB	2024-11-29		1833184				บ้านสายทอง ม.12 ต.หลุ่งตะเคียน อ.ห้วยแถลง จ.นครราชสีมา	WCI โอนสิทธิ์ ครั้งที่ 2 (ผูกกับ STS=STS-WTP671206-010(220))
dm_13fc4cdf	WCI-Project	STS-WTP671206-011(221)-WCI	AW105-ST II S-บ้านแจ้งจม ม.7 ต.เจ้าท่า อ.กมลาไสย จ.กาฬสินธุ์	Close			2024-10-29				1200000	0.10	THB	2024-11-29		1200000			AW105	AW105-ST II S-บ้านแจ้งจม ม.7 ต.เจ้าท่า อ.กมลาไสย จ.กาฬสินธุ์	WCI โอนสิทธิ์ ครั้งที่ 1 (ผูกกับ STS=STS-WTP671206-011(221))
dm_c78d59de	WCI-Project	STS-WTP671206-011(221)-WCI-2	AW105-ST II S-บ้านแจ้งจม ม.7 ต.เจ้าท่า อ.กมลาไสย จ.กาฬสินธุ์	Close			2024-10-29				360000	0.10	THB	2024-12-06		360000			AW105	AW105-ST II S-บ้านแจ้งจม ม.7 ต.เจ้าท่า อ.กมลาไสย จ.กาฬสินธุ์	WCI โอนสิทธิ์ ครั้งที่ 2 (ผูกกับ STS=STS-WTP671206-011(221))
dm_2d772e47	WCI-Project	STS-WTP671206-011(221)-WCI-3	AW105-ST II S-บ้านแจ้งจม ม.7 ต.เจ้าท่า อ.กมลาไสย จ.กาฬสินธุ์	Close			2024-10-29				500000	0.10	THB	2024-12-20		500000			AW105	AW105-ST II S-บ้านแจ้งจม ม.7 ต.เจ้าท่า อ.กมลาไสย จ.กาฬสินธุ์	WCI โอนสิทธิ์ ครั้งที่ 3 (ผูกกับ STS=STS-WTP671206-011(221))
dm_0e988d31	WCI-Project	STS--WCI	รอโครงการใหม่	Close							2151600	0.10	THB	2024-11-29		2151600				รอโครงการใหม่	WCI โอนสิทธิ์ ครั้งที่ 1 (ผูกกับ STS=STS-)
dm_0b2ace8a	WCI-Project	STS-WTP671206-012(222)-WCI	AW113-ST II S-บ้านเหล่าค้อ ม.4 ต.เชียงเครือ อ.เมืองกาฬสินธุ์ จ.กาฬสินธุ์	Close			2024-11-06				2060000	0.10	THB	2024-11-29		2060000			AW113	AW113-ST II S-บ้านเหล่าค้อ ม.4 ต.เชียงเครือ อ.เมืองกาฬสินธุ์ จ.กาฬสินธุ์	WCI โอนสิทธิ์ ครั้งที่ 1 (ผูกกับ STS=STS-WTP671206-012(222))
dm_40d47bec	WCI-Project	STS-WTP671218-003(231)-WCI	STR049-PL-ม.7 ต.ม่วงเตี้ย อ.วิเศษชัยชาญ จ.อ่างทอง (จุดที่ 2)	Close			2024-11-29				1288400	0.10	THB	2024-11-29		1288400			STR049	STR049-PL-ม.7 ต.ม่วงเตี้ย อ.วิเศษชัยชาญ จ.อ่างทอง (จุดที่ 2)	WCI โอนสิทธิ์ ครั้งที่ 1 (ผูกกับ STS=STS-WTP671218-003(231))
dm_082dab23	WCI-Project	STS-WTP671218-003(231)-WCI-2	STR049-PL-ม.7 ต.ม่วงเตี้ย อ.วิเศษชัยชาญ จ.อ่างทอง (จุดที่ 2)	Close			2024-11-29				871600	0.10	THB	2024-12-20		871600			STR049	STR049-PL-ม.7 ต.ม่วงเตี้ย อ.วิเศษชัยชาญ จ.อ่างทอง (จุดที่ 2)	WCI โอนสิทธิ์ ครั้งที่ 2 (ผูกกับ STS=STS-WTP671218-003(231))
dm_66a2c118	WCI-Project	STS-WTP671206-013(223)-WCI	AW112-PL-บ้านดอนงูเหลือม ม.7 ต.หนองแค อ.ราษีไศล จ.ศรีสะเกษ	Close			2024-11-05				2160000	0.10	THB	2024-11-29		2160000			AW112	AW112-PL-บ้านดอนงูเหลือม ม.7 ต.หนองแค อ.ราษีไศล จ.ศรีสะเกษ	WCI โอนสิทธิ์ ครั้งที่ 1 (ผูกกับ STS=STS-WTP671206-013(223))
dm_3e93a3a1	WCI-Project	STS-WTP671206-014(224)-WCI	AW110-PL-บ้านบางหลุด ม.13 ต.คลองชะอุ่น อ.พนม จ.สุราษฎร์ธานี	Close			2024-11-04				2160000	0.10	THB	2024-11-29		2160000			AW110	AW110-PL-บ้านบางหลุด ม.13 ต.คลองชะอุ่น อ.พนม จ.สุราษฎร์ธานี	WCI โอนสิทธิ์ ครั้งที่ 1 (ผูกกับ STS=STS-WTP671206-014(224))
dm_19fd1c94	WCI-Project	STS-WTP671206-015(225)-WCI	AW070-PLS-บ้านหัวช้าง ม.8 ต.นาเชือก อ.นาเชือก จ.มหาสารคาม	Close			2024-10-09				2160000	0.10	THB	2024-10-11		2160000			AW070	AW070-PLS-บ้านหัวช้าง ม.8 ต.นาเชือก อ.นาเชือก จ.มหาสารคาม	WCI โอนสิทธิ์ ครั้งที่ 1 (ผูกกับ STS=STS-WTP671206-015(225))
dm_32abcde4	WCI-Project	STS-WTP671206-016(226),STS-WTP671218-004(232)-WCI	TTI037-PL-ตลาดกลางสินค้าเกษตรสระแก้ว ม.1 ต.ศาลาลำดวน อ.เมืองสระแก้ว จ.สระแก้ว	Close			2024-11-29				2160000	0.10	THB	2024-12-06		2160000			TTI037	TTI037-PL-ตลาดกลางสินค้าเกษตรสระแก้ว ม.1 ต.ศาลาลำดวน อ.เมืองสระแก้ว จ.สระแก้ว	WCI โอนสิทธิ์ ครั้งที่ 1 (ผูกกับ STS=STS-WTP671206-016(226),STS-WTP671218-004(232))
dm_d1a2ca8e	STS	STS-WTP671206-016(226),STS-WTP671218-004(232)-2	TTI037-PL-ตลาดกลางสินค้าเกษตรสระแก้ว ม.1 ต.ศาลาลำดวน อ.เมืองสระแก้ว จ.สระแก้ว	Close			2024-11-29				186440	0.15	THB	2024-12-18		186440			TTI037	TTI037-PL-ตลาดกลางสินค้าเกษตรสระแก้ว ม.1 ต.ศาลาลำดวน อ.เมืองสระแก้ว จ.สระแก้ว	STS ครั้งที่ 2 - มูลค่าสัญญา 5400000
dm_d67e2a3e	WCI-Project	STS-WTP671206-017(227)-WCI	TTI038-PL-โรงเรียนบ้านศาลาลำดวน ม.2 ต.ศาลาลำดวน อ.เมืองสระแก้ว จ.สระแก้ว	Close			2024-11-29				2160000	0.10	THB	2024-12-06		2160000			TTI038	TTI038-PL-โรงเรียนบ้านศาลาลำดวน ม.2 ต.ศาลาลำดวน อ.เมืองสระแก้ว จ.สระแก้ว	WCI โอนสิทธิ์ ครั้งที่ 1 (ผูกกับ STS=STS-WTP671206-017(227))
dm_524ea6a7	WCI-Project	STS--WCI	รอโครงการใหม่	Close							2160000	0.10	THB	2024-12-06		2160000				รอโครงการใหม่	WCI โอนสิทธิ์ ครั้งที่ 1 (ผูกกับ STS=STS-)
dm_892432ca	WCI-Project	STS-WTP680219-001-WCI	บ้านคลองตามั่น ม.11 ต.เขาไม้แก้ว อ.กบินทร์บุรี จ.ปราจีนบุรี	Close			-2146826246				2060000	0.10	THB	2024-12-20		2060000				บ้านคลองตามั่น ม.11 ต.เขาไม้แก้ว อ.กบินทร์บุรี จ.ปราจีนบุรี	WCI โอนสิทธิ์ ครั้งที่ 1 (ผูกกับ STS=STS-WTP680219-001)
dm_80fde94b	WCI-Project	STS-WTP680219-001-WCI-2	บ้านคลองตามั่น ม.11 ต.เขาไม้แก้ว อ.กบินทร์บุรี จ.ปราจีนบุรี	Close			-2146826246				100000	0.10	THB	2025-01-15		100000				บ้านคลองตามั่น ม.11 ต.เขาไม้แก้ว อ.กบินทร์บุรี จ.ปราจีนบุรี	WCI โอนสิทธิ์ ครั้งที่ 2 (ผูกกับ STS=STS-WTP680219-001)
dm_3097d892	WCI-Project	STS--WCI	รอโครงการใหม่	Close							1367743.32	0.10	THB	2024-12-12		1367743.32				รอโครงการใหม่	WCI โอนสิทธิ์ ครั้งที่ 1 (ผูกกับ STS=STS-)
dm_1ee9e1d4	WCI-Project	STS--WCI-2	รอโครงการใหม่	Close							792256.68	0.10	THB	2024-12-20		792256.68				รอโครงการใหม่	WCI โอนสิทธิ์ ครั้งที่ 2 (ผูกกับ STS=STS-)
dm_0f669a82	WCI-Project	STS--WCI	รอโครงการใหม่	Close							2156128.34	0.10	THB	2024-12-12		2156128.34				รอโครงการใหม่	WCI โอนสิทธิ์ ครั้งที่ 1 (ผูกกับ STS=STS-)
dm_3d40d388	WCI-Project	STS--WCI	รอโครงการใหม่	Close							2160000	0.10	THB	2024-12-12		2160000				รอโครงการใหม่	WCI โอนสิทธิ์ ครั้งที่ 1 (ผูกกับ STS=STS-)
dm_fd529178	WCI-Project	STS-AW128-WCI	AW128-PL-บ้านศรีประชา ม.1 ต.ชำฆ้อ อ.เขาชะเมา จ.ระยอง	Close			2024-11-27				2156128.34	0.10	THB	2024-12-12		2156128.34			AW128	AW128-PL-บ้านศรีประชา ม.1 ต.ชำฆ้อ อ.เขาชะเมา จ.ระยอง	WCI โอนสิทธิ์ ครั้งที่ 1 (ผูกกับ STS=STS-AW128)
dm_623ebf13	WCI-Project	STS--WCI	รอโครงการใหม่	Close							2160000	0.10	THB	2024-12-12		2160000				รอโครงการใหม่	WCI โอนสิทธิ์ ครั้งที่ 1 (ผูกกับ STS=STS-)
dm_dc79859d	WCI-Project	STS--WCI	รอโครงการใหม่	Close							2060000	0.10	THB	2024-12-25		2060000				รอโครงการใหม่	WCI โอนสิทธิ์ ครั้งที่ 1 (ผูกกับ STS=STS-)
dm_f0235ab7	WCI-Project	STS--WCI	รอโครงการใหม่	Close							2060000	0.10	THB	2024-12-25		2060000				รอโครงการใหม่	WCI โอนสิทธิ์ ครั้งที่ 1 (ผูกกับ STS=STS-)
dm_165ed9ab	WCI-Project	STS--WCI	AW082-PSL-ม.6 ต.โคกยาง อ.เหนือคลอง จ.กระบี่	Close			2024-10-17				530000	0.10	THB	2024-12-25		530000				AW082-PSL-ม.6 ต.โคกยาง อ.เหนือคลอง จ.กระบี่	WCI โอนสิทธิ์ ครั้งที่ 1 (ผูกกับ STS=STS-)
dm_6b7b55c9	WCI-Project	STS--WCI-2	AW082-PSL-ม.6 ต.โคกยาง อ.เหนือคลอง จ.กระบี่	Close			2024-10-17				1269200	0.10	THB	2025-01-15		1269200				AW082-PSL-ม.6 ต.โคกยาง อ.เหนือคลอง จ.กระบี่	WCI โอนสิทธิ์ ครั้งที่ 2 (ผูกกับ STS=STS-)
dm_f92f68d7	WCI-Project	STS-WTP680219-001-WCI	บ้านเทื่อม ม.3 ต.เขือน้ำ อ.บ้านผือ จ.อุดรธานี	Close			2025-06-09				2160000	0.10	THB	2025-01-15		2160000				บ้านเทื่อม ม.3 ต.เขือน้ำ อ.บ้านผือ จ.อุดรธานี	WCI โอนสิทธิ์ ครั้งที่ 1 (ผูกกับ STS=STS-WTP680219-001)
dm_ff06aa2d	WCI-Project	STS-WTP680219-001-WCI	บ้านดอกคำใต้ ม.1 ต.แม่ตีบ อ.งาว จ.ลำปาง	Close			2025-06-12				886943.32	0.10	THB	2025-01-15		886943.32				บ้านดอกคำใต้ ม.1 ต.แม่ตีบ อ.งาว จ.ลำปาง	WCI โอนสิทธิ์ ครั้งที่ 1 (ผูกกับ STS=STS-WTP680219-001)
dm_30f1bc0e	WCI-Project	STS-WTP680219-001-WCI-2	บ้านดอกคำใต้ ม.1 ต.แม่ตีบ อ.งาว จ.ลำปาง	Close			2025-06-12				1273056.68	0.10	THB	2025-01-16		1273056.68				บ้านดอกคำใต้ ม.1 ต.แม่ตีบ อ.งาว จ.ลำปาง	WCI โอนสิทธิ์ ครั้งที่ 2 (ผูกกับ STS=STS-WTP680219-001)
dm_3b2f31a1	WCI-Project	STS-WTP680219-001-WCI	บ้านเหลิ่งหิน ม.11 ต.โนนจาน อ.บัวลาย จ.นครราชสีมา	Close			2025-06-11				1726943.32	0.10	THB	2025-01-16		1726943.32				บ้านเหลิ่งหิน ม.11 ต.โนนจาน อ.บัวลาย จ.นครราชสีมา	WCI โอนสิทธิ์ ครั้งที่ 1 (ผูกกับ STS=STS-WTP680219-001)
dm_b2fd7339	WCI-Project	STS-WTP680219-001-WCI-2	บ้านเหลิ่งหิน ม.11 ต.โนนจาน อ.บัวลาย จ.นครราชสีมา	Close			2025-06-11				433056.68	0.10	THB	2025-03-07		433056.68				บ้านเหลิ่งหิน ม.11 ต.โนนจาน อ.บัวลาย จ.นครราชสีมา	WCI โอนสิทธิ์ ครั้งที่ 2 (ผูกกับ STS=STS-WTP680219-001)
dm_e29bdadc	WCI-Project	STS--WCI	รอโครงการใหม่	Close							1500000	0.10	THB	2025-02-21		1500000				รอโครงการใหม่	WCI โอนสิทธิ์ ครั้งที่ 1 (ผูกกับ STS=STS-)
dm_7c91ebdd	WCI-Project	STS--WCI-2	รอโครงการใหม่	Close							660000	0.10	THB	2025-03-07		660000				รอโครงการใหม่	WCI โอนสิทธิ์ ครั้งที่ 2 (ผูกกับ STS=STS-)
dm_a33b319e	WCI-Project	STS--WCI	รอโครงการใหม่	Close							2160000	0.10	THB	2025-02-07		2160000				รอโครงการใหม่	WCI โอนสิทธิ์ ครั้งที่ 1 (ผูกกับ STS=STS-)
dm_18220c80	WCI-Project	STS-WTP680219-001-WCI	บ้านหนองปล้อง ม.1 ต.หนองปล้อง อ.วังทรายพูน จ.พิจิตร	Active							2160000	0.10	THB	2025-02-20		2160000				บ้านหนองปล้อง ม.1 ต.หนองปล้อง อ.วังทรายพูน จ.พิจิตร	WCI โอนสิทธิ์ ครั้งที่ 1 (ผูกกับ STS=STS-WTP680219-001)
dm_48b69953	WCI-Project	STS-WTP680219-001-WCI	บ้านตระกาจ ม.4 ต.ตระกาจ อ.กันทรลักษ์ จ.ศรีสะเกษ	Close			2025-05-06				2160000	0.10	THB	2025-02-07		2160000				บ้านตระกาจ ม.4 ต.ตระกาจ อ.กันทรลักษ์ จ.ศรีสะเกษ	WCI โอนสิทธิ์ ครั้งที่ 1 (ผูกกับ STS=STS-WTP680219-001)
dm_c1c97f6a	WCI-Project	STS--WCI	รอโครงการใหม่	Close							1120000	0.10	THB	2025-02-07		1120000				รอโครงการใหม่	WCI โอนสิทธิ์ ครั้งที่ 1 (ผูกกับ STS=STS-)
dm_f7892b0f	WCI-Project	STS--WCI-2	รอโครงการใหม่	Close							886943.32	0.10	THB	2025-03-07		886943.32				รอโครงการใหม่	WCI โอนสิทธิ์ ครั้งที่ 2 (ผูกกับ STS=STS-)
dm_e2f045b4	WCI-Project	STS-WTP680219-001-WCI	บ้านทุ่ง ม.5 ต.หัวเสือ อ.แม่ทะ จ.ลำปาง	Close			2025-04-24				2160000	0.10	THB	2025-03-12		2160000				บ้านทุ่ง ม.5 ต.หัวเสือ อ.แม่ทะ จ.ลำปาง	WCI โอนสิทธิ์ ครั้งที่ 1 (ผูกกับ STS=STS-WTP680219-001)
dm_69fe572a	WCI-Project	STS-WTP680219-001-WCI	บ้านตันหาร ม.3 ต.วังสรรพรส อ.ขลุง จ.จันทบุรี	Active							2160000	0.10	THB	2025-03-12		2160000				บ้านตันหาร ม.3 ต.วังสรรพรส อ.ขลุง จ.จันทบุรี	WCI โอนสิทธิ์ ครั้งที่ 1 (ผูกกับ STS=STS-WTP680219-001)
dm_157a58c7	WCI-Project	STS-WTP680219-001-WCI	บ้านโนนสว่าง ม.4 ต.วังม่วง อ.เปือยน้อย จ.ขอนแก่น	Active							2160000	0.10	THB	2025-03-12		2160000				บ้านโนนสว่าง ม.4 ต.วังม่วง อ.เปือยน้อย จ.ขอนแก่น	WCI โอนสิทธิ์ ครั้งที่ 1 (ผูกกับ STS=STS-WTP680219-001)
dm_7019f495	WCI-Project	STS-WTP680219-001-WCI	รอโครงการใหม่	Close							2160000	0.10	THB	2025-03-12		2160000				รอโครงการใหม่	WCI โอนสิทธิ์ ครั้งที่ 1 (ผูกกับ STS=STS-WTP680219-001)
dm_73fcf8d2	WCI-Project	STS-WTP680219-001-WCI	รอโครงการใหม่	Close							2160000	0.10	THB	2025-03-12		2160000				รอโครงการใหม่	WCI โอนสิทธิ์ ครั้งที่ 1 (ผูกกับ STS=STS-WTP680219-001)
dm_aba28fea	WCI-Project	STS-WTP680219-001-WCI	รอโครงการใหม่	Close							2160000	0.10	THB	2025-03-12		2160000				รอโครงการใหม่	WCI โอนสิทธิ์ ครั้งที่ 1 (ผูกกับ STS=STS-WTP680219-001)
dm_bf7bdd94	WCI-Project	STS-WTP680219-001-WCI	บ้านป่าตาล ม.2 ต.เถินบุรี อ.เถิน จ.ลำปาง	Close			2025-05-23				2040000	0.10	THB	2025-03-12		2040000				บ้านป่าตาล ม.2 ต.เถินบุรี อ.เถิน จ.ลำปาง	WCI โอนสิทธิ์ ครั้งที่ 1 (ผูกกับ STS=STS-WTP680219-001)
dm_e1d1ed0c	WCI-Project	STS-WTP680219-001-WCI-2	บ้านป่าตาล ม.2 ต.เถินบุรี อ.เถิน จ.ลำปาง	Close			2025-05-23				120000	0.10	THB	2025-03-14		120000				บ้านป่าตาล ม.2 ต.เถินบุรี อ.เถิน จ.ลำปาง	WCI โอนสิทธิ์ ครั้งที่ 2 (ผูกกับ STS=STS-WTP680219-001)
dm_0b5ef674	WCI-Project	STS-WTP680219-001-WCI	รอโครงการใหม่	Close							2160000	0.10	THB	2025-03-14		2160000				รอโครงการใหม่	WCI โอนสิทธิ์ ครั้งที่ 1 (ผูกกับ STS=STS-WTP680219-001)
dm_fa01c886	WCI-Project	STS-WTP680219-001-WCI	รอโครงการใหม่	Close							2160000	0.10	THB	2025-03-20		2160000				รอโครงการใหม่	WCI โอนสิทธิ์ ครั้งที่ 1 (ผูกกับ STS=STS-WTP680219-001)
dm_88beb08a	WCI-Project	STS--WCI	รอโครงการใหม่	Close							2160000	0.10	THB	2025-03-20		2160000				รอโครงการใหม่	WCI โอนสิทธิ์ ครั้งที่ 1 (ผูกกับ STS=STS-)
dm_3757f552	WCI-Project	STS--WCI	บ้านยั้งเมิน ม.3 ต.ยั้งเมิน อ.สะเมิง จ.เชียงใหม่	Close			2025-05-29				2160000	0.10	THB	2025-03-20		2160000				บ้านยั้งเมิน ม.3 ต.ยั้งเมิน อ.สะเมิง จ.เชียงใหม่	WCI โอนสิทธิ์ ครั้งที่ 1 (ผูกกับ STS=STS-)
dm_ae1d585a	WCI-Project	STS--WCI	บ้านวังแดง ม.3 ต.วังแดง อ.ตรอน จ.อุตรดิตถ์	Close			2025-06-09				2160000	0.10	THB	2025-03-20		2160000				บ้านวังแดง ม.3 ต.วังแดง อ.ตรอน จ.อุตรดิตถ์	WCI โอนสิทธิ์ ครั้งที่ 1 (ผูกกับ STS=STS-)
dm_986c70d0	WCI-Project	STS--WCI	บ้านสองแควปินหวาน ม.5 ต.เถินบุรี อ.เถิน จ.ลำปาง	Close			2025-05-23				2160000	0.10	THB	2025-03-20		2160000				บ้านสองแควปินหวาน ม.5 ต.เถินบุรี อ.เถิน จ.ลำปาง	WCI โอนสิทธิ์ ครั้งที่ 1 (ผูกกับ STS=STS-)
dm_57d0638c	WCI-Project	STS--WCI	รอโครงการใหม่	Close							2248000	0.10	THB	2025-03-27		2248000				รอโครงการใหม่	WCI โอนสิทธิ์ ครั้งที่ 1 (ผูกกับ STS=STS-)
dm_cf8e49c3	WCI-Project	STS--WCI	รอโครงการใหม่	Close							2060000	0.10	THB	2025-03-27		2060000				รอโครงการใหม่	WCI โอนสิทธิ์ ครั้งที่ 1 (ผูกกับ STS=STS-)
dm_2dfbe47f	WCI-Project	STS--WCI	รอโครงการใหม่	Close							2160000	0.10	THB	2025-03-27		2160000				รอโครงการใหม่	WCI โอนสิทธิ์ ครั้งที่ 1 (ผูกกับ STS=STS-)
dm_d3731965	WCI-Project	STS--WCI	รอโครงการใหม่	Close							2160000	0.10	THB	2025-03-27		2160000				รอโครงการใหม่	WCI โอนสิทธิ์ ครั้งที่ 1 (ผูกกับ STS=STS-)
dm_c465b39a	WCI-Project	STS--WCI	รอโครงการใหม่	Close							2160000	0.10	THB	2025-03-27		2160000				รอโครงการใหม่	WCI โอนสิทธิ์ ครั้งที่ 1 (ผูกกับ STS=STS-)
dm_6d91a234	WCI-Project	STS--WCI	รอโครงการใหม่	Close							2160000	0.10	THB	2025-03-27		2160000				รอโครงการใหม่	WCI โอนสิทธิ์ ครั้งที่ 1 (ผูกกับ STS=STS-)
dm_11b45584	WCI-Project	STS--WCI	รอโครงการใหม่	Close							2160000	0.10	THB	2025-03-27		2160000				รอโครงการใหม่	WCI โอนสิทธิ์ ครั้งที่ 1 (ผูกกับ STS=STS-)
dm_874d5ab2	WCI-Project	STS--WCI	บ้านหัวแรต ม.10 ต.บัวโคก อ.ท่าตูม จ.สุรินทร์	Close			2025-05-13				2160000	0.10	THB	2025-03-27		2160000				บ้านหัวแรต ม.10 ต.บัวโคก อ.ท่าตูม จ.สุรินทร์	WCI โอนสิทธิ์ ครั้งที่ 1 (ผูกกับ STS=STS-)
dm_55733e47	WCI-Project	STS--WCI	รอโครงการใหม่	Close							1800000	0.10	THB	2025-03-27		1800000				รอโครงการใหม่	WCI โอนสิทธิ์ ครั้งที่ 1 (ผูกกับ STS=STS-)
dm_1a54463e	WCI-Project	STS--WCI	ม.10 ต.วังเย็น อ.แปลงยาว จ.ฉะเชิงเทรา	Close			2025-04-28				1800000	0.10	THB	2025-03-27		1800000				ม.10 ต.วังเย็น อ.แปลงยาว จ.ฉะเชิงเทรา	WCI โอนสิทธิ์ ครั้งที่ 1 (ผูกกับ STS=STS-)
dm_81038957	WCI-Project	STS--WCI	รอโครงการใหม่	Close							1360000	0.10	THB	2025-03-27		1360000				รอโครงการใหม่	WCI โอนสิทธิ์ ครั้งที่ 1 (ผูกกับ STS=STS-)
dm_39261343	WCI-Project	STS--WCI	รอโครงการใหม่	Close							1360000	0.10	THB	2025-03-27		1360000				รอโครงการใหม่	WCI โอนสิทธิ์ ครั้งที่ 1 (ผูกกับ STS=STS-)
dm_467d38f8	WCI-Project	STS--WCI	รอโครงการใหม่	Close							1360000	0.10	THB	2025-03-27		1360000				รอโครงการใหม่	WCI โอนสิทธิ์ ครั้งที่ 1 (ผูกกับ STS=STS-)
dm_2fa2473c	WCI-Project	STS--WCI	รอโครงการใหม่	Close							1360000	0.10	THB	2025-03-27		1360000				รอโครงการใหม่	WCI โอนสิทธิ์ ครั้งที่ 1 (ผูกกับ STS=STS-)
dm_3d7d4381	WCI-Project	STS--WCI	รอโครงการใหม่	Close							1360000	0.10	THB	2025-03-27		1360000				รอโครงการใหม่	WCI โอนสิทธิ์ ครั้งที่ 1 (ผูกกับ STS=STS-)
dm_e3cf72d9	WCI-Project	STS--WCI	รอโครงการใหม่	Close							1200000	0.10	THB	2025-03-27		1200000				รอโครงการใหม่	WCI โอนสิทธิ์ ครั้งที่ 1 (ผูกกับ STS=STS-)
dm_a18f0041	WCI-Project	STS--WCI	รอโครงการใหม่	Close							520000	0.10	THB	2025-03-27		520000				รอโครงการใหม่	WCI โอนสิทธิ์ ครั้งที่ 1 (ผูกกับ STS=STS-)
dm_b85ad976	WCI-Project	STS--WCI	รอโครงการใหม่	Close							520000	0.10	THB	2025-03-27		520000				รอโครงการใหม่	WCI โอนสิทธิ์ ครั้งที่ 1 (ผูกกับ STS=STS-)
dm_cca91e74	WCI-Project	STS--WCI	รอโครงการใหม่	Close							520000	0.10	THB	2025-03-27		520000				รอโครงการใหม่	WCI โอนสิทธิ์ ครั้งที่ 1 (ผูกกับ STS=STS-)
dm_7a8d4e1e	WCI-Project	STS--WCI	รอโครงการใหม่	Close							520000	0.10	THB	2025-03-27		520000				รอโครงการใหม่	WCI โอนสิทธิ์ ครั้งที่ 1 (ผูกกับ STS=STS-)
dm_7811399a	WCI-Project	STS--WCI	รอโครงการใหม่	Close							520000	0.10	THB	2025-03-27		520000				รอโครงการใหม่	WCI โอนสิทธิ์ ครั้งที่ 1 (ผูกกับ STS=STS-)
dm_40b3db6e	WCI-Project	STS--WCI	รอโครงการใหม่	Close							520000	0.10	THB	2025-03-27		520000				รอโครงการใหม่	WCI โอนสิทธิ์ ครั้งที่ 1 (ผูกกับ STS=STS-)
dm_e4fdd04b	WCI-Project	STS--WCI	บ้านโนนดินแดง ม.5 ต.โนนดินแดง อ.โนนดินแดง จ.บุรีรัมย์	Close			2025-05-16				520000	0.10	THB	2025-03-27		520000				บ้านโนนดินแดง ม.5 ต.โนนดินแดง อ.โนนดินแดง จ.บุรีรัมย์	WCI โอนสิทธิ์ ครั้งที่ 1 (ผูกกับ STS=STS-)
dm_464c63a7	WCI-Project	STS--WCI	บ้านโนนดินแดง(ศาลาประชาคม) ม.1 ต.โนนดินแดง อ.โนนดินแดง จ.บุรีรัมย์	Close			2025-05-16				520000	0.10	THB	2025-03-27		520000				บ้านโนนดินแดง(ศาลาประชาคม) ม.1 ต.โนนดินแดง อ.โนนดินแดง จ.บุรีรัมย์	WCI โอนสิทธิ์ ครั้งที่ 1 (ผูกกับ STS=STS-)
dm_0145c316	WCI-Project	STS--WCI	บ้านโนนดินแดง(ศาลาประชาคม) ม.13 ต.โนนดินแดง อ.โนนดินแดง จ.บุรีรัมย์	Close			2025-05-16				520000	0.10	THB	2025-03-27		520000				บ้านโนนดินแดง(ศาลาประชาคม) ม.13 ต.โนนดินแดง อ.โนนดินแดง จ.บุรีรัมย์	WCI โอนสิทธิ์ ครั้งที่ 1 (ผูกกับ STS=STS-)
dm_128c6d31	WCI-Project	STS--WCI	บ้านโนนดินแดง(ศาลาประชาคม) ม.3 ต.โนนดินแดง อ.โนนดินแดง จ.บุรีรัมย์	Close			2025-05-16				520000	0.10	THB	2025-03-27		520000				บ้านโนนดินแดง(ศาลาประชาคม) ม.3 ต.โนนดินแดง อ.โนนดินแดง จ.บุรีรัมย์	WCI โอนสิทธิ์ ครั้งที่ 1 (ผูกกับ STS=STS-)
dm_9b264f3c	WCI-Project	STS--WCI	บ้านโนนดินแดง(ศาลาประชาคม) ม.4 ต.โนนดินแดง อ.โนนดินแดง จ.บุรีรัมย์	Close			2025-05-16				520000	0.10	THB	2025-03-27		520000				บ้านโนนดินแดง(ศาลาประชาคม) ม.4 ต.โนนดินแดง อ.โนนดินแดง จ.บุรีรัมย์	WCI โอนสิทธิ์ ครั้งที่ 1 (ผูกกับ STS=STS-)
dm_78a58bd6	WCI-Project	STS--WCI	บ้านโนนดินแดง(ศาลาประชาคม) ม.6 ต.โนนดินแดง อ.โนนดินแดง จ.บุรีรัมย์	Close			2025-05-16				520000	0.10	THB	2025-03-27		520000				บ้านโนนดินแดง(ศาลาประชาคม) ม.6 ต.โนนดินแดง อ.โนนดินแดง จ.บุรีรัมย์	WCI โอนสิทธิ์ ครั้งที่ 1 (ผูกกับ STS=STS-)
dm_98291f90	WCI-Project	STS--WCI	บ้านโนนดินแดง(ศาลาประชาคม) ม.7 ต.โนนดินแดง อ.โนนดินแดง จ.บุรีรัมย์	Close			2025-05-16				520000	0.10	THB	2025-03-27		520000				บ้านโนนดินแดง(ศาลาประชาคม) ม.7 ต.โนนดินแดง อ.โนนดินแดง จ.บุรีรัมย์	WCI โอนสิทธิ์ ครั้งที่ 1 (ผูกกับ STS=STS-)
dm_362916de	WCI-Project	STS--WCI	บ้านโนนดินแดง(ศาลาประชาคม) ม.8 ต.โนนดินแดง อ.โนนดินแดง จ.บุรีรัมย์	Close			2025-05-16				520000	0.10	THB	2025-03-27		520000				บ้านโนนดินแดง(ศาลาประชาคม) ม.8 ต.โนนดินแดง อ.โนนดินแดง จ.บุรีรัมย์	WCI โอนสิทธิ์ ครั้งที่ 1 (ผูกกับ STS=STS-)
dm_f53c1324	WCI-Project	STS--WCI	บ้านโนนดินแดง(ศาลาประชาคม) ม.9 ต.โนนดินแดง อ.โนนดินแดง จ.บุรีรัมย์	Close			2025-05-16				520000	0.10	THB	2025-03-27		520000				บ้านโนนดินแดง(ศาลาประชาคม) ม.9 ต.โนนดินแดง อ.โนนดินแดง จ.บุรีรัมย์	WCI โอนสิทธิ์ ครั้งที่ 1 (ผูกกับ STS=STS-)
dm_158eeaf3	WCI-Project	STS--WCI	บ้านน้อยสะแกกวน(ศาลาประชาคม) ม.3 ต.ส้มป่อย อ.โนนดินแดง จ.บุรีรัมย์	Close			2025-05-16				520000	0.10	THB	2025-03-27		520000				บ้านน้อยสะแกกวน(ศาลาประชาคม) ม.3 ต.ส้มป่อย อ.โนนดินแดง จ.บุรีรัมย์	WCI โอนสิทธิ์ ครั้งที่ 1 (ผูกกับ STS=STS-)
dm_659f7c06	WCI-Project	STS--WCI	บ้านหนองสะแกกวน(ศาลาประชาคม) ม.6 ต.ส้มป่อย อ.โนนดินแดง จ.บุรีรัมย์	Close			2025-05-16				520000	0.10	THB	2025-03-27		520000				บ้านหนองสะแกกวน(ศาลาประชาคม) ม.6 ต.ส้มป่อย อ.โนนดินแดง จ.บุรีรัมย์	WCI โอนสิทธิ์ ครั้งที่ 1 (ผูกกับ STS=STS-)
dm_2dfbb56e	WCI-Project	STS--WCI	รอโครงการใหม่	Close							520000	0.10	THB	2025-03-27		520000				รอโครงการใหม่	WCI โอนสิทธิ์ ครั้งที่ 1 (ผูกกับ STS=STS-)
dm_d13f36de	WCI-Project	STS--WCI	รอโครงการใหม่	Close							520000	0.10	THB	2025-03-27		520000				รอโครงการใหม่	WCI โอนสิทธิ์ ครั้งที่ 1 (ผูกกับ STS=STS-)
dm_c51fe09b	WCI-Project	STS--WCI	รอโครงการใหม่	Close							520000	0.10	THB	2025-03-27		520000				รอโครงการใหม่	WCI โอนสิทธิ์ ครั้งที่ 1 (ผูกกับ STS=STS-)
dm_ad333a18	WCI-Project	STS--WCI	รอโครงการใหม่	Close							520000	0.10	THB	2025-03-27		520000				รอโครงการใหม่	WCI โอนสิทธิ์ ครั้งที่ 1 (ผูกกับ STS=STS-)
dm_493a31a6	WCI-Project	STS--WCI	รอโครงการใหม่	Close							440000	0.10	THB	2025-03-27		440000				รอโครงการใหม่	WCI โอนสิทธิ์ ครั้งที่ 1 (ผูกกับ STS=STS-)
dm_5196746a	WCI-Project	STS--WCI	รอโครงการใหม่	Close							440000	0.10	THB	2025-03-27		440000				รอโครงการใหม่	WCI โอนสิทธิ์ ครั้งที่ 1 (ผูกกับ STS=STS-)
dm_952a5798	WCI-Project	STS--WCI	รอโครงการใหม่	Close							440000	0.10	THB	2025-03-27		440000				รอโครงการใหม่	WCI โอนสิทธิ์ ครั้งที่ 1 (ผูกกับ STS=STS-)
dm_410a6e26	WCI-Project	STS--WCI	รอโครงการใหม่	Close							440000	0.10	THB	2025-03-27		440000				รอโครงการใหม่	WCI โอนสิทธิ์ ครั้งที่ 1 (ผูกกับ STS=STS-)
dm_f988bffc	WCI-Project	STS--WCI	รอโครงการใหม่	Close							440000	0.10	THB	2025-03-27		440000				รอโครงการใหม่	WCI โอนสิทธิ์ ครั้งที่ 1 (ผูกกับ STS=STS-)
dm_921cea2a	WCI-Project	STS--WCI	รอโครงการใหม่	Close							440000	0.10	THB	2025-03-27		440000				รอโครงการใหม่	WCI โอนสิทธิ์ ครั้งที่ 1 (ผูกกับ STS=STS-)
dm_5a7740d6	WCI-Project	STS--WCI	รอโครงการใหม่	Close							440000	0.10	THB	2025-03-27		440000				รอโครงการใหม่	WCI โอนสิทธิ์ ครั้งที่ 1 (ผูกกับ STS=STS-)
dm_b8363b7c	WCI-Project	STS--WCI	รอโครงการใหม่	Close							440000	0.10	THB	2025-03-27		440000				รอโครงการใหม่	WCI โอนสิทธิ์ ครั้งที่ 1 (ผูกกับ STS=STS-)
dm_5b8729fb	WCI-Project	STS--WCI	บ้านงิ้วเฒ่า ม.6 ต.ศรีดอนมูล อ.เชียงแสน จ.เชียงราย	Close			2025-05-26				440000	0.10	THB	2025-03-27		440000				บ้านงิ้วเฒ่า ม.6 ต.ศรีดอนมูล อ.เชียงแสน จ.เชียงราย	WCI โอนสิทธิ์ ครั้งที่ 1 (ผูกกับ STS=STS-)
dm_12f60d8d	WCI-Project	STS--WCI	รอโครงการใหม่	Close							440000	0.10	THB	2025-03-27		440000				รอโครงการใหม่	WCI โอนสิทธิ์ ครั้งที่ 1 (ผูกกับ STS=STS-)
dm_d1e12468	WCI-Project	STS--WCI	บ้านดอนทอง ม.12 ต.ออย อ.ปง จ.พะเยา	Close			2025-06-04				440000	0.10	THB	2025-03-27		440000				บ้านดอนทอง ม.12 ต.ออย อ.ปง จ.พะเยา	WCI โอนสิทธิ์ ครั้งที่ 1 (ผูกกับ STS=STS-)
dm_ea79f0c1	WCI-Project	STS--WCI	รอโครงการใหม่	Close							2160000	0.10	THB	2025-04-30		2160000				รอโครงการใหม่	WCI โอนสิทธิ์ ครั้งที่ 1 (ผูกกับ STS=STS-)
dm_78f7835c	WCI-Project	STS--WCI	รอโครงการใหม่	Close							2160000	0.10	THB	2025-05-09		2160000				รอโครงการใหม่	WCI โอนสิทธิ์ ครั้งที่ 1 (ผูกกับ STS=STS-)
dm_fbe10bb8	WCI-Project	STS--WCI	รอโครงการใหม่	Close							2160000	0.10	THB	2025-05-09		2160000				รอโครงการใหม่	WCI โอนสิทธิ์ ครั้งที่ 1 (ผูกกับ STS=STS-)
dm_1d80f50f	WCI-Project	STS--WCI	รอโครงการใหม่	Close							1680000	0.10	THB	2025-05-09		1680000				รอโครงการใหม่	WCI โอนสิทธิ์ ครั้งที่ 1 (ผูกกับ STS=STS-)
dm_41f64207	WCI-Project	STS--WCI	รอโครงการใหม่	Close							2160000	0.10	THB	2025-05-15		2160000				รอโครงการใหม่	WCI โอนสิทธิ์ ครั้งที่ 1 (ผูกกับ STS=STS-)
dm_4abe1543	WCI-Project	STS--WCI	รอโครงการใหม่	Close							2160000	0.10	THB	2025-05-15		2160000				รอโครงการใหม่	WCI โอนสิทธิ์ ครั้งที่ 1 (ผูกกับ STS=STS-)
dm_70ccf27f	WCI-Project	STS--WCI	รอโครงการใหม่	Close							2160000	0.10	THB	2025-05-15		2160000				รอโครงการใหม่	WCI โอนสิทธิ์ ครั้งที่ 1 (ผูกกับ STS=STS-)
dm_732c8fcd	WCI-Project	STS--WCI	รอโครงการใหม่	Close							2160000	0.10	THB	2025-05-15		2160000				รอโครงการใหม่	WCI โอนสิทธิ์ ครั้งที่ 1 (ผูกกับ STS=STS-)
dm_0b4b5074	WCI-Project	STS--WCI	รอโครงการใหม่	Close							2160000	0.10	THB	2025-05-15		2160000				รอโครงการใหม่	WCI โอนสิทธิ์ ครั้งที่ 1 (ผูกกับ STS=STS-)
dm_a167c3b1	WCI-Project	STS--WCI	รอโครงการใหม่	Close							2160000	0.10	THB	2025-05-15		2160000				รอโครงการใหม่	WCI โอนสิทธิ์ ครั้งที่ 1 (ผูกกับ STS=STS-)
dm_a2e8f9bd	WCI-Project	STS--WCI	รอโครงการใหม่	Close							2160000	0.10	THB	2025-05-15		2160000				รอโครงการใหม่	WCI โอนสิทธิ์ ครั้งที่ 1 (ผูกกับ STS=STS-)
dm_834e6eb5	WCI-Project	STS--WCI	รอโครงการใหม่	Close							2160000	0.10	THB	2025-05-15		2160000				รอโครงการใหม่	WCI โอนสิทธิ์ ครั้งที่ 1 (ผูกกับ STS=STS-)
dm_2fa7c7b1	WCI-Project	STS--WCI	รอโครงการใหม่	Close							2160000	0.10	THB	2025-05-15		2160000				รอโครงการใหม่	WCI โอนสิทธิ์ ครั้งที่ 1 (ผูกกับ STS=STS-)
dm_461e69a3	WCI-Project	STS--WCI	รอโครงการใหม่	Close							480000	0.10	THB	2025-05-15		480000				รอโครงการใหม่	WCI โอนสิทธิ์ ครั้งที่ 1 (ผูกกับ STS=STS-)
dm_119b07b3	WCI-Project	STS--WCI	รอโครงการใหม่	Close							80000	0.10	THB	2025-05-15		80000				รอโครงการใหม่	WCI โอนสิทธิ์ ครั้งที่ 1 (ผูกกับ STS=STS-)
dm_986be525	WCI-Project	STS--WCI	รอโครงการใหม่	Close							2160000	0.10	THB	2025-05-21		2160000				รอโครงการใหม่	WCI โอนสิทธิ์ ครั้งที่ 1 (ผูกกับ STS=STS-)
dm_c2e4c0bd	WCI-Project	STS--WCI	รอโครงการใหม่	Close							2140000	0.10	THB	2025-05-21		2140000				รอโครงการใหม่	WCI โอนสิทธิ์ ครั้งที่ 1 (ผูกกับ STS=STS-)
dm_85a004c3	WCI-Project	STS--WCI	รอโครงการใหม่	Close							2160000	0.10	THB	2025-05-28		2160000				รอโครงการใหม่	WCI โอนสิทธิ์ ครั้งที่ 1 (ผูกกับ STS=STS-)
dm_25fdf0b3	WCI-Project	STS--WCI	รอโครงการใหม่	Close							2160000	0.10	THB	2025-05-28		2160000				รอโครงการใหม่	WCI โอนสิทธิ์ ครั้งที่ 1 (ผูกกับ STS=STS-)
dm_0e70f59a	WCI-Project	STS--WCI	รอโครงการใหม่	Close							980000	0.10	THB	2025-05-28		980000				รอโครงการใหม่	WCI โอนสิทธิ์ ครั้งที่ 1 (ผูกกับ STS=STS-)
dm_b1f973f0	WCI-Project	STS--WCI	รอโครงการใหม่	Close							2160000	0.10	THB	2025-06-19		2160000				รอโครงการใหม่	WCI โอนสิทธิ์ ครั้งที่ 1 (ผูกกับ STS=STS-)
dm_5bf6d1fd	WCI-Project	STS--WCI	รอโครงการใหม่	Close							2000000	0.10	THB	2025-06-19		2000000				รอโครงการใหม่	WCI โอนสิทธิ์ ครั้งที่ 1 (ผูกกับ STS=STS-)
dm_774292fd	WCI-Project	STS--WCI-2	รอโครงการใหม่	Close							160000	0.10	THB	2025-06-27		160000				รอโครงการใหม่	WCI โอนสิทธิ์ ครั้งที่ 2 (ผูกกับ STS=STS-)
dm_c7ad6c7f	WCI-Project	STS--WCI	รอโครงการใหม่	Close							2160000	0.10	THB	2025-06-27		2160000				รอโครงการใหม่	WCI โอนสิทธิ์ ครั้งที่ 1 (ผูกกับ STS=STS-)
dm_14b6716f	WCI-Project	STS--WCI	รอโครงการใหม่	Close							2160000	0.10	THB	2025-06-27		2160000				รอโครงการใหม่	WCI โอนสิทธิ์ ครั้งที่ 1 (ผูกกับ STS=STS-)
dm_d5308c86	WCI-Project	STS--WCI	รอโครงการใหม่	Close							2160000	0.10	THB	2025-06-27		2160000				รอโครงการใหม่	WCI โอนสิทธิ์ ครั้งที่ 1 (ผูกกับ STS=STS-)
dm_3a1e0a00	WCI-Project	STS--WCI	รอโครงการใหม่	Close							2160000	0.10	THB	2025-06-27		2160000				รอโครงการใหม่	WCI โอนสิทธิ์ ครั้งที่ 1 (ผูกกับ STS=STS-)
dm_86114176	WCI-Project	STS--WCI	รอโครงการใหม่	Close							2160000	0.10	THB	2025-06-27		2160000				รอโครงการใหม่	WCI โอนสิทธิ์ ครั้งที่ 1 (ผูกกับ STS=STS-)
dm_4ddb371e	WCI-Project	STS--WCI	รอโครงการใหม่	Close							2160000	0.10	THB	2025-06-27		2160000				รอโครงการใหม่	WCI โอนสิทธิ์ ครั้งที่ 1 (ผูกกับ STS=STS-)
dm_6fd355be	WCI-Project	STS--WCI	รอโครงการใหม่	Close							580000	0.10	THB	2025-06-27		580000				รอโครงการใหม่	WCI โอนสิทธิ์ ครั้งที่ 1 (ผูกกับ STS=STS-)
dm_eee1c71b	WCI-Project	STS--WCI	รอโครงการใหม่	Close							2160000	0.10	THB	2025-07-25		2160000				รอโครงการใหม่	WCI โอนสิทธิ์ ครั้งที่ 1 (ผูกกับ STS=STS-)
dm_1a35f65f	WCI-Project	STS--WCI	รอโครงการใหม่	Close							2160000	0.10	THB	2025-07-25		2160000				รอโครงการใหม่	WCI โอนสิทธิ์ ครั้งที่ 1 (ผูกกับ STS=STS-)
dm_f8bc4ba8	WCI-Project	STS--WCI	รอโครงการใหม่	Close							2160000	0.10	THB	2025-07-25		2160000				รอโครงการใหม่	WCI โอนสิทธิ์ ครั้งที่ 1 (ผูกกับ STS=STS-)
dm_399085f4	WCI-Project	STS--WCI	รอโครงการใหม่	Close							2160000	0.10	THB	2025-07-25		2160000				รอโครงการใหม่	WCI โอนสิทธิ์ ครั้งที่ 1 (ผูกกับ STS=STS-)
dm_86f71188	WCI-Project	STS--WCI	รอโครงการใหม่	Close							860000	0.10	THB	2025-07-25		860000				รอโครงการใหม่	WCI โอนสิทธิ์ ครั้งที่ 1 (ผูกกับ STS=STS-)
dm_0120e0fa	WCI-Project	STS--WCI	รอโครงการใหม่	Close							2160000	0.10	THB	2025-07-31		2160000				รอโครงการใหม่	WCI โอนสิทธิ์ ครั้งที่ 1 (ผูกกับ STS=STS-)
dm_71fc8d6b	WCI-Project	STS--WCI	รอโครงการใหม่	Close							2160000	0.10	THB	2025-07-31		2160000				รอโครงการใหม่	WCI โอนสิทธิ์ ครั้งที่ 1 (ผูกกับ STS=STS-)
dm_2ed30d29	WCI-Project	STS--WCI	รอโครงการใหม่	Close							2080000	0.10	THB	2025-07-31		2080000				รอโครงการใหม่	WCI โอนสิทธิ์ ครั้งที่ 1 (ผูกกับ STS=STS-)
dm_6b0f5523	WCI-Project	STS--WCI	รอโครงการใหม่	Close							2220000	0.10	THB	2025-11-07		2220000				รอโครงการใหม่	WCI โอนสิทธิ์ ครั้งที่ 1 (ผูกกับ STS=STS-)
dm_fbe70fc2	WCI-Project	STS--WCI	รอโครงการใหม่	Close							2220000	0.10	THB	2025-11-07		2220000				รอโครงการใหม่	WCI โอนสิทธิ์ ครั้งที่ 1 (ผูกกับ STS=STS-)
dm_57e7ecf5	WCI-Project	STS--WCI	รอโครงการใหม่	Close							2160000	0.10	THB	2025-11-07		2160000				รอโครงการใหม่	WCI โอนสิทธิ์ ครั้งที่ 1 (ผูกกับ STS=STS-)
dm_c6c70bb8	WCI-Project	STS--WCI	รอโครงการใหม่	Close							520000	0.10	THB	2025-11-07		520000				รอโครงการใหม่	WCI โอนสิทธิ์ ครั้งที่ 1 (ผูกกับ STS=STS-)
dm_5704af7a	WCI-Project	STS--WCI	ป่าช้าโคกมะยอ ม.1 ต.โคกสะอาด อ.หนองแซง จ.สระบุรี	Active							2160000	0.10	THB	2025-10-31		2160000				ป่าช้าโคกมะยอ ม.1 ต.โคกสะอาด อ.หนองแซง จ.สระบุรี	WCI โอนสิทธิ์ ครั้งที่ 1 (ผูกกับ STS=STS-)
dm_73e25aeb	WCI-Project	STS--WCI	ม.5 ต.เจริญธรรม อ.วิหารแดง จ.สระบุรี	Active							2160000	0.10	THB	2025-10-31		2160000				ม.5 ต.เจริญธรรม อ.วิหารแดง จ.สระบุรี	WCI โอนสิทธิ์ ครั้งที่ 1 (ผูกกับ STS=STS-)
dm_92196321	WCI-Project	STS--WCI	บ้านเขาเฒ่า ม.3 ต.บางเตย อ.เมืองพังงา จ.พังงา	Active							2160000	0.10	THB	2025-10-31		2160000				บ้านเขาเฒ่า ม.3 ต.บางเตย อ.เมืองพังงา จ.พังงา	WCI โอนสิทธิ์ ครั้งที่ 1 (ผูกกับ STS=STS-)
dm_74b54cd6	WCI-Project	STS--WCI	บ้านบ้านหัวรัง ม.2 ต.ดอนเจดีย์ อ.พนมทวน จ.กาญจนบุรี	Active			-2146826246				2160000	0.10	THB	2025-10-31		2160000				บ้านบ้านหัวรัง ม.2 ต.ดอนเจดีย์ อ.พนมทวน จ.กาญจนบุรี	WCI โอนสิทธิ์ ครั้งที่ 1 (ผูกกับ STS=STS-)
dm_6126ff3e	WCI-Project	STS--WCI	บ้านเทิดไท้ ม.5 ต.หาดทรายรี อ.เมืองชุมพร จ.ชุมพร	Active							2160000	0.10	THB	2025-10-31		2160000				บ้านเทิดไท้ ม.5 ต.หาดทรายรี อ.เมืองชุมพร จ.ชุมพร	WCI โอนสิทธิ์ ครั้งที่ 1 (ผูกกับ STS=STS-)
dm_c0166270	WCI-Project	STS--WCI	รอโครงการใหม่	Close							520000	0.10	THB	2025-10-31		520000				รอโครงการใหม่	WCI โอนสิทธิ์ ครั้งที่ 1 (ผูกกับ STS=STS-)
dm_64c8ba7f	WCI-Project	STS--WCI	บ้านน้ำโท้ง ม.1 ต.เถินบุรี อ.เถิน จ.ลำปาง	Active			122				2160000	0.10	THB	2025-10-31		2160000				บ้านน้ำโท้ง ม.1 ต.เถินบุรี อ.เถิน จ.ลำปาง	WCI โอนสิทธิ์ ครั้งที่ 1 (ผูกกับ STS=STS-)
dm_b5511b9f	WCI-Project	STS--WCI	รอโครงการใหม่	Close							520000	0.10	THB	2025-10-31		520000				รอโครงการใหม่	WCI โอนสิทธิ์ ครั้งที่ 1 (ผูกกับ STS=STS-)
dm_b79fbee2	WCI-Project	STS--WCI	รอโครงการใหม่	Close							2160000	0.10	THB	2025-12-26		2160000				รอโครงการใหม่	WCI โอนสิทธิ์ ครั้งที่ 1 (ผูกกับ STS=STS-)
dm_253fadd0	WCI-Project	STS--WCI	รอโครงการใหม่	Close							520000	0.10	THB	2025-12-26		520000				รอโครงการใหม่	WCI โอนสิทธิ์ ครั้งที่ 1 (ผูกกับ STS=STS-)
dm_894a1683	WCI-Project	STS--WCI	รอโครงการใหม่	Close							2160000	0.10	THB	2025-12-26		2160000				รอโครงการใหม่	WCI โอนสิทธิ์ ครั้งที่ 1 (ผูกกับ STS=STS-)
dm_536b8b14	WCI-Project	STS-WTP680219-001-WCI	รอโครงการใหม่	Close							2160000	0.10	THB	2026-01-30		2160000				รอโครงการใหม่	WCI โอนสิทธิ์ ครั้งที่ 1 (ผูกกับ STS=STS-WTP680219-001)
dm_184981ec	WCI-Project	STS--WCI	ม.4 ต.ห้วยยาง อ.ทับสะแก จ.ประจวบคีรีขันธ์	Active			-2146826246				2160000	0.10	THB	2026-01-30		2160000				ม.4 ต.ห้วยยาง อ.ทับสะแก จ.ประจวบคีรีขันธ์	WCI โอนสิทธิ์ ครั้งที่ 1 (ผูกกับ STS=STS-)
dm_68e712a7	WCI-Project	STS--WCI	บ้านโนนสว่าง ม.4 ต.วังม่วง อ.เปือยน้อย จ.ขอนแก่น	Active							2160000	0.10	THB	2026-01-30		2160000				บ้านโนนสว่าง ม.4 ต.วังม่วง อ.เปือยน้อย จ.ขอนแก่น	WCI โอนสิทธิ์ ครั้งที่ 1 (ผูกกับ STS=STS-)
dm_eed6cd41	WCI-Project	STS--WCI	บ้านไค้นุ่น (อบต.หลังเก่า) ม.2 ต.ไค้นุ่น อ.ห้วยผึ้ง จ.กาฬสินธุ์	Active			2026-09-01				2160000	0.10	THB	2026-01-30		2160000				บ้านไค้นุ่น (อบต.หลังเก่า) ม.2 ต.ไค้นุ่น อ.ห้วยผึ้ง จ.กาฬสินธุ์	WCI โอนสิทธิ์ ครั้งที่ 1 (ผูกกับ STS=STS-)
dm_e2fbfe6d	WCI-Project	STS--WCI	รอโครงการใหม่	Close							60000	0.10	THB	2026-01-30		60000				รอโครงการใหม่	WCI โอนสิทธิ์ ครั้งที่ 1 (ผูกกับ STS=STS-)