dm_b40d7e80	STS	STS-WTP670529-001	ENC002-PL-บ้านไร่ ม.8 ต.นายาง อ.สบปราบ จ.ลำปาง	Close			2024-05-24				540000	0.15	THB	2024-06-17		540000			ENC002	ENC002-PL-บ้านไร่ ม.8 ต.นายาง อ.สบปราบ จ.ลำปาง	STS โอนสิทธิ์ - มูลค่าสัญญา 5400000	
dm_14e8a435	WCI-Project	STS-WTP670529-001-WCI	ENC002-PL-บ้านไร่ ม.8 ต.นายาง อ.สบปราบ จ.ลำปาง	Close			2024-05-24				2008000	0.10	THB	2024-05-15		2008000			ENC002	ENC002-PL-บ้านไร่ ม.8 ต.นายาง อ.สบปราบ จ.ลำปาง	WCI โอนสิทธิ์ (ผูกกับ STS=STS-WTP670529-001)	
dm_3bc66d9a	STS	STS-WTP670513-001(130)	PP001-PL-ม.8 ต.ท่าบอน อ.ระโนด จ.สงขลา	Close			2024-03-21				540000	0.15	THB	2024-06-05		540000			PP001	PP001-PL-ม.8 ต.ท่าบอน อ.ระโนด จ.สงขลา	STS โอนสิทธิ์ - มูลค่าสัญญา 5400000	
dm_dc78f47a	WCI-Project	STS-WTP670513-001(130)-WCI	PP001-PL-ม.8 ต.ท่าบอน อ.ระโนด จ.สงขลา	Close			2024-03-21				2160000	0.10	THB	2024-05-15		2160000			PP001	PP001-PL-ม.8 ต.ท่าบอน อ.ระโนด จ.สงขลา	WCI โอนสิทธิ์ (ผูกกับ STS=STS-WTP670513-001(130))	
dm_4fa43e8c	STS	STS-WTP670529-002	INS001-PL-บ้านนาขุม ม.1 ต.นาขุม อ.บ้านโคก จ.อุตรดิตถ์	Close			2024-05-23				540000	0.15	THB	2024-06-27		540000			INS001	INS001-PL-บ้านนาขุม ม.1 ต.นาขุม อ.บ้านโคก จ.อุตรดิตถ์	STS โอนสิทธิ์ - มูลค่าสัญญา 5400000	
dm_8b952e3c	WCI-Project	STS-WTP670529-002-WCI	INS001-PL-บ้านนาขุม ม.1 ต.นาขุม อ.บ้านโคก จ.อุตรดิตถ์	Close			2024-05-23				2160000	0.10	THB	2024-05-15		2160000			INS001	INS001-PL-บ้านนาขุม ม.1 ต.นาขุม อ.บ้านโคก จ.อุตรดิตถ์	WCI โอนสิทธิ์ (ผูกกับ STS=STS-WTP670529-002)	
dm_edd710e1	STS	STS-WTP670529-003	PP002-PL-บ้านหารบัว ม.9 ต.ทุ่งนารี อ.ป่าบอน จ.พัทลุง	Close			2024-05-27				540000	0.15	THB	2024-06-27		540000			PP002	PP002-PL-บ้านหารบัว ม.9 ต.ทุ่งนารี อ.ป่าบอน จ.พัทลุง	STS โอนสิทธิ์ - มูลค่าสัญญา 5400000	
dm_ad7a2ebf	WCI-Project	STS-WTP670529-003-WCI	PP002-PL-บ้านหารบัว ม.9 ต.ทุ่งนารี อ.ป่าบอน จ.พัทลุง	Close			2024-05-27				2008000	0.10	THB	2024-06-04		2008000			PP002	PP002-PL-บ้านหารบัว ม.9 ต.ทุ่งนารี อ.ป่าบอน จ.พัทลุง	WCI โอนสิทธิ์ (ผูกกับ STS=STS-WTP670529-003)	
dm_331d05d1	STS	STS-WTP670529-004	TTI001-PL-บ้านหนองรี ม.5 ต.เมืองเก่า อ.กบินทร์บุรี จ.ปราจีนบุรี	Close			2024-05-28				539900	0.15	THB	2024-06-27		539900			TTI001	TTI001-PL-บ้านหนองรี ม.5 ต.เมืองเก่า อ.กบินทร์บุรี จ.ปราจีนบุรี	STS โอนสิทธิ์ - มูลค่าสัญญา 5399000	
dm_0c6980cd	WCI-Project	STS-WTP670529-004-WCI	TTI001-PL-บ้านหนองรี ม.5 ต.เมืองเก่า อ.กบินทร์บุรี จ.ปราจีนบุรี	Close			2024-05-28				2159600	0.10	THB	2024-06-04		2159600			TTI001	TTI001-PL-บ้านหนองรี ม.5 ต.เมืองเก่า อ.กบินทร์บุรี จ.ปราจีนบุรี	WCI โอนสิทธิ์ (ผูกกับ STS=STS-WTP670529-004)	
dm_0a6e9804	STS	STS-WTP670610-001(142)	ENC018-PL-บ้านเนินสำราญ ม.2 ต.ไทรงาม อ.ไทรงาม จ.กำแพงเพชร	Close			2024-06-11				540000	0.15	THB	2024-07-31		540000			ENC018	ENC018-PL-บ้านเนินสำราญ ม.2 ต.ไทรงาม อ.ไทรงาม จ.กำแพงเพชร	STS โอนสิทธิ์ - มูลค่าสัญญา 5400000	
dm_073a50b3	WCI-Project	STS-WTP670610-001(142)-WCI	ENC018-PL-บ้านเนินสำราญ ม.2 ต.ไทรงาม อ.ไทรงาม จ.กำแพงเพชร	Close			2024-06-11				2008000	0.10	THB	2024-06-05		2008000			ENC018	ENC018-PL-บ้านเนินสำราญ ม.2 ต.ไทรงาม อ.ไทรงาม จ.กำแพงเพชร	WCI โอนสิทธิ์ (ผูกกับ STS=STS-WTP670610-001(142))	
dm_1c42d7a3	STS	STS-WTP670610-002(143)	STR007-PL-บ้านย่านยาว ม.3 ต.ย่านยาว อ.สามชุก จ.สุพรรณบุรี	Close			2024-06-10				540000	0.15	THB	2024-07-31		540000			STR007	STR007-PL-บ้านย่านยาว ม.3 ต.ย่านยาว อ.สามชุก จ.สุพรรณบุรี	STS โอนสิทธิ์ - มูลค่าสัญญา 5400000	
dm_d6e43354	WCI-Project	STS-WTP670610-002(143)-WCI	STR007-PL-บ้านย่านยาว ม.3 ต.ย่านยาว อ.สามชุก จ.สุพรรณบุรี	Close			2024-06-10				2160000	0.10	THB	2024-06-07		2160000			STR007	STR007-PL-บ้านย่านยาว ม.3 ต.ย่านยาว อ.สามชุก จ.สุพรรณบุรี	WCI โอนสิทธิ์ (ผูกกับ STS=STS-WTP670610-002(143))	
dm_dbbb2683	STS	STS-WTP670529-009 (140)	ENC001-PL-บ้านนา ม.2 ต.บ้านนา อ.วชิรบารมี จ.พิจิตร	Close			2024-05-24				540000	0.15	THB	2024-07-30		540000			ENC001	ENC001-PL-บ้านนา ม.2 ต.บ้านนา อ.วชิรบารมี จ.พิจิตร	STS โอนสิทธิ์ - มูลค่าสัญญา 5397000	
dm_7607fcd0	WCI-Project	STS-WTP670529-009 (140)-WCI	ENC001-PL-บ้านนา ม.2 ต.บ้านนา อ.วชิรบารมี จ.พิจิตร	Close			2024-05-24				2160000	0.10	THB	2024-06-19		2160000			ENC001	ENC001-PL-บ้านนา ม.2 ต.บ้านนา อ.วชิรบารมี จ.พิจิตร	WCI โอนสิทธิ์ (ผูกกับ STS=STS-WTP670529-009 (140))	
dm_880e81b0	STS	STS-WTP670529-005 (136)	ENC006-PL-บ้านโนนสะอาด ม.2 ต.บ้านแวง อ.พุทไธสง จ.บุรีรัมย์	Close			2024-05-27				540000	0.15	THB	2024-07-15		540000			ENC006	ENC006-PL-บ้านโนนสะอาด ม.2 ต.บ้านแวง อ.พุทไธสง จ.บุรีรัมย์	STS โอนสิทธิ์ - มูลค่าสัญญา 5400000	
dm_39a1b740	WCI-Project	STS-WTP670529-005 (136)-WCI	ENC006-PL-บ้านโนนสะอาด ม.2 ต.บ้านแวง อ.พุทไธสง จ.บุรีรัมย์	Close			2024-05-27				2160000	0.10	THB	2024-06-21		2160000			ENC006	ENC006-PL-บ้านโนนสะอาด ม.2 ต.บ้านแวง อ.พุทไธสง จ.บุรีรัมย์	WCI โอนสิทธิ์ (ผูกกับ STS=STS-WTP670529-005 (136))	
dm_1874fc3e	STS	STS-WTP670529-006 (137)	ENC005-PL-บ้านแวง ม.1 ต.บ้านแวง อ.พุทไธสง จ.บุรีรัมย์	Close			2024-05-27				540000	0.15	THB	2024-07-30		540000			ENC005	ENC005-PL-บ้านแวง ม.1 ต.บ้านแวง อ.พุทไธสง จ.บุรีรัมย์	STS โอนสิทธิ์ - มูลค่าสัญญา 5400000	
dm_d3718bdd	WCI-Project	STS-WTP670529-006 (137)-WCI	ENC005-PL-บ้านแวง ม.1 ต.บ้านแวง อ.พุทไธสง จ.บุรีรัมย์	Close			2024-05-27				2160000	0.10	THB	2024-06-21		2160000			ENC005	ENC005-PL-บ้านแวง ม.1 ต.บ้านแวง อ.พุทไธสง จ.บุรีรัมย์	WCI โอนสิทธิ์ (ผูกกับ STS=STS-WTP670529-006 (137))	
dm_c9811dfd	STS	STS-WTP670529-007 (138)	ENC007-PL-บ้านสระแวง ม.7 ต.บ้านแวง อ.พุทไธสง จ.บุรีรัมย์	Close			2024-05-27				540000	0.15	THB	2024-07-30		540000			ENC007	ENC007-PL-บ้านสระแวง ม.7 ต.บ้านแวง อ.พุทไธสง จ.บุรีรัมย์	STS โอนสิทธิ์ - มูลค่าสัญญา 5400000	
dm_a7557b3e	WCI-Project	STS-WTP670529-007 (138)-WCI	ENC007-PL-บ้านสระแวง ม.7 ต.บ้านแวง อ.พุทไธสง จ.บุรีรัมย์	Close			2024-05-27				2160000	0.10	THB	2024-06-21		2160000			ENC007	ENC007-PL-บ้านสระแวง ม.7 ต.บ้านแวง อ.พุทไธสง จ.บุรีรัมย์	WCI โอนสิทธิ์ (ผูกกับ STS=STS-WTP670529-007 (138))	
dm_ac6deba3	STS	STS-WTP670529-008 (139)	ENC003-PL-บ้านทรายขาว ม.7 ต.ศรีดงเย็น อ.ไชยปราการ จ.เชียงใหม่	Close			2024-05-24				540000	0.15	THB	2024-07-30		540000			ENC003	ENC003-PL-บ้านทรายขาว ม.7 ต.ศรีดงเย็น อ.ไชยปราการ จ.เชียงใหม่	STS โอนสิทธิ์ - มูลค่าสัญญา 5400000	
dm_a506b57b	WCI-Project	STS-WTP670529-008 (139)-WCI	ENC003-PL-บ้านทรายขาว ม.7 ต.ศรีดงเย็น อ.ไชยปราการ จ.เชียงใหม่	Close			2024-05-24				2160000	0.10	THB	2024-06-21		2160000			ENC003	ENC003-PL-บ้านทรายขาว ม.7 ต.ศรีดงเย็น อ.ไชยปราการ จ.เชียงใหม่	WCI โอนสิทธิ์ (ผูกกับ STS=STS-WTP670529-008 (139))	
dm_703b41bd	STS	STS-WTP670627-001(145)	PP003-PL-บ้านม่วง ม.3 ต.เขาย่า อ.ศรีบรรพต จ.พัทลุง	Close			2024-05-28				520000	0.15	THB	2024-07-30		520000			PP003	PP003-PL-บ้านม่วง ม.3 ต.เขาย่า อ.ศรีบรรพต จ.พัทลุง	STS โอนสิทธิ์ - มูลค่าสัญญา 5200000	
dm_d5a24634	WCI-Project	STS-WTP670627-001(145)-WCI	PP003-PL-บ้านม่วง ม.3 ต.เขาย่า อ.ศรีบรรพต จ.พัทลุง	Close			2024-05-28				2080000	0.10	THB	2024-06-27		2080000			PP003	PP003-PL-บ้านม่วง ม.3 ต.เขาย่า อ.ศรีบรรพต จ.พัทลุง	WCI โอนสิทธิ์ (ผูกกับ STS=STS-WTP670627-001(145))	
dm_0927c67b	STS	STS-WTP670627-001(146)	ENC008-PM-บ้านหนองพนัง ม.1 ต.โป่งน้ำร้อน อ.ฝาง จ.เชียงใหม่	Close			2024-05-28				340000	0.15	THB	2024-07-31		340000			ENC008	ENC008-PM-บ้านหนองพนัง ม.1 ต.โป่งน้ำร้อน อ.ฝาง จ.เชียงใหม่	STS โอนสิทธิ์ - มูลค่าสัญญา 3400000	
dm_5527553b	WCI-Project	STS-WTP670627-001(146)-WCI	ENC008-PM-บ้านหนองพนัง ม.1 ต.โป่งน้ำร้อน อ.ฝาง จ.เชียงใหม่	Close			2024-05-28				1360000	0.10	THB	2024-06-27		1360000			ENC008	ENC008-PM-บ้านหนองพนัง ม.1 ต.โป่งน้ำร้อน อ.ฝาง จ.เชียงใหม่	WCI โอนสิทธิ์ (ผูกกับ STS=STS-WTP670627-001(146))	
dm_eff6c882	STS	STS-WTP670627-001(147)	ENC017-PM-บ้านจิตเสือเต้น ม.4 ต.เขาเจ็ดลูก อ.ทับคล้อ จ.พิจิตร	Close			2024-06-10				338000	0.15	THB	2024-07-31		338000			ENC017	ENC017-PM-บ้านจิตเสือเต้น ม.4 ต.เขาเจ็ดลูก อ.ทับคล้อ จ.พิจิตร	STS โอนสิทธิ์ - มูลค่าสัญญา 3380000	
dm_8b7b55aa	WCI-Project	STS-WTP670627-001(147)-WCI	ENC017-PM-บ้านจิตเสือเต้น ม.4 ต.เขาเจ็ดลูก อ.ทับคล้อ จ.พิจิตร	Close			2024-06-10				2008000	0.10	THB	2024-06-27		2008000			ENC017	ENC017-PM-บ้านจิตเสือเต้น ม.4 ต.เขาเจ็ดลูก อ.ทับคล้อ จ.พิจิตร	WCI โอนสิทธิ์ (ผูกกับ STS=STS-WTP670627-001(147))	
dm_34430498	STS	STS-WTP670627-001(148)	ENC004-PL-บ้านหว้า ม.2 ต.ตาเสา อ.ห้วยราช จ.บุรีรัมย์	Close			2024-05-27				520000	0.15	THB	2024-07-31		520000			ENC004	ENC004-PL-บ้านหว้า ม.2 ต.ตาเสา อ.ห้วยราช จ.บุรีรัมย์	STS โอนสิทธิ์ - มูลค่าสัญญา 5200000	
dm_3172aace	WCI-Project	STS-WTP670627-001(148)-WCI	ENC004-PL-บ้านหว้า ม.2 ต.ตาเสา อ.ห้วยราช จ.บุรีรัมย์	Close			2024-05-27				2008000	0.10	THB	2024-06-27		2008000			ENC004	ENC004-PL-บ้านหว้า ม.2 ต.ตาเสา อ.ห้วยราช จ.บุรีรัมย์	WCI โอนสิทธิ์ (ผูกกับ STS=STS-WTP670627-001(148))	
dm_52dd1a6c	STS	STS-WTP670529-010(141)	INS002-PL-บ้านหลวงป่ายาง ม.2 ต.น้ำอ่าง อ.ตรอน จ.อุตรดิตถ์	Close			2024-05-27				540000	0.15	THB	2024-08-27		540000			INS002	INS002-PL-บ้านหลวงป่ายาง ม.2 ต.น้ำอ่าง อ.ตรอน จ.อุตรดิตถ์	STS โอนสิทธิ์ - มูลค่าสัญญา 5382196.24	
dm_3841cc4d	WCI-Project	STS-WTP670529-010(141)-WCI	INS002-PL-บ้านหลวงป่ายาง ม.2 ต.น้ำอ่าง อ.ตรอน จ.อุตรดิตถ์	Close			2024-05-27				2008000	0.10	THB	2024-07-12		2008000			INS002	INS002-PL-บ้านหลวงป่ายาง ม.2 ต.น้ำอ่าง อ.ตรอน จ.อุตรดิตถ์	WCI โอนสิทธิ์ (ผูกกับ STS=STS-WTP670529-010(141))	
dm_8a2f4516	STS	STS-WTP670730-001(152)	PP007-PL-บ้านท่าสะอาด ม.7 ต.คำสร้างเที่ยง อ.สามชัย จ.กาฬสินธุ์	Close			2024-06-11				540000	0.15	THB	2024-07-31		540000			PP007	PP007-PL-บ้านท่าสะอาด ม.7 ต.คำสร้างเที่ยง อ.สามชัย จ.กาฬสินธุ์	STS โอนสิทธิ์ - มูลค่าสัญญา 5400000	
dm_c205e974	WCI-Project	STS-WTP670730-001(152)-WCI	PP007-PL-บ้านท่าสะอาด ม.7 ต.คำสร้างเที่ยง อ.สามชัย จ.กาฬสินธุ์	Close			2024-06-11				2160000	0.10	THB	2024-07-30		2160000			PP007	PP007-PL-บ้านท่าสะอาด ม.7 ต.คำสร้างเที่ยง อ.สามชัย จ.กาฬสินธุ์	WCI โอนสิทธิ์ (ผูกกับ STS=STS-WTP670730-001(152))	
dm_deccecb8	STS	STS-WTP670730-002(153)	PP008-PL-บ้านพิมูล ม.2 ต.พิมูล อ.ห้วยเม็ก จ.กาฬสินธุ์	Close			2024-06-12				540000	0.15	THB	2024-07-31		540000			PP008	PP008-PL-บ้านพิมูล ม.2 ต.พิมูล อ.ห้วยเม็ก จ.กาฬสินธุ์	STS โอนสิทธิ์ - มูลค่าสัญญา 5400000	
dm_473ef5bc	WCI-Project	STS-WTP670730-002(153)-WCI	PP008-PL-บ้านพิมูล ม.2 ต.พิมูล อ.ห้วยเม็ก จ.กาฬสินธุ์	Close			2024-06-12				2008000	0.10	THB	2024-07-30		2008000			PP008	PP008-PL-บ้านพิมูล ม.2 ต.พิมูล อ.ห้วยเม็ก จ.กาฬสินธุ์	WCI โอนสิทธิ์ (ผูกกับ STS=STS-WTP670730-002(153))	
dm_609869f1	STS	STS-WTP670730-003(154)	STR008-PL-เปรงพุทรา ม.10 ต.เลาขวัญ อ.เลาขวัญ จ.กาญจนบุรี	Close			2024-06-17				540000	0.15	THB	2024-07-31		540000			STR008	STR008-PL-เปรงพุทรา ม.10 ต.เลาขวัญ อ.เลาขวัญ จ.กาญจนบุรี	STS โอนสิทธิ์ - มูลค่าสัญญา 5395974.52	
dm_84feb491	WCI-Project	STS-WTP670730-003(154)-WCI	STR008-PL-เปรงพุทรา ม.10 ต.เลาขวัญ อ.เลาขวัญ จ.กาญจนบุรี	Close			2024-06-17				2160000	0.10	THB	2024-07-30		2160000			STR008	STR008-PL-เปรงพุทรา ม.10 ต.เลาขวัญ อ.เลาขวัญ จ.กาญจนบุรี	WCI โอนสิทธิ์ (ผูกกับ STS=STS-WTP670730-003(154))	
dm_656782f6	STS	STS-WTP670730-004(155)	STR006-PL-บ้านลำพระยา ม.1 ต.ย่านยาว อ.สามชุก จ.สุพรรณบุรี	Close			2024-06-10				540000	0.15	THB	2024-07-31		540000			STR006	STR006-PL-บ้านลำพระยา ม.1 ต.ย่านยาว อ.สามชุก จ.สุพรรณบุรี	STS โอนสิทธิ์ - มูลค่าสัญญา 5400000	
dm_f655c2e9	WCI-Project	STS-WTP670730-004(155)-WCI	STR006-PL-บ้านลำพระยา ม.1 ต.ย่านยาว อ.สามชุก จ.สุพรรณบุรี	Close			2024-06-10				560000	0.10	THB	2024-07-30		560000			STR006	STR006-PL-บ้านลำพระยา ม.1 ต.ย่านยาว อ.สามชุก จ.สุพรรณบุรี	WCI โอนสิทธิ์ (ผูกกับ STS=STS-WTP670730-004(155))	[{"date":"2024-08-09","amount":600000,"note":"WCI ครั้งที่ 2"},{"date":"2024-08-16","amount":1000000,"note":"WCI ครั้งที่ 3"}]
dm_660feeb2	STS	STS-WTP670730-005(156)	TTI004-PL-บ้านทุ่งกราด ม.8 ต.สะตอ อ.เขาสมิง จ.ตราด	Close			2024-06-21				540000	0.15	THB	2024-07-31		540000			TTI004	TTI004-PL-บ้านทุ่งกราด ม.8 ต.สะตอ อ.เขาสมิง จ.ตราด	STS โอนสิทธิ์ - มูลค่าสัญญา 5400000	
dm_df16b836	WCI-Project	STS-WTP670730-005(156)-WCI	TTI004-PL-บ้านทุ่งกราด ม.8 ต.สะตอ อ.เขาสมิง จ.ตราด	Close			2024-06-21				2160000	0.10	THB	2024-08-14		2160000			TTI004	TTI004-PL-บ้านทุ่งกราด ม.8 ต.สะตอ อ.เขาสมิง จ.ตราด	WCI โอนสิทธิ์ (ผูกกับ STS=STS-WTP670730-005(156))	
dm_6ec9b207	STS	STS-WTP670731-002(159)	PP011-PL-คำบอน ม.3 ต.ยางอู้ม อ.ท่าคันโท จ.กาฬสินธุ์	Close			2024-06-17				540000	0.15	THB	2024-07-31		540000			PP011	PP011-PL-คำบอน ม.3 ต.ยางอู้ม อ.ท่าคันโท จ.กาฬสินธุ์	STS โอนสิทธิ์ - มูลค่าสัญญา 5400000	
dm_4c8a74d0	WCI-Project	STS-WTP670731-002(159)-WCI	PP011-PL-คำบอน ม.3 ต.ยางอู้ม อ.ท่าคันโท จ.กาฬสินธุ์	Close			2024-06-17				2008000	0.10	THB	2024-08-16		2008000			PP011	PP011-PL-คำบอน ม.3 ต.ยางอู้ม อ.ท่าคันโท จ.กาฬสินธุ์	WCI โอนสิทธิ์ (ผูกกับ STS=STS-WTP670731-002(159))	
dm_40d6e6cb	STS	STS-WTP670731-003(160)	ENC019-PL-บ้านดอนไชย ม.4 ต.หลวงเหนือ อ.งาว จ.ลำปาง	Close			2024-06-12				540000	0.15	THB	2024-07-31		540000			ENC019	ENC019-PL-บ้านดอนไชย ม.4 ต.หลวงเหนือ อ.งาว จ.ลำปาง	STS โอนสิทธิ์ - มูลค่าสัญญา 5400000	
dm_49a8d71b	WCI-Project	STS-WTP670731-003(160)-WCI	ENC019-PL-บ้านดอนไชย ม.4 ต.หลวงเหนือ อ.งาว จ.ลำปาง	Close			2024-06-12				2008000	0.10	THB	2024-08-16		2008000			ENC019	ENC019-PL-บ้านดอนไชย ม.4 ต.หลวงเหนือ อ.งาว จ.ลำปาง	WCI โอนสิทธิ์ (ผูกกับ STS=STS-WTP670731-003(160))	
dm_b029c40c	STS	STS-WTP670731-001(158)/1	PP012-PM-บ้านบางหิน ม.5 ต.คลองชะอุ่น อ.พนม จ.สุราษฎร์ธานี	Close			2024-06-18				140000	0.15	THB	2024-07-31		140000			PP012	PP012-PM-บ้านบางหิน ม.5 ต.คลองชะอุ่น อ.พนม จ.สุราษฎร์ธานี	STS โอนสิทธิ์ - มูลค่าสัญญา 3400000	[{"date":"2024-08-29","amount":200000,"note":"STS ครั้งที่ 2"}]
dm_e7201cd2	WCI-Project	STS-WTP670731-001(158)/1-WCI	PP012-PM-บ้านบางหิน ม.5 ต.คลองชะอุ่น อ.พนม จ.สุราษฎร์ธานี	Close			2024-06-18				1019376	0.10	THB	2024-08-14		1019376			PP012	PP012-PM-บ้านบางหิน ม.5 ต.คลองชะอุ่น อ.พนม จ.สุราษฎร์ธานี	WCI โอนสิทธิ์ (ผูกกับ STS=STS-WTP670731-001(158)/1)	[{"date":"2024-08-16","amount":340624,"note":"WCI ครั้งที่ 2"}]
dm_9ff4419b	STS	STS-WTP6708001-001(161)	ENC032-PL-บ้านหนองนกคุ้ม ม.7 ต.หนองขาม อ.จักราช จ.นครราชสีมา	Close			2024-08-29	1			540000	0.15	THB	2024-08-01		540000			ENC032	ENC032-PL-บ้านหนองนกคุ้ม ม.7 ต.หนองขาม อ.จักราช จ.นครราชสีมา	STS โอนสิทธิ์ - มูลค่าสัญญา 5400000	
dm_554c4f1d	WCI-Project	STS-WTP6708001-001(161)-WCI	ENC032-PL-บ้านหนองนกคุ้ม ม.7 ต.หนองขาม อ.จักราช จ.นครราชสีมา	Close			2024-08-29	1			2160000	0.10	THB	2024-08-16		2160000			ENC032	ENC032-PL-บ้านหนองนกคุ้ม ม.7 ต.หนองขาม อ.จักราช จ.นครราชสีมา	WCI โอนสิทธิ์ (ผูกกับ STS=STS-WTP6708001-001(161))	
dm_dbccbd5a	STS	STS-WTP6708001-002(162)	ENC028-PL-หมู่บ้านหนองนกเขา ม.15 ต.หลุ่งตะเคียน อ.ห้วยแถลง จ.นครราชสีมา	Close			2024-08-09				540000	0.15	THB	2024-08-01		540000			ENC028	ENC028-PL-หมู่บ้านหนองนกเขา ม.15 ต.หลุ่งตะเคียน อ.ห้วยแถลง จ.นครราชสีมา	STS โอนสิทธิ์ - มูลค่าสัญญา 5400000	
dm_e34e1495	WCI-Project	STS-WTP6708001-002(162)-WCI	ENC028-PL-หมู่บ้านหนองนกเขา ม.15 ต.หลุ่งตะเคียน อ.ห้วยแถลง จ.นครราชสีมา	Close			2024-08-09				2160000	0.10	THB	2024-08-16		2160000			ENC028	ENC028-PL-หมู่บ้านหนองนกเขา ม.15 ต.หลุ่งตะเคียน อ.ห้วยแถลง จ.นครราชสีมา	WCI โอนสิทธิ์ (ผูกกับ STS=STS-WTP6708001-002(162))	
dm_5eb67e44	STS	STS-WTP671030-001(176)	AW077-PSL-ม.1 ต.โคกยาง อ.เหนือคลอง จ.กระบี่	Close			2024-10-17	12			450000	0.15	THB	2024-10-30		450000			AW077	AW077-PSL-ม.1 ต.โคกยาง อ.เหนือคลอง จ.กระบี่	STS โอนสิทธิ์ - มูลค่าสัญญา 4498000	
dm_480dc433	WCI-Project	STS-WTP671030-001(176)-WCI	AW077-PSL-ม.1 ต.โคกยาง อ.เหนือคลอง จ.กระบี่	Close			2024-10-17	12			1800000	0.10	THB	2024-08-16		1800000			AW077	AW077-PSL-ม.1 ต.โคกยาง อ.เหนือคลอง จ.กระบี่	WCI โอนสิทธิ์ (ผูกกับ STS=STS-WTP671030-001(176))	
dm_0b57865a	STS	STS-WTP671030-002(177)	AW078-PSL-ม.2 ต.โคกยาง อ.เหนือคลอง จ.กระบี่	Close			2024-10-17	13			450000	0.15	THB	2024-10-30		450000			AW078	AW078-PSL-ม.2 ต.โคกยาง อ.เหนือคลอง จ.กระบี่	STS โอนสิทธิ์ - มูลค่าสัญญา 4498000	
dm_10fbeb29	WCI-Project	STS-WTP671030-002(177)-WCI	AW078-PSL-ม.2 ต.โคกยาง อ.เหนือคลอง จ.กระบี่	Close			2024-10-17	13			1719376	0.10	THB	2024-08-16		1719376			AW078	AW078-PSL-ม.2 ต.โคกยาง อ.เหนือคลอง จ.กระบี่	WCI โอนสิทธิ์ (ผูกกับ STS=STS-WTP671030-002(177))	[{"date":"2024-08-23","amount":80624,"note":"WCI ครั้งที่ 2"}]
dm_7657ecbf	STS	STS-WTP671030-003(178)	AW079-PSL-ม.3 ต.โคกยาง อ.เหนือคลอง จ.กระบี่	Close			2024-10-17	14			450000	0.15	THB	2024-10-30		450000			AW079	AW079-PSL-ม.3 ต.โคกยาง อ.เหนือคลอง จ.กระบี่	STS โอนสิทธิ์ - มูลค่าสัญญา 4498000	
dm_adf07941	WCI-Project	STS-WTP671030-003(178)-WCI	AW079-PSL-ม.3 ต.โคกยาง อ.เหนือคลอง จ.กระบี่	Close			2024-10-17	14			1084376	0.10	THB	2024-08-23		1084376			AW079	AW079-PSL-ม.3 ต.โคกยาง อ.เหนือคลอง จ.กระบี่	WCI โอนสิทธิ์ (ผูกกับ STS=STS-WTP671030-003(178))	[{"date":"2024-08-26","amount":200000,"note":"WCI ครั้งที่ 2"},{"date":"2024-09-10","amount":515624,"note":"WCI ครั้งที่ 3"}]
dm_0557724b	STS	STS-WTP671030-004(179)	AW080-PSL-ม.4 ต.โคกยาง อ.เหนือคลอง จ.กระบี่	Close			2024-10-17	15			450000	0.15	THB	2024-10-30		450000			AW080	AW080-PSL-ม.4 ต.โคกยาง อ.เหนือคลอง จ.กระบี่	STS โอนสิทธิ์ - มูลค่าสัญญา 4498000	
dm_5f7c8c6a	WCI-Project	STS-WTP671030-004(179)-WCI	AW080-PSL-ม.4 ต.โคกยาง อ.เหนือคลอง จ.กระบี่	Close			2024-10-17	15			1800000	0.10	THB	2024-08-26		1800000			AW080	AW080-PSL-ม.4 ต.โคกยาง อ.เหนือคลอง จ.กระบี่	WCI โอนสิทธิ์ (ผูกกับ STS=STS-WTP671030-004(179))	
dm_5028b275	STS	STS-WTP671129-009(206)	AW099-PL-ม.6 ต.น้ำเป็น อ.เขาชะเมา จ.ระยอง	Close			2024-10-28				540000	0.15	THB	2024-11-29		540000			AW099	AW099-PL-ม.6 ต.น้ำเป็น อ.เขาชะเมา จ.ระยอง	STS โอนสิทธิ์ - มูลค่าสัญญา 5400000	
dm_73117250	WCI-Project	STS-WTP671129-009(206)-WCI	AW099-PL-ม.6 ต.น้ำเป็น อ.เขาชะเมา จ.ระยอง	Close			2024-10-28				2160000	0.10	THB	2024-08-30		2160000			AW099	AW099-PL-ม.6 ต.น้ำเป็น อ.เขาชะเมา จ.ระยอง	WCI โอนสิทธิ์ (ผูกกับ STS=STS-WTP671129-009(206))	
dm_6497ce95	STS	STS-WTP671129-010(207)	บ้านสว่าง ม.8 ต.หินตั้ง อ.บ้านไผ่ จ.ขอนแก่น	Close							540000	0.15	THB	2024-11-29		540000			0	บ้านสว่าง ม.8 ต.หินตั้ง อ.บ้านไผ่ จ.ขอนแก่น	STS โอนสิทธิ์ - มูลค่าสัญญา 5400000	
dm_e2792821	WCI-Project	STS-WTP671129-010(207)-WCI	บ้านสว่าง ม.8 ต.หินตั้ง อ.บ้านไผ่ จ.ขอนแก่น	Close							1040000	0.10	THB	2024-08-30		1040000			0	บ้านสว่าง ม.8 ต.หินตั้ง อ.บ้านไผ่ จ.ขอนแก่น	WCI โอนสิทธิ์ (ผูกกับ STS=STS-WTP671129-010(207))	[{"date":"2024-09-10","amount":1120000,"note":"WCI ครั้งที่ 2"}]
dm_bf969e63	STS	STS-WTP671030-005(180)	AW089-PL-ม.3 ต.เกษตรสุวรรณ อ.บ่อทอง จ.ชลบุรี	Close			2024-10-21	9			540000	0.15	THB	2024-10-30		540000			AW089	AW089-PL-ม.3 ต.เกษตรสุวรรณ อ.บ่อทอง จ.ชลบุรี	STS โอนสิทธิ์ - มูลค่าสัญญา 5382196.24	
dm_42a6ca77	WCI-Project	STS-WTP671030-005(180)-WCI	AW089-PL-ม.3 ต.เกษตรสุวรรณ อ.บ่อทอง จ.ชลบุรี	Close			2024-10-21	9			1864376	0.10	THB	2024-09-10		1864376			AW089	AW089-PL-ม.3 ต.เกษตรสุวรรณ อ.บ่อทอง จ.ชลบุรี	WCI โอนสิทธิ์ (ผูกกับ STS=STS-WTP671030-005(180))	[{"date":"2024-10-08","amount":295624,"note":"WCI ครั้งที่ 2"}]
dm_66ad083d	STS	STS-WTP671129-011(208)	บ้านแม่วะ ม.3 ต.สันดอกแก้ว อ.แม่ทะ จ.ลำปาง	Close							510000	0.15	THB	2024-11-29		510000			AW137	บ้านแม่วะ ม.3 ต.สันดอกแก้ว อ.แม่ทะ จ.ลำปาง	STS โอนสิทธิ์ - มูลค่าสัญญา 5400000	
dm_d049b6f8	WCI-Project	STS-WTP671129-011(208)-WCI	บ้านแม่วะ ม.3 ต.สันดอกแก้ว อ.แม่ทะ จ.ลำปาง	Close							2160000	0.10	THB	2024-09-13		2160000			AW137	บ้านแม่วะ ม.3 ต.สันดอกแก้ว อ.แม่ทะ จ.ลำปาง	WCI โอนสิทธิ์ (ผูกกับ STS=STS-WTP671129-011(208))	
dm_74bbdf6d	STS	STS-WTP671206-001(211)	บ้านแม่หีด ม.1 ต.วังแก้ว อ.วังเหนือ จ.ลำปาง	Close			2025-06-16				540000	0.15	THB	2024-12-06		540000			AW136	บ้านแม่หีด ม.1 ต.วังแก้ว อ.วังเหนือ จ.ลำปาง	STS โอนสิทธิ์ - มูลค่าสัญญา 5375000	
dm_7a2a3246	WCI-Project	STS-WTP671206-001(211)-WCI	บ้านแม่หีด ม.1 ต.วังแก้ว อ.วังเหนือ จ.ลำปาง	Close			2025-06-16				2160000	0.10	THB	2024-09-13		2160000			AW136	บ้านแม่หีด ม.1 ต.วังแก้ว อ.วังเหนือ จ.ลำปาง	WCI โอนสิทธิ์ (ผูกกับ STS=STS-WTP671206-001(211))	
dm_e9c84aab	STS	STS-WTP671206-002(212)	บ้านน้ำม้า ม.3 ต.สถาน อ.เชียงของ จ.เชียงราย PL	Close							540000	0.15	THB	2024-12-06		540000			0	บ้านน้ำม้า ม.3 ต.สถาน อ.เชียงของ จ.เชียงราย PL	STS โอนสิทธิ์ - มูลค่าสัญญา 5400000	
dm_550455e6	WCI-Project	STS-WTP671206-002(212)-WCI	บ้านน้ำม้า ม.3 ต.สถาน อ.เชียงของ จ.เชียงราย PL	Close							2160000	0.10	THB	2024-09-13		2160000			0	บ้านน้ำม้า ม.3 ต.สถาน อ.เชียงของ จ.เชียงราย PL	WCI โอนสิทธิ์ (ผูกกับ STS=STS-WTP671206-002(212))	
dm_2d5e2987	STS	STS-WTP671017-001(169)	AW068-PL-บ้านทุ่งไก่ดัก ม.4 ต.ท่ากุ่ม อ.เมืองตราด จ.ตราด	Close			2024-10-08	2			540000	0.15	THB	2024-10-17		540000			AW068	AW068-PL-บ้านทุ่งไก่ดัก ม.4 ต.ท่ากุ่ม อ.เมืองตราด จ.ตราด	STS โอนสิทธิ์ - มูลค่าสัญญา 5400000	
dm_5d55532b	WCI-Project	STS-WTP671017-001(169)-WCI	AW068-PL-บ้านทุ่งไก่ดัก ม.4 ต.ท่ากุ่ม อ.เมืองตราด จ.ตราด	Close			2024-10-08	2			1120000	0.10	THB	2024-09-13		1120000			AW068	AW068-PL-บ้านทุ่งไก่ดัก ม.4 ต.ท่ากุ่ม อ.เมืองตราด จ.ตราด	WCI โอนสิทธิ์ (ผูกกับ STS=STS-WTP671017-001(169))	[{"date":"2024-10-08","amount":1040000,"note":"WCI ครั้งที่ 2"}]
dm_ed3c6e63	STS	STS-WTP671030-006(181)	AW081-PSL-ม.5 ต.โคกยาง อ.เหนือคลอง จ.กระบี่	Close			2024-10-17	16			450000	0.15	THB	2024-10-30		450000			AW081	AW081-PSL-ม.5 ต.โคกยาง อ.เหนือคลอง จ.กระบี่	STS โอนสิทธิ์ - มูลค่าสัญญา 4498000	
dm_c8b9c422	WCI-Project	STS-WTP671030-006(181)-WCI	AW081-PSL-ม.5 ต.โคกยาง อ.เหนือคลอง จ.กระบี่	Close			2024-10-17	16			1700000	0.10	THB	2024-09-18		1700000			AW081	AW081-PSL-ม.5 ต.โคกยาง อ.เหนือคลอง จ.กระบี่	WCI โอนสิทธิ์ (ผูกกับ STS=STS-WTP671030-006(181))	[{"date":"2024-10-08","amount":100000,"note":"WCI ครั้งที่ 2"}]
dm_4fe7aaec	STS	STS-WTP671206-003(213)	INS029-PL-บ้านเขาสะท้อนบน ม.10 ต.หนองไม้แก่น อ.แปลงยาว จ.ฉะเชิงเทรา	Close			2025-01-23				540000	0.15	THB	2024-12-06		540000			0	INS029-PL-บ้านเขาสะท้อนบน ม.10 ต.หนองไม้แก่น อ.แปลงยาว จ.ฉะเชิงเทรา	STS โอนสิทธิ์ - มูลค่าสัญญา 5400000	
dm_69bd9ca1	WCI-Project	STS-WTP671206-003(213)-WCI	INS029-PL-บ้านเขาสะท้อนบน ม.10 ต.หนองไม้แก่น อ.แปลงยาว จ.ฉะเชิงเทรา	Close			2025-01-23				2160000	0.10	THB	2024-09-27		2160000			0	INS029-PL-บ้านเขาสะท้อนบน ม.10 ต.หนองไม้แก่น อ.แปลงยาว จ.ฉะเชิงเทรา	WCI โอนสิทธิ์ (ผูกกับ STS=STS-WTP671206-003(213))	
dm_26cb4bfa	STS	STS-WTP680219-001	โรงเรียนเทศบาลพญาเม็งราย ๑ (ทุ่งเจ้า) ต.แม่เปา อ.พญาเม็งราย จ.เชียงราย	Close							540000	0.15	THB	2025-02-20		540000				โรงเรียนเทศบาลพญาเม็งราย ๑ (ทุ่งเจ้า) ต.แม่เปา อ.พญาเม็งราย จ.เชียงราย	STS โอนสิทธิ์ - มูลค่าสัญญา 5400000	
dm_9c444c43	WCI-Project	STS-WTP680219-001-WCI	โรงเรียนเทศบาลพญาเม็งราย ๑ (ทุ่งเจ้า) ต.แม่เปา อ.พญาเม็งราย จ.เชียงราย	Close							2160000	0.10	THB	2024-09-27		2160000				โรงเรียนเทศบาลพญาเม็งราย ๑ (ทุ่งเจ้า) ต.แม่เปา อ.พญาเม็งราย จ.เชียงราย	WCI โอนสิทธิ์ (ผูกกับ STS=STS-WTP680219-001)	
dm_1f78ebac	STS	STS-WTP671218-001(229)	ENC114-PL-บ้านดอนข่า ม.5 ต.ทรายทอง อ.ศรีบุญเรือง จ.หนองบัวลำภู	Close			2025-04-18				540000	0.15	THB	2024-12-18		540000			0	ENC114-PL-บ้านดอนข่า ม.5 ต.ทรายทอง อ.ศรีบุญเรือง จ.หนองบัวลำภู	STS โอนสิทธิ์ - มูลค่าสัญญา 5400000	
dm_63d4d154	WCI-Project	STS-WTP671218-001(229)-WCI	ENC114-PL-บ้านดอนข่า ม.5 ต.ทรายทอง อ.ศรีบุญเรือง จ.หนองบัวลำภู	Close			2025-04-18				2160000	0.10	THB	2024-09-27		2160000			0	ENC114-PL-บ้านดอนข่า ม.5 ต.ทรายทอง อ.ศรีบุญเรือง จ.หนองบัวลำภู	WCI โอนสิทธิ์ (ผูกกับ STS=STS-WTP671218-001(229))	
dm_2954f784	STS	STS-WTP671129-008(205)	AW111-PL-ม.4 ต.พรุพี อ.บ้านนาสาร จ.สุราษฎร์ธานี	Close			2024-11-05				540000	0.15	THB	2024-11-29		540000			AW111	AW111-PL-ม.4 ต.พรุพี อ.บ้านนาสาร จ.สุราษฎร์ธานี	STS โอนสิทธิ์ - มูลค่าสัญญา 5400000	
dm_2f00e35a	WCI-Project	STS-WTP671129-008(205)-WCI	AW111-PL-ม.4 ต.พรุพี อ.บ้านนาสาร จ.สุราษฎร์ธานี	Close			2024-11-05				1020000	0.10	THB	2024-09-27		1020000			AW111	AW111-PL-ม.4 ต.พรุพี อ.บ้านนาสาร จ.สุราษฎร์ธานี	WCI โอนสิทธิ์ (ผูกกับ STS=STS-WTP671129-008(205))	[{"date":"2024-10-08","amount":1140000,"note":"WCI ครั้งที่ 2"}]
dm_e3fa7be3	STS	STS-WTP671031-001(184)	INS012-PL-บ้านผามูบ ม.7 ต.แม่พูล อ.ลับแล จ.อุตรดิตถ์	Close			2024-11-12				540000	0.15	THB	2024-10-31		540000			INS012	INS012-PL-บ้านผามูบ ม.7 ต.แม่พูล อ.ลับแล จ.อุตรดิตถ์	STS โอนสิทธิ์ - มูลค่าสัญญา 5398000	
dm_f543dab2	WCI-Project	STS-WTP671031-001(184)-WCI	INS012-PL-บ้านผามูบ ม.7 ต.แม่พูล อ.ลับแล จ.อุตรดิตถ์	Close			2024-11-12				2160000	0.10	THB	2024-10-08		2160000			INS012	INS012-PL-บ้านผามูบ ม.7 ต.แม่พูล อ.ลับแล จ.อุตรดิตถ์	WCI โอนสิทธิ์ (ผูกกับ STS=STS-WTP671031-001(184))	
dm_040fe521	STS	STS-WTP671031-002(185)	AW071-PL-ม.7 ต.ดอนยอ อ.เมืองนครนายก จ.นครนายก	Close			2024-10-10	17			540000	0.15	THB	2024-10-31		540000			AW071	AW071-PL-ม.7 ต.ดอนยอ อ.เมืองนครนายก จ.นครนายก	STS โอนสิทธิ์ - มูลค่าสัญญา 5400000	
dm_09a6e06d	WCI-Project	STS-WTP671031-002(185)-WCI	AW071-PL-ม.7 ต.ดอนยอ อ.เมืองนครนายก จ.นครนายก	Close			2024-10-10	17			2160000	0.10	THB	2024-10-30		2160000			AW071	AW071-PL-ม.7 ต.ดอนยอ อ.เมืองนครนายก จ.นครนายก	WCI โอนสิทธิ์ (ผูกกับ STS=STS-WTP671031-002(185))	
dm_25c5d0cb	STS	STS-WTP671031-003(186)	AW076-PL-บ้านโนนสำโรง ม.8 ต.ขามเฒ่า อ.โนนสูง จ.นครราชสีมา	Close			2024-10-16	18			540000	0.15	THB	2024-10-31		540000			AW076	AW076-PL-บ้านโนนสำโรง ม.8 ต.ขามเฒ่า อ.โนนสูง จ.นครราชสีมา	STS โอนสิทธิ์ - มูลค่าสัญญา 5400000	
dm_2f5b2d9f	WCI-Project	STS-WTP671031-003(186)-WCI	AW076-PL-บ้านโนนสำโรง ม.8 ต.ขามเฒ่า อ.โนนสูง จ.นครราชสีมา	Close			2024-10-16	18			2160000	0.10	THB	2024-10-08		2160000			AW076	AW076-PL-บ้านโนนสำโรง ม.8 ต.ขามเฒ่า อ.โนนสูง จ.นครราชสีมา	WCI โอนสิทธิ์ (ผูกกับ STS=STS-WTP671031-003(186))	
dm_17f07ce3	STS	STS-WTP671018-005(174)	AW073-PL-บ้านหนองปรือ ม.4 ต.ดงเสือเหลือง อ.โพธิ์ประทับช้าง จ.พิจิตร	Close			2024-10-16	7			540000	0.15	THB	2024-10-18		540000			AW073	AW073-PL-บ้านหนองปรือ ม.4 ต.ดงเสือเหลือง อ.โพธิ์ประทับช้าง จ.พิจิตร	STS โอนสิทธิ์ - มูลค่าสัญญา 5399000	
dm_b50f1cd0	WCI-Project	STS-WTP671018-005(174)-WCI	AW073-PL-บ้านหนองปรือ ม.4 ต.ดงเสือเหลือง อ.โพธิ์ประทับช้าง จ.พิจิตร	Close			2024-10-16	7			2160000	0.10	THB	2024-10-08		2160000			AW073	AW073-PL-บ้านหนองปรือ ม.4 ต.ดงเสือเหลือง อ.โพธิ์ประทับช้าง จ.พิจิตร	WCI โอนสิทธิ์ (ผูกกับ STS=STS-WTP671018-005(174))	
dm_b7e25fb5	STS	STS-WTP671017-002(170)	AW083-PL-บ้านหนองปรือสมอ ม.3 ต.สาหร่าย อ.ชุมพวง จ.นครราชสีมา	Close			2024-10-18	2			540000	0.15	THB	2024-10-17		540000			AW083	AW083-PL-บ้านหนองปรือสมอ ม.3 ต.สาหร่าย อ.ชุมพวง จ.นครราชสีมา	STS โอนสิทธิ์ - มูลค่าสัญญา 5400000	
dm_02d55879	WCI-Project	STS-WTP671017-002(170)-WCI	AW083-PL-บ้านหนองปรือสมอ ม.3 ต.สาหร่าย อ.ชุมพวง จ.นครราชสีมา	Close			2024-10-18	2			2160000	0.10	THB	2024-10-08		2160000			AW083	AW083-PL-บ้านหนองปรือสมอ ม.3 ต.สาหร่าย อ.ชุมพวง จ.นครราชสีมา	WCI โอนสิทธิ์ (ผูกกับ STS=STS-WTP671017-002(170))	
dm_53a5157e	STS	STS-WTP671018-006(175)	STR012-PLS-บ้านคอกช้างพัฒนา ม.9 ต.หนองพลับ อ.หัวหิน จ.ประจวบคีรีขันธ์	Close			2024-10-18	8			567600	0.15	THB	2024-10-18		567600			STR012	STR012-PLS-บ้านคอกช้างพัฒนา ม.9 ต.หนองพลับ อ.หัวหิน จ.ประจวบคีรีขันธ์	STS โอนสิทธิ์ - มูลค่าสัญญา 5676000	
dm_685d7be0	WCI-Project	STS-WTP671018-006(175)-WCI	STR012-PLS-บ้านคอกช้างพัฒนา ม.9 ต.หนองพลับ อ.หัวหิน จ.ประจวบคีรีขันธ์	Close			2024-10-18	8			1624376	0.10	THB	2024-10-08		1624376			STR012	STR012-PLS-บ้านคอกช้างพัฒนา ม.9 ต.หนองพลับ อ.หัวหิน จ.ประจวบคีรีขันธ์	WCI โอนสิทธิ์ (ผูกกับ STS=STS-WTP671018-006(175))	[{"date":"2024-10-10","amount":295624,"note":"WCI ครั้งที่ 2"},{"date":"2024-10-11","amount":350400,"note":"WCI ครั้งที่ 3"}]
dm_efa11714	STS	STS-WTP680219-001	บ้านเขาเฒ่า ม.3 ต.บางเตย อ.เมืองพังงา จ.พังงา	Close							540000	0.15	THB	2025-02-20		540000				บ้านเขาเฒ่า ม.3 ต.บางเตย อ.เมืองพังงา จ.พังงา	STS โอนสิทธิ์ - มูลค่าสัญญา 5400000	
dm_6b2a4786	WCI-Project	STS-WTP680219-001-WCI	บ้านเขาเฒ่า ม.3 ต.บางเตย อ.เมืองพังงา จ.พังงา	Close							1204376	0.10	THB	2024-10-10		1204376				บ้านเขาเฒ่า ม.3 ต.บางเตย อ.เมืองพังงา จ.พังงา	WCI โอนสิทธิ์ (ผูกกับ STS=STS-WTP680219-001)	[{"date":"2024-10-11","amount":955624,"note":"WCI ครั้งที่ 2"}]
dm_6a521c59	STS	STS-WTP671206-004(214)	AW086-PL-บ้านหนองหัวช้าง ม.3 ต.กลางหมื่น อ.เมืองกาฬสินธุ์ จ.กาฬสินธุ์	Close			2024-10-18	10			596440	0.15	THB	2024-12-06		596440			AW086	AW086-PL-บ้านหนองหัวช้าง ม.3 ต.กลางหมื่น อ.เมืองกาฬสินธุ์ จ.กาฬสินธุ์	STS โอนสิทธิ์ - มูลค่าสัญญา 5964000	
dm_396e8f54	WCI-Project	STS-WTP671206-004(214)-WCI	AW086-PL-บ้านหนองหัวช้าง ม.3 ต.กลางหมื่น อ.เมืองกาฬสินธุ์ จ.กาฬสินธุ์	Close			2024-10-18	10			2385760	0.10	THB	2024-10-11		2385760			AW086	AW086-PL-บ้านหนองหัวช้าง ม.3 ต.กลางหมื่น อ.เมืองกาฬสินธุ์ จ.กาฬสินธุ์	WCI โอนสิทธิ์ (ผูกกับ STS=STS-WTP671206-004(214))	
dm_dfcaf564	STS	STS-WTP680219-001	ม.8 ต.วังเย็น อ.แปลงยาว จ.ฉะเชิงเทรา	Close			2025-05-19				540000	0.15	THB	2025-02-20		540000			0	ม.8 ต.วังเย็น อ.แปลงยาว จ.ฉะเชิงเทรา	STS โอนสิทธิ์ - มูลค่าสัญญา 5400000	
dm_56327f06	WCI-Project	STS-WTP680219-001-WCI	ม.8 ต.วังเย็น อ.แปลงยาว จ.ฉะเชิงเทรา	Close			2025-05-19				1308216	0.10	THB	2024-10-11		1308216			0	ม.8 ต.วังเย็น อ.แปลงยาว จ.ฉะเชิงเทรา	WCI โอนสิทธิ์ (ผูกกับ STS=STS-WTP680219-001)	[{"date":"2024-10-15","amount":851784,"note":"WCI ครั้งที่ 2"}]
dm_a2c49c35	STS	STS-WTP671129-007(204)	STR014-PL-บ้านวไลย ม.1 ต.หนองพลับ อ.หัวหิน จ.ประจวบคีรีขันธ์	Close			2024-10-18	19			540000	0.15	THB	2024-11-29		540000			STR014	STR014-PL-บ้านวไลย ม.1 ต.หนองพลับ อ.หัวหิน จ.ประจวบคีรีขันธ์	STS โอนสิทธิ์ - มูลค่าสัญญา 5400000	
dm_de21d27f	WCI-Project	STS-WTP671129-007(204)-WCI	STR014-PL-บ้านวไลย ม.1 ต.หนองพลับ อ.หัวหิน จ.ประจวบคีรีขันธ์	Close			2024-10-18	19			2160000	0.10	THB	2024-10-15		2160000			STR014	STR014-PL-บ้านวไลย ม.1 ต.หนองพลับ อ.หัวหิน จ.ประจวบคีรีขันธ์	WCI โอนสิทธิ์ (ผูกกับ STS=STS-WTP671129-007(204))	
dm_1b3c4f87	STS	STS-WTP671218-002(230)	STR044-PDH-ม.8 ต.นนทรี อ.กบินทร์บุรี จ.ปราจีนบุรี	Close			2024-11-29				130000	0.15	THB	2024-12-18		130000			STR044	STR044-PDH-ม.8 ต.นนทรี อ.กบินทร์บุรี จ.ปราจีนบุรี	STS โอนสิทธิ์ - มูลค่าสัญญา 1300000	
dm_8f1fc5df	WCI-Project	STS-WTP671218-002(230)-WCI	STR044-PDH-ม.8 ต.นนทรี อ.กบินทร์บุรี จ.ปราจีนบุรี	Close			2024-11-29				520000	0.10	THB	2024-10-15		520000			STR044	STR044-PDH-ม.8 ต.นนทรี อ.กบินทร์บุรี จ.ปราจีนบุรี	WCI โอนสิทธิ์ (ผูกกับ STS=STS-WTP671218-002(230))	
dm_2ecb4f15	STS	STS-WTP671129-001(198)	STR045-PDH-ม.9 ต.นนทรี อ.กบินทร์บุรี จ.ปราจีนบุรี	Close			2024-11-29				130000	0.15	THB	2024-11-29		130000			STR045	STR045-PDH-ม.9 ต.นนทรี อ.กบินทร์บุรี จ.ปราจีนบุรี	STS โอนสิทธิ์ - มูลค่าสัญญา 1300000	
dm_b118a473	WCI-Project	STS-WTP671129-001(198)-WCI	STR045-PDH-ม.9 ต.นนทรี อ.กบินทร์บุรี จ.ปราจีนบุรี	Close			2024-11-29				168216	0.10	THB	2024-10-15		168216			STR045	STR045-PDH-ม.9 ต.นนทรี อ.กบินทร์บุรี จ.ปราจีนบุรี	WCI โอนสิทธิ์ (ผูกกับ STS=STS-WTP671129-001(198))	[{"date":"2024-10-22","amount":74000,"note":"WCI ครั้งที่ 2"},{"date":"2024-10-25","amount":277784,"note":"WCI ครั้งที่ 3"}]
dm_a2bbc9b6	STS	STS-WTP671017-003(171)	AW101-PL-บ้านชำฆ้อ ม.3 ต.ชำฆ้อ อ.เขาชะเมา จ.ระยอง	Close			2024-10-28	4			540000	0.15	THB	2024-10-17		540000			AW101	AW101-PL-บ้านชำฆ้อ ม.3 ต.ชำฆ้อ อ.เขาชะเมา จ.ระยอง	STS โอนสิทธิ์ - มูลค่าสัญญา 5390320.85	
dm_ce719acc	WCI-Project	STS-WTP671017-003(171)-WCI	AW101-PL-บ้านชำฆ้อ ม.3 ต.ชำฆ้อ อ.เขาชะเมา จ.ระยอง	Close			2024-10-28	4			2000000	0.10	THB	2024-10-16		2000000			AW101	AW101-PL-บ้านชำฆ้อ ม.3 ต.ชำฆ้อ อ.เขาชะเมา จ.ระยอง	WCI โอนสิทธิ์ (ผูกกับ STS=STS-WTP671017-003(171))	[{"date":"2024-10-22","amount":160000,"note":"WCI ครั้งที่ 2"}]
dm_650c296a	STS	STS-WTP671017-004(172)	AW102-PL-บ้านสวนขนุน ม.5 ต.ชำฆ้อ อ.เขาชะเมา จ.ระยอง	Close			2024-10-28	5			540000	0.15	THB	2024-10-17		540000			AW102	AW102-PL-บ้านสวนขนุน ม.5 ต.ชำฆ้อ อ.เขาชะเมา จ.ระยอง	STS โอนสิทธิ์ - มูลค่าสัญญา 5390320.85	
dm_f6ef8ccf	WCI-Project	STS-WTP671017-004(172)-WCI	AW102-PL-บ้านสวนขนุน ม.5 ต.ชำฆ้อ อ.เขาชะเมา จ.ระยอง	Close			2024-10-28	5			2160000	0.10	THB	2024-10-22		2160000			AW102	AW102-PL-บ้านสวนขนุน ม.5 ต.ชำฆ้อ อ.เขาชะเมา จ.ระยอง	WCI โอนสิทธิ์ (ผูกกับ STS=STS-WTP671017-004(172))	
dm_8de5509d	STS	STS-WTP671017-005(173)	AW129-PL-บ้านโป่งสะท้อน ม.6 ต.ชำฆ้อ อ.เขาชะเมา จ.ระยอง	Close			2024-11-27	6			540000	0.15	THB	2024-10-17		540000			AW129	AW129-PL-บ้านโป่งสะท้อน ม.6 ต.ชำฆ้อ อ.เขาชะเมา จ.ระยอง	STS โอนสิทธิ์ - มูลค่าสัญญา 5390320.85	
dm_56e86f78	WCI-Project	STS-WTP671017-005(173)-WCI	AW129-PL-บ้านโป่งสะท้อน ม.6 ต.ชำฆ้อ อ.เขาชะเมา จ.ระยอง	Close			2024-11-27	6			500000	0.10	THB	2024-10-22		500000			AW129	AW129-PL-บ้านโป่งสะท้อน ม.6 ต.ชำฆ้อ อ.เขาชะเมา จ.ระยอง	WCI โอนสิทธิ์ (ผูกกับ STS=STS-WTP671017-005(173))	[{"date":"2024-10-25","amount":1660000,"note":"WCI ครั้งที่ 2"}]
dm_bd702cbf	STS	STS-	รอโครงการใหม่	Close							566500	0.15	THB	2024-10-18		566500				รอโครงการใหม่	STS โอนสิทธิ์ - มูลค่าสัญญา 5665000	
dm_5126c95d	WCI-Project	STS--WCI	รอโครงการใหม่	Close							2266000	0.10	THB	2024-10-18		2266000				รอโครงการใหม่	WCI โอนสิทธิ์ (ผูกกับ STS=STS-)	
dm_95cf8e0f	STS	STS-WTP671129-004(201)	AW114-PLS-บ้านแกเปะน้อย ม.10 ต.เชียงเครือ อ.เมืองกาฬสินธุ์ จ.กาฬสินธุ์	Close			2024-11-06				540000	0.15	THB	2024-11-29		540000			AW114	AW114-PLS-บ้านแกเปะน้อย ม.10 ต.เชียงเครือ อ.เมืองกาฬสินธุ์ จ.กาฬสินธุ์	STS โอนสิทธิ์ - มูลค่าสัญญา 5400000	
dm_f0ccb7d8	WCI-Project	STS-WTP671129-004(201)-WCI	AW114-PLS-บ้านแกเปะน้อย ม.10 ต.เชียงเครือ อ.เมืองกาฬสินธุ์ จ.กาฬสินธุ์	Close			2024-11-06				2160000	0.10	THB	2024-10-18		2160000			AW114	AW114-PLS-บ้านแกเปะน้อย ม.10 ต.เชียงเครือ อ.เมืองกาฬสินธุ์ จ.กาฬสินธุ์	WCI โอนสิทธิ์ (ผูกกับ STS=STS-WTP671129-004(201))	
dm_34e0e32e	STS	STS-	รอโครงการใหม่	Close							540000	0.15	THB	2024-10-18		540000				รอโครงการใหม่	STS โอนสิทธิ์ - มูลค่าสัญญา 5400000	
dm_82d0c551	WCI-Project	STS--WCI	รอโครงการใหม่	Close							2160000	0.10	THB	2024-10-18		2160000				รอโครงการใหม่	WCI โอนสิทธิ์ (ผูกกับ STS=STS-)	
dm_0d576763	STS	STS-WTP680219-001	บ้านหนองไฮ ม.5 ต.นนทรี อ.กบินทร์บุรี จ.ปราจีนบุรี	Active							540000	0.15	THB	2025-02-20		540000				บ้านหนองไฮ ม.5 ต.นนทรี อ.กบินทร์บุรี จ.ปราจีนบุรี	STS โอนสิทธิ์ - มูลค่าสัญญา 5400000	
dm_9b4d1553	WCI-Project	STS-WTP680219-001-WCI	บ้านหนองไฮ ม.5 ต.นนทรี อ.กบินทร์บุรี จ.ปราจีนบุรี	Active							2160000	0.10	THB	2024-10-18		2160000				บ้านหนองไฮ ม.5 ต.นนทรี อ.กบินทร์บุรี จ.ปราจีนบุรี	WCI โอนสิทธิ์ (ผูกกับ STS=STS-WTP680219-001)	
dm_4e994fa6	STS	STS-WTP680219-001	บ้านปง ม.8 ต.ออนใต้ อ.สันกำแพง จ.เชียงใหม่	Active							540000	0.15	THB	2025-02-20		540000				บ้านปง ม.8 ต.ออนใต้ อ.สันกำแพง จ.เชียงใหม่	STS โอนสิทธิ์ - มูลค่าสัญญา 5400000	
dm_682c6e2f	WCI-Project	STS-WTP680219-001-WCI	บ้านปง ม.8 ต.ออนใต้ อ.สันกำแพง จ.เชียงใหม่	Active							254000	0.10	THB	2024-10-18		254000				บ้านปง ม.8 ต.ออนใต้ อ.สันกำแพง จ.เชียงใหม่	WCI โอนสิทธิ์ (ผูกกับ STS=STS-WTP680219-001)	[{"date":"2024-10-21","amount":900000,"note":"WCI ครั้งที่ 2"},{"date":"2024-10-22","amount":1006000,"note":"WCI ครั้งที่ 3"}]
dm_46164c36	STS	STS-WTP671031-004(187) /  STS-WTP671128-010(197)	AW100-PL-ม.2 ต.ชำฆ้อ อ.เขาชะเมา จ.ระยอง	Close			2024-10-28	11			380000	0.15	THB	2024-10-31		380000			AW100	AW100-PL-ม.2 ต.ชำฆ้อ อ.เขาชะเมา จ.ระยอง	STS โอนสิทธิ์ - มูลค่าสัญญา 5390320.85	[{"date":"2024-11-28","amount":160000,"note":"STS ครั้งที่ 2"}]
dm_a23bb589	WCI-Project	STS-WTP671031-004(187) /  STS-WTP671128-010(197)-WCI	AW100-PL-ม.2 ต.ชำฆ้อ อ.เขาชะเมา จ.ระยอง	Close			2024-10-28	11			2160000	0.10	THB	2024-10-25		2160000			AW100	AW100-PL-ม.2 ต.ชำฆ้อ อ.เขาชะเมา จ.ระยอง	WCI โอนสิทธิ์ (ผูกกับ STS=STS-WTP671031-004(187) /  STS-WTP671128-010(197))	
dm_70109c47	STS	STS-WTP671206-005(215)	AW066-PL-บ้านสมศักดิ์พัฒนา ม.2 ต.ผาขาว อ.ผาขาว จ.เลย	Close			2024-10-07	20			540000	0.15	THB	2024-12-06		540000			AW066	AW066-PL-บ้านสมศักดิ์พัฒนา ม.2 ต.ผาขาว อ.ผาขาว จ.เลย	STS โอนสิทธิ์ - มูลค่าสัญญา 5381567.87	
dm_acdfb320	WCI-Project	STS-WTP671206-005(215)-WCI	AW066-PL-บ้านสมศักดิ์พัฒนา ม.2 ต.ผาขาว อ.ผาขาว จ.เลย	Close			2024-10-07	20			2160000	0.10	THB	2024-10-25		2160000			AW066	AW066-PL-บ้านสมศักดิ์พัฒนา ม.2 ต.ผาขาว อ.ผาขาว จ.เลย	WCI โอนสิทธิ์ (ผูกกับ STS=STS-WTP671206-005(215))	
dm_98ab6b97	STS	STS-WTP671206-006(216)	AW067-PL-บ้านห้วยลาดเหนือ ม.11 ต.ผาขาว อ.ผาขาว จ.เลย	Close			2024-10-07	21			540000	0.15	THB	2024-12-06		540000			AW067	AW067-PL-บ้านห้วยลาดเหนือ ม.11 ต.ผาขาว อ.ผาขาว จ.เลย	STS โอนสิทธิ์ - มูลค่าสัญญา 5381567.87	
dm_022009b4	WCI-Project	STS-WTP671206-006(216)-WCI	AW067-PL-บ้านห้วยลาดเหนือ ม.11 ต.ผาขาว อ.ผาขาว จ.เลย	Close			2024-10-07	21			1642216	0.10	THB	2024-10-25		1642216			AW067	AW067-PL-บ้านห้วยลาดเหนือ ม.11 ต.ผาขาว อ.ผาขาว จ.เลย	WCI โอนสิทธิ์ (ผูกกับ STS=STS-WTP671206-006(216))	[{"date":"2024-10-29","amount":517784,"note":"WCI ครั้งที่ 2"}]
dm_79d201bc	STS	STS-WTP671128-009(196)	AW098-PLS-บ้านหัวดง ม.12 ต.ศรีสว่าง อ.โพนทราย จ.ร้อยเอ็ด	Close			2024-10-28	22			540000	0.15	THB	2024-11-28		540000			AW098	AW098-PLS-บ้านหัวดง ม.12 ต.ศรีสว่าง อ.โพนทราย จ.ร้อยเอ็ด	STS โอนสิทธิ์ - มูลค่าสัญญา 5400000	
dm_c026331d	WCI-Project	STS-WTP671128-009(196)-WCI	AW098-PLS-บ้านหัวดง ม.12 ต.ศรีสว่าง อ.โพนทราย จ.ร้อยเอ็ด	Close			2024-10-28	22			482216	0.10	THB	2024-10-29		482216			AW098	AW098-PLS-บ้านหัวดง ม.12 ต.ศรีสว่าง อ.โพนทราย จ.ร้อยเอ็ด	WCI โอนสิทธิ์ (ผูกกับ STS=STS-WTP671128-009(196))	[{"date":"2024-10-30","amount":1677784,"note":"WCI ครั้งที่ 2"}]
dm_ae5bbe3c	STS	STS-WTP671030-007(182)	STR013-PMS-บ้านหนองหอย ม.10 ต.หนองพลับ อ.หัวหิน จ.ประจวบคีรีขันธ์	Close			2024-10-18	23			361800	0.15	THB	2024-10-30		361800			STR013	STR013-PMS-บ้านหนองหอย ม.10 ต.หนองพลับ อ.หัวหิน จ.ประจวบคีรีขันธ์	STS โอนสิทธิ์ - มูลค่าสัญญา 3618000	
dm_411e2d6e	WCI-Project	STS-WTP671030-007(182)-WCI	STR013-PMS-บ้านหนองหอย ม.10 ต.หนองพลับ อ.หัวหิน จ.ประจวบคีรีขันธ์	Close			2024-10-18	23			2008000	0.10	THB	2024-10-30		2008000			STR013	STR013-PMS-บ้านหนองหอย ม.10 ต.หนองพลับ อ.หัวหิน จ.ประจวบคีรีขันธ์	WCI โอนสิทธิ์ (ผูกกับ STS=STS-WTP671030-007(182))	
dm_362e6f83	STS	STS-WTP671206-007(217)	AW084-PL-บ้านเมืองพลับพลา ม.1 ต.เมืองพลับพลา อ.ห้วยแถลง จ.นครราชสีมา	Close			2024-10-18	24			540000	0.15	THB	2024-12-06		540000			AW084	AW084-PL-บ้านเมืองพลับพลา ม.1 ต.เมืองพลับพลา อ.ห้วยแถลง จ.นครราชสีมา	STS โอนสิทธิ์ - มูลค่าสัญญา 5400000	
dm_fa86a8a1	WCI-Project	STS-WTP671206-007(217)-WCI	AW084-PL-บ้านเมืองพลับพลา ม.1 ต.เมืองพลับพลา อ.ห้วยแถลง จ.นครราชสีมา	Close			2024-10-18	24			2160000	0.10	THB	2024-10-30		2160000			AW084	AW084-PL-บ้านเมืองพลับพลา ม.1 ต.เมืองพลับพลา อ.ห้วยแถลง จ.นครราชสีมา	WCI โอนสิทธิ์ (ผูกกับ STS=STS-WTP671206-007(217))	
dm_8eb157df	STS	STS-WTP671206-008(218)	AW090-PL-บ้านหนองนา ม.8 ต.งิ้ว อ.ห้วยแถลง จ.นครราชสีมา	Close			2024-10-21	25			540000	0.15	THB	2024-12-06		540000			AW090	AW090-PL-บ้านหนองนา ม.8 ต.งิ้ว อ.ห้วยแถลง จ.นครราชสีมา	STS โอนสิทธิ์ - มูลค่าสัญญา 5400000	
dm_f4ab5d61	WCI-Project	STS-WTP671206-008(218)-WCI	AW090-PL-บ้านหนองนา ม.8 ต.งิ้ว อ.ห้วยแถลง จ.นครราชสีมา	Close			2024-10-21	25			2160000	0.10	THB	2024-10-30		2160000			AW090	AW090-PL-บ้านหนองนา ม.8 ต.งิ้ว อ.ห้วยแถลง จ.นครราชสีมา	WCI โอนสิทธิ์ (ผูกกับ STS=STS-WTP671206-008(218))	
dm_a7e40249	STS	STS-WTP671128-002(189)	AW085-PL-บ้านบางสาว ม.2 ต.เขาวง อ.บ้านตาขุน จ.สุราษฎร์ธานี	Close			2024-10-18	10			540000	0.15	THB	2024-11-28		540000			AW085	AW085-PL-บ้านบางสาว ม.2 ต.เขาวง อ.บ้านตาขุน จ.สุราษฎร์ธานี	STS โอนสิทธิ์ - มูลค่าสัญญา 5400000	
dm_55095a7f	WCI-Project	STS-WTP671128-002(189)-WCI	AW085-PL-บ้านบางสาว ม.2 ต.เขาวง อ.บ้านตาขุน จ.สุราษฎร์ธานี	Close			2024-10-18	10			1506816	0.10	THB	2024-10-30		1506816			AW085	AW085-PL-บ้านบางสาว ม.2 ต.เขาวง อ.บ้านตาขุน จ.สุราษฎร์ธานี	WCI โอนสิทธิ์ (ผูกกับ STS=STS-WTP671128-002(189))	[{"date":"2024-10-31","amount":40000,"note":"WCI ครั้งที่ 2"},{"date":"2024-11-08","amount":613184,"note":"WCI ครั้งที่ 3"}]
dm_b8b4f12a	STS	STS-WTP671128-001(188)	AW075-PL-บ้านหนองพลอง ม.4 ต.ขามเฒ่า อ.โนนสูง จ.นครราชสีมา	Close			2024-10-16	26			540000	0.15	THB	2024-11-28		540000			AW075	AW075-PL-บ้านหนองพลอง ม.4 ต.ขามเฒ่า อ.โนนสูง จ.นครราชสีมา	STS โอนสิทธิ์ - มูลค่าสัญญา 5400000	
dm_7dcef11f	WCI-Project	STS-WTP671128-001(188)-WCI	AW075-PL-บ้านหนองพลอง ม.4 ต.ขามเฒ่า อ.โนนสูง จ.นครราชสีมา	Close			2024-10-16	26			2160000	0.10	THB	2024-10-31		2160000			AW075	AW075-PL-บ้านหนองพลอง ม.4 ต.ขามเฒ่า อ.โนนสูง จ.นครราชสีมา	WCI โอนสิทธิ์ (ผูกกับ STS=STS-WTP671128-001(188))	
dm_d8e5a432	STS	STS-WTP671128-003(190)	AW091-PL-บ้านหนองขาม ม.15 ต.หนองขาม อ.จักราช จ.นครราชสีมา	Close			2024-10-22				540000	0.15	THB	2024-11-28		540000			AW091	AW091-PL-บ้านหนองขาม ม.15 ต.หนองขาม อ.จักราช จ.นครราชสีมา	STS โอนสิทธิ์ - มูลค่าสัญญา 5400000	
dm_50018154	WCI-Project	STS-WTP671128-003(190)-WCI	AW091-PL-บ้านหนองขาม ม.15 ต.หนองขาม อ.จักราช จ.นครราชสีมา	Close			2024-10-22				2160000	0.10	THB	2024-11-06		2160000			AW091	AW091-PL-บ้านหนองขาม ม.15 ต.หนองขาม อ.จักราช จ.นครราชสีมา	WCI โอนสิทธิ์ (ผูกกับ STS=STS-WTP671128-003(190))	
dm_d84d1922	STS	STS-WTP671128-006(193)	AW094-PL-บ้านหนองเสม็ด ม.6 ต.สองสลึง อ.แกลง จ.ระยอง	Close			2024-10-24				540000	0.15	THB	2024-11-28		540000			AW094	AW094-PL-บ้านหนองเสม็ด ม.6 ต.สองสลึง อ.แกลง จ.ระยอง	STS โอนสิทธิ์ - มูลค่าสัญญา 5400000	
dm_66b0893c	WCI-Project	STS-WTP671128-006(193)-WCI	AW094-PL-บ้านหนองเสม็ด ม.6 ต.สองสลึง อ.แกลง จ.ระยอง	Close			2024-10-24				2160000	0.10	THB	2024-11-06		2160000			AW094	AW094-PL-บ้านหนองเสม็ด ม.6 ต.สองสลึง อ.แกลง จ.ระยอง	WCI โอนสิทธิ์ (ผูกกับ STS=STS-WTP671128-006(193))	
dm_bcbb8aa9	STS	STS-WTP671128-005(192)	AW092-PL-บ้านสองพี่น้อง ม.2 ต.สองสลึง อ.แกลง จ.ระยอง	Close			2024-10-24				540000	0.15	THB	2024-11-28		540000			AW092	AW092-PL-บ้านสองพี่น้อง ม.2 ต.สองสลึง อ.แกลง จ.ระยอง	STS โอนสิทธิ์ - มูลค่าสัญญา 5400000	
dm_33ba8590	WCI-Project	STS-WTP671128-005(192)-WCI	AW092-PL-บ้านสองพี่น้อง ม.2 ต.สองสลึง อ.แกลง จ.ระยอง	Close			2024-10-24				2160000	0.10	THB	2024-11-06		2160000			AW092	AW092-PL-บ้านสองพี่น้อง ม.2 ต.สองสลึง อ.แกลง จ.ระยอง	WCI โอนสิทธิ์ (ผูกกับ STS=STS-WTP671128-005(192))	
dm_37239464	STS	STS-WTP671128-004(191)	AW093-PL-บ้านบ่อทอง ม.5 ต.สองสลึง อ.แกลง จ.ระยอง	Close			2024-10-24				540000	0.15	THB	2024-11-28		540000			AW093	AW093-PL-บ้านบ่อทอง ม.5 ต.สองสลึง อ.แกลง จ.ระยอง	STS โอนสิทธิ์ - มูลค่าสัญญา 5400000	
dm_52c7d7ac	WCI-Project	STS-WTP671128-004(191)-WCI	AW093-PL-บ้านบ่อทอง ม.5 ต.สองสลึง อ.แกลง จ.ระยอง	Close			2024-10-24				2160000	0.10	THB	2024-11-06		2160000			AW093	AW093-PL-บ้านบ่อทอง ม.5 ต.สองสลึง อ.แกลง จ.ระยอง	WCI โอนสิทธิ์ (ผูกกับ STS=STS-WTP671128-004(191))	
dm_c9c37eda	STS	STS-WTP671128-007(194)	AW096-PLS-บ้านนามล ม.2 ต.โคกสมบูรณ์ อ.กมลาไสย จ.กาฬสินธุ์	Close			2024-10-25				540000	0.15	THB	2024-11-28		540000			AW096	AW096-PLS-บ้านนามล ม.2 ต.โคกสมบูรณ์ อ.กมลาไสย จ.กาฬสินธุ์	STS โอนสิทธิ์ - มูลค่าสัญญา 5400000	
dm_14e94c48	WCI-Project	STS-WTP671128-007(194)-WCI	AW096-PLS-บ้านนามล ม.2 ต.โคกสมบูรณ์ อ.กมลาไสย จ.กาฬสินธุ์	Close			2024-10-25				2160000	0.10	THB	2024-11-06		2160000			AW096	AW096-PLS-บ้านนามล ม.2 ต.โคกสมบูรณ์ อ.กมลาไสย จ.กาฬสินธุ์	WCI โอนสิทธิ์ (ผูกกับ STS=STS-WTP671128-007(194))	
dm_24430663	STS	STS-WTP671128-008(195)	AW095-PLS-บ้านราษฎร์สำราญ ม.8 ต.โคกสมบูรณ์ อ.กมลาไสย จ.กาฬสินธุ์	Close			2024-10-25				540000	0.15	THB	2024-11-28		540000			AW095	AW095-PLS-บ้านราษฎร์สำราญ ม.8 ต.โคกสมบูรณ์ อ.กมลาไสย จ.กาฬสินธุ์	STS โอนสิทธิ์ - มูลค่าสัญญา 5400000	
dm_5c5495b8	WCI-Project	STS-WTP671128-008(195)-WCI	AW095-PLS-บ้านราษฎร์สำราญ ม.8 ต.โคกสมบูรณ์ อ.กมลาไสย จ.กาฬสินธุ์	Close			2024-10-25				2160000	0.10	THB	2024-11-06		2160000			AW095	AW095-PLS-บ้านราษฎร์สำราญ ม.8 ต.โคกสมบูรณ์ อ.กมลาไสย จ.กาฬสินธุ์	WCI โอนสิทธิ์ (ผูกกับ STS=STS-WTP671128-008(195))	
dm_6e176932	STS	STS-WTP671129-002(199)	AW103-PL-บ้านปลักซิมปอ ม.6 ต.ควนสตอ อ.ควนโดน จ.สตูล	Close			2024-10-29				540000	0.15	THB	2024-11-29		540000			AW103	AW103-PL-บ้านปลักซิมปอ ม.6 ต.ควนสตอ อ.ควนโดน จ.สตูล	STS โอนสิทธิ์ - มูลค่าสัญญา 5400000	
dm_430cbe89	WCI-Project	STS-WTP671129-002(199)-WCI	AW103-PL-บ้านปลักซิมปอ ม.6 ต.ควนสตอ อ.ควนโดน จ.สตูล	Close			2024-10-29				2160000	0.10	THB	2024-11-06		2160000			AW103	AW103-PL-บ้านปลักซิมปอ ม.6 ต.ควนสตอ อ.ควนโดน จ.สตูล	WCI โอนสิทธิ์ (ผูกกับ STS=STS-WTP671129-002(199))	
dm_d42eb1b9	STS	STS-WTP671129-003(200)	AW104-PL-ม.9 ต.ควนสตอ อ.ควนโดน จ.สตูล	Close			2024-10-29				540000	0.15	THB	2024-11-29		540000			AW104	AW104-PL-ม.9 ต.ควนสตอ อ.ควนโดน จ.สตูล	STS โอนสิทธิ์ - มูลค่าสัญญา 5400000	
dm_27d28473	WCI-Project	STS-WTP671129-003(200)-WCI	AW104-PL-ม.9 ต.ควนสตอ อ.ควนโดน จ.สตูล	Close			2024-10-29				2160000	0.10	THB	2024-11-06		2160000			AW104	AW104-PL-ม.9 ต.ควนสตอ อ.ควนโดน จ.สตูล	WCI โอนสิทธิ์ (ผูกกับ STS=STS-WTP671129-003(200))	
dm_7161bde1	STS	STS-WTP671129-005(202)	AW107-PL-บ้านย่านซื่อ ม.2 ต.ย่านซื่อ อ.ควนโดน จ.สตูล	Close			2024-10-30				540000	0.15	THB	2024-11-29		540000			AW107	AW107-PL-บ้านย่านซื่อ ม.2 ต.ย่านซื่อ อ.ควนโดน จ.สตูล	STS โอนสิทธิ์ - มูลค่าสัญญา 5400000	
dm_7257e5c3	WCI-Project	STS-WTP671129-005(202)-WCI	AW107-PL-บ้านย่านซื่อ ม.2 ต.ย่านซื่อ อ.ควนโดน จ.สตูล	Close			2024-10-30				2160000	0.10	THB	2024-11-06		2160000			AW107	AW107-PL-บ้านย่านซื่อ ม.2 ต.ย่านซื่อ อ.ควนโดน จ.สตูล	WCI โอนสิทธิ์ (ผูกกับ STS=STS-WTP671129-005(202))	
dm_ad5d8ab3	STS	STS-WTP671129-006(203)	AW108-PLS-บ้านสระแก้ว ม.4 ต.สระแก้ว อ.พนมไพร จ.ร้อยเอ็ด	Close			2024-11-01				540000	0.15	THB	2024-11-29		540000			AW108	AW108-PLS-บ้านสระแก้ว ม.4 ต.สระแก้ว อ.พนมไพร จ.ร้อยเอ็ด	STS โอนสิทธิ์ - มูลค่าสัญญา 5400000	
dm_b50a0582	WCI-Project	STS-WTP671129-006(203)-WCI	AW108-PLS-บ้านสระแก้ว ม.4 ต.สระแก้ว อ.พนมไพร จ.ร้อยเอ็ด	Close			2024-11-01				560000	0.10	THB	2024-11-06		560000			AW108	AW108-PLS-บ้านสระแก้ว ม.4 ต.สระแก้ว อ.พนมไพร จ.ร้อยเอ็ด	WCI โอนสิทธิ์ (ผูกกับ STS=STS-WTP671129-006(203))	[{"date":"2024-11-08","amount":1600000,"note":"WCI ครั้งที่ 2"}]
dm_0811453a	STS	STS-WTP671206-009(219)	AW074-PLS-บ้านโนนศิลาเลิง(หนองบึงแวง) ม.1 ต.โนนศิลาเลิง อ.ฆ้องชัย จ.กาฬสินธุ์	Close			2024-10-16				540000	0.15	THB	2024-12-06		540000			AW074	AW074-PLS-บ้านโนนศิลาเลิง(หนองบึงแวง) ม.1 ต.โนนศิลาเลิง อ.ฆ้องชัย จ.กาฬสินธุ์	STS โอนสิทธิ์ - มูลค่าสัญญา 5400000	
dm_e854445e	WCI-Project	STS-WTP671206-009(219)-WCI	AW074-PLS-บ้านโนนศิลาเลิง(หนองบึงแวง) ม.1 ต.โนนศิลาเลิง อ.ฆ้องชัย จ.กาฬสินธุ์	Close			2024-10-16				2160000	0.10	THB	2024-11-08		2160000			AW074	AW074-PLS-บ้านโนนศิลาเลิง(หนองบึงแวง) ม.1 ต.โนนศิลาเลิง อ.ฆ้องชัย จ.กาฬสินธุ์	WCI โอนสิทธิ์ (ผูกกับ STS=STS-WTP671206-009(219))	
dm_4d6598f4	STS	STS-WTP671206-010(220)	บ้านสายทอง ม.12 ต.หลุ่งตะเคียน อ.ห้วยแถลง จ.นครราชสีมา	Close			2024-12-18				540000	0.15	THB	2024-12-06		540000				บ้านสายทอง ม.12 ต.หลุ่งตะเคียน อ.ห้วยแถลง จ.นครราชสีมา	STS โอนสิทธิ์ - มูลค่าสัญญา 5400000	
dm_711834f5	WCI-Project	STS-WTP671206-010(220)-WCI	บ้านสายทอง ม.12 ต.หลุ่งตะเคียน อ.ห้วยแถลง จ.นครราชสีมา	Close			2024-12-18				326816	0.10	THB	2024-11-08		326816				บ้านสายทอง ม.12 ต.หลุ่งตะเคียน อ.ห้วยแถลง จ.นครราชสีมา	WCI โอนสิทธิ์ (ผูกกับ STS=STS-WTP671206-010(220))	[{"date":"2024-11-29","amount":1833184,"note":"WCI ครั้งที่ 2"}]
dm_10de7b9f	STS	STS-WTP671206-011(221)	AW105-ST II S-บ้านแจ้งจม ม.7 ต.เจ้าท่า อ.กมลาไสย จ.กาฬสินธุ์	Close			2024-10-29				515000	0.15	THB	2024-12-06		515000			AW105	AW105-ST II S-บ้านแจ้งจม ม.7 ต.เจ้าท่า อ.กมลาไสย จ.กาฬสินธุ์	STS โอนสิทธิ์ - มูลค่าสัญญา 5150000	
dm_f122b697	WCI-Project	STS-WTP671206-011(221)-WCI	AW105-ST II S-บ้านแจ้งจม ม.7 ต.เจ้าท่า อ.กมลาไสย จ.กาฬสินธุ์	Close			2024-10-29				1200000	0.10	THB	2024-11-29		1200000			AW105	AW105-ST II S-บ้านแจ้งจม ม.7 ต.เจ้าท่า อ.กมลาไสย จ.กาฬสินธุ์	WCI โอนสิทธิ์ (ผูกกับ STS=STS-WTP671206-011(221))	[{"date":"2024-12-06","amount":360000,"note":"WCI ครั้งที่ 2"},{"date":"2024-12-20","amount":500000,"note":"WCI ครั้งที่ 3"}]
dm_c0c188a4	STS	STS-WTP680219-001	รอโครงการใหม่	Close							540000	0.15	THB	2025-02-20		540000				รอโครงการใหม่	STS โอนสิทธิ์ - มูลค่าสัญญา 5400000	
dm_27b54100	STS	STS-	รอโครงการใหม่	Close							540000	0.15	THB	2024-11-29		540000				รอโครงการใหม่	STS โอนสิทธิ์ - มูลค่าสัญญา 5400000	
dm_8bfd992c	WCI-Project	STS--WCI	รอโครงการใหม่	Close							2151600	0.10	THB	2024-11-29		2151600				รอโครงการใหม่	WCI โอนสิทธิ์ (ผูกกับ STS=STS-)	
dm_8bc8e08d	STS	STS-WTP671206-012(222)	AW113-ST II S-บ้านเหล่าค้อ ม.4 ต.เชียงเครือ อ.เมืองกาฬสินธุ์ จ.กาฬสินธุ์	Close			2024-11-06				515000	0.15	THB	2024-12-06		515000			AW113	AW113-ST II S-บ้านเหล่าค้อ ม.4 ต.เชียงเครือ อ.เมืองกาฬสินธุ์ จ.กาฬสินธุ์	STS โอนสิทธิ์ - มูลค่าสัญญา 5150000	
dm_13ee1f4b	WCI-Project	STS-WTP671206-012(222)-WCI	AW113-ST II S-บ้านเหล่าค้อ ม.4 ต.เชียงเครือ อ.เมืองกาฬสินธุ์ จ.กาฬสินธุ์	Close			2024-11-06				2060000	0.10	THB	2024-11-29		2060000			AW113	AW113-ST II S-บ้านเหล่าค้อ ม.4 ต.เชียงเครือ อ.เมืองกาฬสินธุ์ จ.กาฬสินธุ์	WCI โอนสิทธิ์ (ผูกกับ STS=STS-WTP671206-012(222))	
dm_5e4733f1	STS	STS-WTP671218-003(231)	STR049-PL-ม.7 ต.ม่วงเตี้ย อ.วิเศษชัยชาญ จ.อ่างทอง (จุดที่ 2)	Close			2024-11-29				540000	0.15	THB	2024-12-18		540000			STR049	STR049-PL-ม.7 ต.ม่วงเตี้ย อ.วิเศษชัยชาญ จ.อ่างทอง (จุดที่ 2)	STS โอนสิทธิ์ - มูลค่าสัญญา 5400000	
dm_060db977	WCI-Project	STS-WTP671218-003(231)-WCI	STR049-PL-ม.7 ต.ม่วงเตี้ย อ.วิเศษชัยชาญ จ.อ่างทอง (จุดที่ 2)	Close			2024-11-29				1288400	0.10	THB	2024-11-29		1288400			STR049	STR049-PL-ม.7 ต.ม่วงเตี้ย อ.วิเศษชัยชาญ จ.อ่างทอง (จุดที่ 2)	WCI โอนสิทธิ์ (ผูกกับ STS=STS-WTP671218-003(231))	[{"date":"2024-12-20","amount":871600,"note":"WCI ครั้งที่ 2"}]
dm_efeb69db	STS	STS-WTP671206-013(223)	AW112-PL-บ้านดอนงูเหลือม ม.7 ต.หนองแค อ.ราษีไศล จ.ศรีสะเกษ	Close			2024-11-05				540000	0.15	THB	2024-12-06		540000			AW112	AW112-PL-บ้านดอนงูเหลือม ม.7 ต.หนองแค อ.ราษีไศล จ.ศรีสะเกษ	STS โอนสิทธิ์ - มูลค่าสัญญา 5400000	
dm_9c2530eb	WCI-Project	STS-WTP671206-013(223)-WCI	AW112-PL-บ้านดอนงูเหลือม ม.7 ต.หนองแค อ.ราษีไศล จ.ศรีสะเกษ	Close			2024-11-05				2160000	0.10	THB	2024-11-29		2160000			AW112	AW112-PL-บ้านดอนงูเหลือม ม.7 ต.หนองแค อ.ราษีไศล จ.ศรีสะเกษ	WCI โอนสิทธิ์ (ผูกกับ STS=STS-WTP671206-013(223))	
dm_d4fe9df6	STS	STS-WTP671206-014(224)	AW110-PL-บ้านบางหลุด ม.13 ต.คลองชะอุ่น อ.พนม จ.สุราษฎร์ธานี	Close			2024-11-04				540000	0.15	THB	2024-12-06		540000			AW110	AW110-PL-บ้านบางหลุด ม.13 ต.คลองชะอุ่น อ.พนม จ.สุราษฎร์ธานี	STS โอนสิทธิ์ - มูลค่าสัญญา 5400000	
dm_5105d46d	WCI-Project	STS-WTP671206-014(224)-WCI	AW110-PL-บ้านบางหลุด ม.13 ต.คลองชะอุ่น อ.พนม จ.สุราษฎร์ธานี	Close			2024-11-04				2160000	0.10	THB	2024-11-29		2160000			AW110	AW110-PL-บ้านบางหลุด ม.13 ต.คลองชะอุ่น อ.พนม จ.สุราษฎร์ธานี	WCI โอนสิทธิ์ (ผูกกับ STS=STS-WTP671206-014(224))	
dm_eff76d7e	STS	STS-WTP671206-015(225)	AW070-PLS-บ้านหัวช้าง ม.8 ต.นาเชือก อ.นาเชือก จ.มหาสารคาม	Close			2024-10-09				540000	0.15	THB	2024-12-06		540000			AW070	AW070-PLS-บ้านหัวช้าง ม.8 ต.นาเชือก อ.นาเชือก จ.มหาสารคาม	STS โอนสิทธิ์ - มูลค่าสัญญา 5400000	
dm_21ffb9b3	WCI-Project	STS-WTP671206-015(225)-WCI	AW070-PLS-บ้านหัวช้าง ม.8 ต.นาเชือก อ.นาเชือก จ.มหาสารคาม	Close			2024-10-09				2160000	0.10	THB	2024-10-11		2160000			AW070	AW070-PLS-บ้านหัวช้าง ม.8 ต.นาเชือก อ.นาเชือก จ.มหาสารคาม	WCI โอนสิทธิ์ (ผูกกับ STS=STS-WTP671206-015(225))	
dm_1bea2850	STS	STS-WTP671206-016(226),STS-WTP671218-004(232)	TTI037-PL-ตลาดกลางสินค้าเกษตรสระแก้ว ม.1 ต.ศาลาลำดวน อ.เมืองสระแก้ว จ.สระแก้ว	Close			2024-11-29				353560	0.15	THB	2024-12-06		353560			TTI037	TTI037-PL-ตลาดกลางสินค้าเกษตรสระแก้ว ม.1 ต.ศาลาลำดวน อ.เมืองสระแก้ว จ.สระแก้ว	STS โอนสิทธิ์ - มูลค่าสัญญา 5400000	[{"date":"2024-12-18","amount":186440,"note":"STS ครั้งที่ 2"}]
dm_cd09a95e	WCI-Project	STS-WTP671206-016(226),STS-WTP671218-004(232)-WCI	TTI037-PL-ตลาดกลางสินค้าเกษตรสระแก้ว ม.1 ต.ศาลาลำดวน อ.เมืองสระแก้ว จ.สระแก้ว	Close			2024-11-29				2160000	0.10	THB	2024-12-06		2160000			TTI037	TTI037-PL-ตลาดกลางสินค้าเกษตรสระแก้ว ม.1 ต.ศาลาลำดวน อ.เมืองสระแก้ว จ.สระแก้ว	WCI โอนสิทธิ์ (ผูกกับ STS=STS-WTP671206-016(226),STS-WTP671218-004(232))	
dm_634ad06e	STS	STS-WTP671206-017(227)	TTI038-PL-โรงเรียนบ้านศาลาลำดวน ม.2 ต.ศาลาลำดวน อ.เมืองสระแก้ว จ.สระแก้ว	Close			2024-11-29				540000	0.15	THB	2024-12-06		540000			TTI038	TTI038-PL-โรงเรียนบ้านศาลาลำดวน ม.2 ต.ศาลาลำดวน อ.เมืองสระแก้ว จ.สระแก้ว	STS โอนสิทธิ์ - มูลค่าสัญญา 5400000	
dm_25bac9ed	WCI-Project	STS-WTP671206-017(227)-WCI	TTI038-PL-โรงเรียนบ้านศาลาลำดวน ม.2 ต.ศาลาลำดวน อ.เมืองสระแก้ว จ.สระแก้ว	Close			2024-11-29				2160000	0.10	THB	2024-12-06		2160000			TTI038	TTI038-PL-โรงเรียนบ้านศาลาลำดวน ม.2 ต.ศาลาลำดวน อ.เมืองสระแก้ว จ.สระแก้ว	WCI โอนสิทธิ์ (ผูกกับ STS=STS-WTP671206-017(227))	
dm_d8a02ac2	STS	STS-WTP680219-001	รอโครงการใหม่	Close							540000	0.15	THB	2025-02-20		540000				รอโครงการใหม่	STS โอนสิทธิ์ - มูลค่าสัญญา 5400000	
dm_8b1b9cdc	STS	STS-	รอโครงการใหม่	Close							540000	0.15	THB	2024-12-06		540000				รอโครงการใหม่	STS โอนสิทธิ์ - มูลค่าสัญญา 5400000	
dm_e9a1dabc	WCI-Project	STS--WCI	รอโครงการใหม่	Close							2160000	0.10	THB	2024-12-06		2160000				รอโครงการใหม่	WCI โอนสิทธิ์ (ผูกกับ STS=STS-)	
dm_d7663a8b	STS	STS-WTP680219-001	บ้านคลองตามั่น ม.11 ต.เขาไม้แก้ว อ.กบินทร์บุรี จ.ปราจีนบุรี	Close			-2146826246				540000	0.15	THB	2025-02-20		540000				บ้านคลองตามั่น ม.11 ต.เขาไม้แก้ว อ.กบินทร์บุรี จ.ปราจีนบุรี	STS โอนสิทธิ์ - มูลค่าสัญญา 5400000	
dm_49a40f7d	WCI-Project	STS-WTP680219-001-WCI	บ้านคลองตามั่น ม.11 ต.เขาไม้แก้ว อ.กบินทร์บุรี จ.ปราจีนบุรี	Close			-2146826246				2060000	0.10	THB	2024-12-20		2060000				บ้านคลองตามั่น ม.11 ต.เขาไม้แก้ว อ.กบินทร์บุรี จ.ปราจีนบุรี	WCI โอนสิทธิ์ (ผูกกับ STS=STS-WTP680219-001)	[{"date":"2025-01-15","amount":100000,"note":"WCI ครั้งที่ 2"}]
dm_97a6cfbd	STS	STS-WTP680219-001	รอโครงการใหม่	Close							540000	0.15	THB	2025-02-20		540000				รอโครงการใหม่	STS โอนสิทธิ์ - มูลค่าสัญญา 5400000	
dm_c268d60c	STS	STS-	รอโครงการใหม่	Close							540000	0.15	THB	2024-12-12		540000				รอโครงการใหม่	STS โอนสิทธิ์ - มูลค่าสัญญา 5400000	
dm_ba481040	WCI-Project	STS--WCI	รอโครงการใหม่	Close							1367743.32	0.10	THB	2024-12-12		1367743.32				รอโครงการใหม่	WCI โอนสิทธิ์ (ผูกกับ STS=STS-)	[{"date":"2024-12-20","amount":792256.68,"note":"WCI ครั้งที่ 2"}]
dm_1a01e3b5	STS	STS-WTP680219-001	รอโครงการใหม่	Close							540000	0.15	THB	2025-02-20		540000				รอโครงการใหม่	STS โอนสิทธิ์ - มูลค่าสัญญา 5400000	
dm_6fa14577	STS	STS-	รอโครงการใหม่	Close							540000	0.15	THB	2024-12-12		540000				รอโครงการใหม่	STS โอนสิทธิ์ - มูลค่าสัญญา 5400000	
dm_0f062d36	WCI-Project	STS--WCI	รอโครงการใหม่	Close							2156128.34	0.10	THB	2024-12-12		2156128.34				รอโครงการใหม่	WCI โอนสิทธิ์ (ผูกกับ STS=STS-)	
dm_ab7defc2	STS	STS-WTP680219-001	รอโครงการใหม่	Close							540000	0.15	THB	2025-02-20		540000				รอโครงการใหม่	STS โอนสิทธิ์ - มูลค่าสัญญา 5400000	
dm_ce67421c	STS	STS-	รอโครงการใหม่	Close							540000	0.15	THB	2024-12-12		540000				รอโครงการใหม่	STS โอนสิทธิ์ - มูลค่าสัญญา 5400000	
dm_a4836eec	WCI-Project	STS--WCI	รอโครงการใหม่	Close							2160000	0.10	THB	2024-12-12		2160000				รอโครงการใหม่	WCI โอนสิทธิ์ (ผูกกับ STS=STS-)	
dm_742a2b90	STS	STS-AW128	AW128-PL-บ้านศรีประชา ม.1 ต.ชำฆ้อ อ.เขาชะเมา จ.ระยอง	Close			2024-11-27				539032.085	0.15	THB	2024-12-12		539032.085			AW128	AW128-PL-บ้านศรีประชา ม.1 ต.ชำฆ้อ อ.เขาชะเมา จ.ระยอง	STS โอนสิทธิ์ - มูลค่าสัญญา 5390320.85	
dm_52bc116f	WCI-Project	STS-AW128-WCI	AW128-PL-บ้านศรีประชา ม.1 ต.ชำฆ้อ อ.เขาชะเมา จ.ระยอง	Close			2024-11-27				2156128.34	0.10	THB	2024-12-12		2156128.34			AW128	AW128-PL-บ้านศรีประชา ม.1 ต.ชำฆ้อ อ.เขาชะเมา จ.ระยอง	WCI โอนสิทธิ์ (ผูกกับ STS=STS-AW128)	
dm_2fcd4e71	STS	STS-	รอโครงการใหม่	Close							540000	0.15	THB	2024-12-12		540000				รอโครงการใหม่	STS โอนสิทธิ์ - มูลค่าสัญญา 5400000	
dm_f678c452	WCI-Project	STS--WCI	รอโครงการใหม่	Close							2160000	0.10	THB	2024-12-12		2160000				รอโครงการใหม่	WCI โอนสิทธิ์ (ผูกกับ STS=STS-)	
dm_4ee084df	STS	STS-	รอโครงการใหม่	Close							542400	0.15	THB	2024-12-25		542400				รอโครงการใหม่	STS โอนสิทธิ์ - มูลค่าสัญญา 5424000	
dm_d681e606	WCI-Project	STS--WCI	รอโครงการใหม่	Close							2060000	0.10	THB	2024-12-25		2060000				รอโครงการใหม่	WCI โอนสิทธิ์ (ผูกกับ STS=STS-)	
dm_744f676a	STS	STS-	รอโครงการใหม่	Close							515000	0.15	THB	2024-12-25		515000				รอโครงการใหม่	STS โอนสิทธิ์ - มูลค่าสัญญา 5150000	
dm_bccbbe25	WCI-Project	STS--WCI	รอโครงการใหม่	Close							2060000	0.10	THB	2024-12-25		2060000				รอโครงการใหม่	WCI โอนสิทธิ์ (ผูกกับ STS=STS-)	
dm_990a6a85	STS	STS-	AW082-PSL-ม.6 ต.โคกยาง อ.เหนือคลอง จ.กระบี่	Close			2024-10-17				449800	0.15	THB	2024-12-25		449800				AW082-PSL-ม.6 ต.โคกยาง อ.เหนือคลอง จ.กระบี่	STS โอนสิทธิ์ - มูลค่าสัญญา 4498000	
dm_09281c60	WCI-Project	STS--WCI	AW082-PSL-ม.6 ต.โคกยาง อ.เหนือคลอง จ.กระบี่	Close			2024-10-17				530000	0.10	THB	2024-12-25		530000				AW082-PSL-ม.6 ต.โคกยาง อ.เหนือคลอง จ.กระบี่	WCI โอนสิทธิ์ (ผูกกับ STS=STS-)	[{"date":"2025-01-15","amount":1269200,"note":"WCI ครั้งที่ 2"}]
dm_0724ec93	STS	STS-WTP680219-001	บ้านเทื่อม ม.3 ต.เขือน้ำ อ.บ้านผือ จ.อุดรธานี	Close			2025-06-09				540000	0.15	THB	2025-02-20		540000				บ้านเทื่อม ม.3 ต.เขือน้ำ อ.บ้านผือ จ.อุดรธานี	STS โอนสิทธิ์ - มูลค่าสัญญา 5377196.24	
dm_8aad47a8	WCI-Project	STS-WTP680219-001-WCI	บ้านเทื่อม ม.3 ต.เขือน้ำ อ.บ้านผือ จ.อุดรธานี	Close			2025-06-09				2160000	0.10	THB	2025-01-15		2160000				บ้านเทื่อม ม.3 ต.เขือน้ำ อ.บ้านผือ จ.อุดรธานี	WCI โอนสิทธิ์ (ผูกกับ STS=STS-WTP680219-001)	
dm_151e1170	STS	STS-WTP680219-001	บ้านดอกคำใต้ ม.1 ต.แม่ตีบ อ.งาว จ.ลำปาง	Close			2025-06-12				540000	0.15	THB	2025-02-20		540000				บ้านดอกคำใต้ ม.1 ต.แม่ตีบ อ.งาว จ.ลำปาง	STS โอนสิทธิ์ - มูลค่าสัญญา 5397000	
dm_982c4e0a	WCI-Project	STS-WTP680219-001-WCI	บ้านดอกคำใต้ ม.1 ต.แม่ตีบ อ.งาว จ.ลำปาง	Close			2025-06-12				886943.32	0.10	THB	2025-01-15		886943.32				บ้านดอกคำใต้ ม.1 ต.แม่ตีบ อ.งาว จ.ลำปาง	WCI โอนสิทธิ์ (ผูกกับ STS=STS-WTP680219-001)	[{"date":"2025-01-16","amount":1273056.68,"note":"WCI ครั้งที่ 2"}]
dm_071d6b16	STS	STS-WTP680219-001	บ้านเหลิ่งหิน ม.11 ต.โนนจาน อ.บัวลาย จ.นครราชสีมา	Close			2025-06-11				540000	0.15	THB	2025-02-20		540000				บ้านเหลิ่งหิน ม.11 ต.โนนจาน อ.บัวลาย จ.นครราชสีมา	STS โอนสิทธิ์ - มูลค่าสัญญา 5400000	
dm_a689d99a	WCI-Project	STS-WTP680219-001-WCI	บ้านเหลิ่งหิน ม.11 ต.โนนจาน อ.บัวลาย จ.นครราชสีมา	Close			2025-06-11				1726943.32	0.10	THB	2025-01-16		1726943.32				บ้านเหลิ่งหิน ม.11 ต.โนนจาน อ.บัวลาย จ.นครราชสีมา	WCI โอนสิทธิ์ (ผูกกับ STS=STS-WTP680219-001)	[{"date":"2025-03-07","amount":433056.68,"note":"WCI ครั้งที่ 2"}]
dm_e711ac92	STS	STS-WTP680219-001	รอโครงการใหม่	Close							540000	0.15	THB	2025-02-20		540000				รอโครงการใหม่	STS โอนสิทธิ์ - มูลค่าสัญญา 5400000	
dm_89c3dd0e	STS	STS-	รอโครงการใหม่	Close							540000	0.15	THB	2025-02-21		540000				รอโครงการใหม่	STS โอนสิทธิ์ - มูลค่าสัญญา 5400000	
dm_ebe218f4	WCI-Project	STS--WCI	รอโครงการใหม่	Close							1500000	0.10	THB	2025-02-21		1500000				รอโครงการใหม่	WCI โอนสิทธิ์ (ผูกกับ STS=STS-)	[{"date":"2025-03-07","amount":660000,"note":"WCI ครั้งที่ 2"}]
dm_25add059	STS	STS-	รอโครงการใหม่	Close							540000	0.15	THB	2025-02-07		540000				รอโครงการใหม่	STS โอนสิทธิ์ - มูลค่าสัญญา 5400000	
dm_62d48009	WCI-Project	STS--WCI	รอโครงการใหม่	Close							2160000	0.10	THB	2025-02-07		2160000				รอโครงการใหม่	WCI โอนสิทธิ์ (ผูกกับ STS=STS-)	
dm_27258be3	STS	STS-WTP680219-001	บ้านหนองปล้อง ม.1 ต.หนองปล้อง อ.วังทรายพูน จ.พิจิตร	Active							540000	0.15	THB	2025-02-20		540000				บ้านหนองปล้อง ม.1 ต.หนองปล้อง อ.วังทรายพูน จ.พิจิตร	STS โอนสิทธิ์ - มูลค่าสัญญา 5400000	
dm_1da13c17	WCI-Project	STS-WTP680219-001-WCI	บ้านหนองปล้อง ม.1 ต.หนองปล้อง อ.วังทรายพูน จ.พิจิตร	Active							2160000	0.10	THB	2025-02-20		2160000				บ้านหนองปล้อง ม.1 ต.หนองปล้อง อ.วังทรายพูน จ.พิจิตร	WCI โอนสิทธิ์ (ผูกกับ STS=STS-WTP680219-001)	
dm_6f52de20	STS	STS-WTP680219-001	บ้านตระกาจ ม.4 ต.ตระกาจ อ.กันทรลักษ์ จ.ศรีสะเกษ	Close			2025-05-06				540000	0.15	THB	2025-02-20		540000				บ้านตระกาจ ม.4 ต.ตระกาจ อ.กันทรลักษ์ จ.ศรีสะเกษ	STS โอนสิทธิ์ - มูลค่าสัญญา 5400000	
dm_f20ac864	WCI-Project	STS-WTP680219-001-WCI	บ้านตระกาจ ม.4 ต.ตระกาจ อ.กันทรลักษ์ จ.ศรีสะเกษ	Close			2025-05-06				2160000	0.10	THB	2025-02-07		2160000				บ้านตระกาจ ม.4 ต.ตระกาจ อ.กันทรลักษ์ จ.ศรีสะเกษ	WCI โอนสิทธิ์ (ผูกกับ STS=STS-WTP680219-001)	
dm_25160113	STS	STS-WTP680219-001	รอโครงการใหม่	Close							540000	0.15	THB	2025-02-20		540000				รอโครงการใหม่	STS โอนสิทธิ์ - มูลค่าสัญญา 5400000	
dm_a3abcacf	STS	STS-	รอโครงการใหม่	Close							540000	0.15	THB	2025-02-07		540000				รอโครงการใหม่	STS โอนสิทธิ์ - มูลค่าสัญญา 5400000	
dm_4f7a3343	WCI-Project	STS--WCI	รอโครงการใหม่	Close							1120000	0.10	THB	2025-02-07		1120000				รอโครงการใหม่	WCI โอนสิทธิ์ (ผูกกับ STS=STS-)	[{"date":"2025-03-07","amount":886943.32,"note":"WCI ครั้งที่ 2"}]
dm_860c62dc	STS	STS-WTP680219-001	บ้านทุ่ง ม.5 ต.หัวเสือ อ.แม่ทะ จ.ลำปาง	Close			2025-04-24				540000	0.15	THB	2025-02-20		540000				บ้านทุ่ง ม.5 ต.หัวเสือ อ.แม่ทะ จ.ลำปาง	STS โอนสิทธิ์ - มูลค่าสัญญา 5380269.71	
dm_daff227b	WCI-Project	STS-WTP680219-001-WCI	บ้านทุ่ง ม.5 ต.หัวเสือ อ.แม่ทะ จ.ลำปาง	Close			2025-04-24				2160000	0.10	THB	2025-03-12		2160000				บ้านทุ่ง ม.5 ต.หัวเสือ อ.แม่ทะ จ.ลำปาง	WCI โอนสิทธิ์ (ผูกกับ STS=STS-WTP680219-001)	
dm_59d3e5f1	STS	STS-WTP680219-001	บ้านตันหาร ม.3 ต.วังสรรพรส อ.ขลุง จ.จันทบุรี	Active							540000	0.15	THB	2025-02-20		540000				บ้านตันหาร ม.3 ต.วังสรรพรส อ.ขลุง จ.จันทบุรี	STS โอนสิทธิ์ - มูลค่าสัญญา 5400000	
dm_cdee2751	WCI-Project	STS-WTP680219-001-WCI	บ้านตันหาร ม.3 ต.วังสรรพรส อ.ขลุง จ.จันทบุรี	Active							2160000	0.10	THB	2025-03-12		2160000				บ้านตันหาร ม.3 ต.วังสรรพรส อ.ขลุง จ.จันทบุรี	WCI โอนสิทธิ์ (ผูกกับ STS=STS-WTP680219-001)	
dm_06ddbcd3	STS	STS-WTP680219-001	บ้านโนนสว่าง ม.4 ต.วังม่วง อ.เปือยน้อย จ.ขอนแก่น	Active							540000	0.15	THB	2025-02-20		540000				บ้านโนนสว่าง ม.4 ต.วังม่วง อ.เปือยน้อย จ.ขอนแก่น	STS โอนสิทธิ์ - มูลค่าสัญญา 5400000	
dm_aa202278	WCI-Project	STS-WTP680219-001-WCI	บ้านโนนสว่าง ม.4 ต.วังม่วง อ.เปือยน้อย จ.ขอนแก่น	Active							2160000	0.10	THB	2025-03-12		2160000				บ้านโนนสว่าง ม.4 ต.วังม่วง อ.เปือยน้อย จ.ขอนแก่น	WCI โอนสิทธิ์ (ผูกกับ STS=STS-WTP680219-001)	
dm_87555925	STS	STS-WTP680219-001	รอโครงการใหม่	Close							540000	0.15	THB	2025-02-20		540000				รอโครงการใหม่	STS โอนสิทธิ์ - มูลค่าสัญญา 5400000	
dm_c512ecba	WCI-Project	STS-WTP680219-001-WCI	รอโครงการใหม่	Close							2160000	0.10	THB	2025-03-12		2160000				รอโครงการใหม่	WCI โอนสิทธิ์ (ผูกกับ STS=STS-WTP680219-001)	
dm_ba4ecb8d	STS	STS-WTP680219-001	รอโครงการใหม่	Close							540000	0.15	THB	2025-02-20		540000				รอโครงการใหม่	STS โอนสิทธิ์ - มูลค่าสัญญา 5400000	
dm_8685e1bc	WCI-Project	STS-WTP680219-001-WCI	รอโครงการใหม่	Close							2160000	0.10	THB	2025-03-12		2160000				รอโครงการใหม่	WCI โอนสิทธิ์ (ผูกกับ STS=STS-WTP680219-001)	
dm_d3d9ae77	STS	STS-WTP680219-001	รอโครงการใหม่	Close							540000	0.15	THB	2025-02-20		540000				รอโครงการใหม่	STS โอนสิทธิ์ - มูลค่าสัญญา 5400000	
dm_7141b031	WCI-Project	STS-WTP680219-001-WCI	รอโครงการใหม่	Close							2160000	0.10	THB	2025-03-12		2160000				รอโครงการใหม่	WCI โอนสิทธิ์ (ผูกกับ STS=STS-WTP680219-001)	
dm_30b8c8c9	STS	STS-WTP680219-001	บ้านป่าตาล ม.2 ต.เถินบุรี อ.เถิน จ.ลำปาง	Close			2025-05-23				540000	0.15	THB	2025-02-20		540000				บ้านป่าตาล ม.2 ต.เถินบุรี อ.เถิน จ.ลำปาง	STS โอนสิทธิ์ - มูลค่าสัญญา 5340000	
dm_d04d6772	WCI-Project	STS-WTP680219-001-WCI	บ้านป่าตาล ม.2 ต.เถินบุรี อ.เถิน จ.ลำปาง	Close			2025-05-23				2040000	0.10	THB	2025-03-12		2040000				บ้านป่าตาล ม.2 ต.เถินบุรี อ.เถิน จ.ลำปาง	WCI โอนสิทธิ์ (ผูกกับ STS=STS-WTP680219-001)	[{"date":"2025-03-14","amount":120000,"note":"WCI ครั้งที่ 2"}]
dm_568eff09	STS	STS-WTP680219-001	รอโครงการใหม่	Close							540000	0.15	THB	2025-02-20		540000				รอโครงการใหม่	STS โอนสิทธิ์ - มูลค่าสัญญา 5400000	
dm_a4630262	WCI-Project	STS-WTP680219-001-WCI	รอโครงการใหม่	Close							2160000	0.10	THB	2025-03-14		2160000				รอโครงการใหม่	WCI โอนสิทธิ์ (ผูกกับ STS=STS-WTP680219-001)	
dm_3d5c59e9	STS	STS-WTP680219-001	รอโครงการใหม่	Close							420000	0.15	THB	2025-02-20		420000				รอโครงการใหม่	STS โอนสิทธิ์ - มูลค่าสัญญา 5400000	
dm_477e68fe	WCI-Project	STS-WTP680219-001-WCI	รอโครงการใหม่	Close							2160000	0.10	THB	2025-03-20		2160000				รอโครงการใหม่	WCI โอนสิทธิ์ (ผูกกับ STS=STS-WTP680219-001)	
dm_53a6ad2b	STS	STS-	รอโครงการใหม่	Close							540000	0.15	THB	2025-03-20		540000				รอโครงการใหม่	STS โอนสิทธิ์ - มูลค่าสัญญา 5400000	
dm_1d5281d4	WCI-Project	STS--WCI	รอโครงการใหม่	Close							2160000	0.10	THB	2025-03-20		2160000				รอโครงการใหม่	WCI โอนสิทธิ์ (ผูกกับ STS=STS-)	
dm_96acbf39	STS	STS-	บ้านยั้งเมิน ม.3 ต.ยั้งเมิน อ.สะเมิง จ.เชียงใหม่	Close			2025-05-29				528800	0.15	THB	2025-03-20		528800				บ้านยั้งเมิน ม.3 ต.ยั้งเมิน อ.สะเมิง จ.เชียงใหม่	STS โอนสิทธิ์ - มูลค่าสัญญา 5288000	
dm_2f301923	WCI-Project	STS--WCI	บ้านยั้งเมิน ม.3 ต.ยั้งเมิน อ.สะเมิง จ.เชียงใหม่	Close			2025-05-29				2160000	0.10	THB	2025-03-20		2160000				บ้านยั้งเมิน ม.3 ต.ยั้งเมิน อ.สะเมิง จ.เชียงใหม่	WCI โอนสิทธิ์ (ผูกกับ STS=STS-)	
dm_1d703fca	STS	STS-	บ้านวังแดง ม.3 ต.วังแดง อ.ตรอน จ.อุตรดิตถ์	Close			2025-06-09				538119.624	0.15	THB	2025-03-20		538119.624				บ้านวังแดง ม.3 ต.วังแดง อ.ตรอน จ.อุตรดิตถ์	STS โอนสิทธิ์ - มูลค่าสัญญา 5381196.24	
dm_36396aba	WCI-Project	STS--WCI	บ้านวังแดง ม.3 ต.วังแดง อ.ตรอน จ.อุตรดิตถ์	Close			2025-06-09				2160000	0.10	THB	2025-03-20		2160000				บ้านวังแดง ม.3 ต.วังแดง อ.ตรอน จ.อุตรดิตถ์	WCI โอนสิทธิ์ (ผูกกับ STS=STS-)	
dm_6e03336e	STS	STS-	บ้านสองแควปินหวาน ม.5 ต.เถินบุรี อ.เถิน จ.ลำปาง	Close			2025-05-23				534000	0.15	THB	2025-03-20		534000				บ้านสองแควปินหวาน ม.5 ต.เถินบุรี อ.เถิน จ.ลำปาง	STS โอนสิทธิ์ - มูลค่าสัญญา 5340000	
dm_6a88e343	WCI-Project	STS--WCI	บ้านสองแควปินหวาน ม.5 ต.เถินบุรี อ.เถิน จ.ลำปาง	Close			2025-05-23				2160000	0.10	THB	2025-03-20		2160000				บ้านสองแควปินหวาน ม.5 ต.เถินบุรี อ.เถิน จ.ลำปาง	WCI โอนสิทธิ์ (ผูกกับ STS=STS-)	
dm_9ab49ad4	STS	STS-	รอโครงการใหม่	Close							562000	0.15	THB	2025-03-27		562000				รอโครงการใหม่	STS โอนสิทธิ์ - มูลค่าสัญญา 5620000	
dm_a6706f78	WCI-Project	STS--WCI	รอโครงการใหม่	Close							2248000	0.10	THB	2025-03-27		2248000				รอโครงการใหม่	WCI โอนสิทธิ์ (ผูกกับ STS=STS-)	
dm_1d30c934	STS	STS-	รอโครงการใหม่	Close							542400	0.15	THB	2025-03-27		542400				รอโครงการใหม่	STS โอนสิทธิ์ - มูลค่าสัญญา 5424000	
dm_225be621	WCI-Project	STS--WCI	รอโครงการใหม่	Close							2060000	0.10	THB	2025-03-27		2060000				รอโครงการใหม่	WCI โอนสิทธิ์ (ผูกกับ STS=STS-)	
dm_f07589d4	STS	STS-	รอโครงการใหม่	Close							540000	0.15	THB	2025-03-27		540000				รอโครงการใหม่	STS โอนสิทธิ์ - มูลค่าสัญญา 5400000	
dm_a3e6bed6	WCI-Project	STS--WCI	รอโครงการใหม่	Close							2160000	0.10	THB	2025-03-27		2160000				รอโครงการใหม่	WCI โอนสิทธิ์ (ผูกกับ STS=STS-)	
dm_565af478	STS	STS-	รอโครงการใหม่	Close							540000	0.15	THB	2025-03-27		540000				รอโครงการใหม่	STS โอนสิทธิ์ - มูลค่าสัญญา 5400000	
dm_bac8c894	WCI-Project	STS--WCI	รอโครงการใหม่	Close							2160000	0.10	THB	2025-03-27		2160000				รอโครงการใหม่	WCI โอนสิทธิ์ (ผูกกับ STS=STS-)	
dm_0957b0f0	STS	STS-	รอโครงการใหม่	Close							540000	0.15	THB	2025-03-27		540000				รอโครงการใหม่	STS โอนสิทธิ์ - มูลค่าสัญญา 5400000	
dm_0dd7e17f	WCI-Project	STS--WCI	รอโครงการใหม่	Close							2160000	0.10	THB	2025-03-27		2160000				รอโครงการใหม่	WCI โอนสิทธิ์ (ผูกกับ STS=STS-)	
dm_98b9ed61	STS	STS-	รอโครงการใหม่	Close							540000	0.15	THB	2025-03-27		540000				รอโครงการใหม่	STS โอนสิทธิ์ - มูลค่าสัญญา 5400000	
dm_5c692616	WCI-Project	STS--WCI	รอโครงการใหม่	Close							2160000	0.10	THB	2025-03-27		2160000				รอโครงการใหม่	WCI โอนสิทธิ์ (ผูกกับ STS=STS-)	
dm_e17377a1	STS	STS-	รอโครงการใหม่	Close							540000	0.15	THB	2025-03-27		540000				รอโครงการใหม่	STS โอนสิทธิ์ - มูลค่าสัญญา 5400000	
dm_6946eb0f	WCI-Project	STS--WCI	รอโครงการใหม่	Close							2160000	0.10	THB	2025-03-27		2160000				รอโครงการใหม่	WCI โอนสิทธิ์ (ผูกกับ STS=STS-)	
dm_b86619e3	STS	STS-	บ้านหัวแรต ม.10 ต.บัวโคก อ.ท่าตูม จ.สุรินทร์	Close			2025-05-13				540000	0.15	THB	2025-03-27		540000				บ้านหัวแรต ม.10 ต.บัวโคก อ.ท่าตูม จ.สุรินทร์	STS โอนสิทธิ์ - มูลค่าสัญญา 5397000	
dm_3aeec3b6	WCI-Project	STS--WCI	บ้านหัวแรต ม.10 ต.บัวโคก อ.ท่าตูม จ.สุรินทร์	Close			2025-05-13				2160000	0.10	THB	2025-03-27		2160000				บ้านหัวแรต ม.10 ต.บัวโคก อ.ท่าตูม จ.สุรินทร์	WCI โอนสิทธิ์ (ผูกกับ STS=STS-)	
dm_c12635fd	STS	STS-	รอโครงการใหม่	Close							450000	0.15	THB	2025-03-27		450000				รอโครงการใหม่	STS โอนสิทธิ์ - มูลค่าสัญญา 4500000	
dm_bedc2782	WCI-Project	STS--WCI	รอโครงการใหม่	Close							1800000	0.10	THB	2025-03-27		1800000				รอโครงการใหม่	WCI โอนสิทธิ์ (ผูกกับ STS=STS-)	
dm_45eca9e7	STS	STS-	ม.10 ต.วังเย็น อ.แปลงยาว จ.ฉะเชิงเทรา	Close			2025-04-28				450000	0.15	THB	2025-03-27		450000				ม.10 ต.วังเย็น อ.แปลงยาว จ.ฉะเชิงเทรา	STS โอนสิทธิ์ - มูลค่าสัญญา 4500000	
dm_72b3f4cb	WCI-Project	STS--WCI	ม.10 ต.วังเย็น อ.แปลงยาว จ.ฉะเชิงเทรา	Close			2025-04-28				1800000	0.10	THB	2025-03-27		1800000				ม.10 ต.วังเย็น อ.แปลงยาว จ.ฉะเชิงเทรา	WCI โอนสิทธิ์ (ผูกกับ STS=STS-)	
dm_c1814334	STS	STS-	รอโครงการใหม่	Close							340000	0.15	THB	2025-03-27		340000				รอโครงการใหม่	STS โอนสิทธิ์ - มูลค่าสัญญา 3400000	
dm_fe778bb7	WCI-Project	STS--WCI	รอโครงการใหม่	Close							1360000	0.10	THB	2025-03-27		1360000				รอโครงการใหม่	WCI โอนสิทธิ์ (ผูกกับ STS=STS-)	
dm_c2ca86f6	STS	STS-	รอโครงการใหม่	Close							340000	0.15	THB	2025-03-27		340000				รอโครงการใหม่	STS โอนสิทธิ์ - มูลค่าสัญญา 3400000	
dm_4cd5de65	WCI-Project	STS--WCI	รอโครงการใหม่	Close							1360000	0.10	THB	2025-03-27		1360000				รอโครงการใหม่	WCI โอนสิทธิ์ (ผูกกับ STS=STS-)	
dm_5b34bbfc	STS	STS-	รอโครงการใหม่	Close							340000	0.15	THB	2025-03-27		340000				รอโครงการใหม่	STS โอนสิทธิ์ - มูลค่าสัญญา 3400000	
dm_a638e101	WCI-Project	STS--WCI	รอโครงการใหม่	Close							1360000	0.10	THB	2025-03-27		1360000				รอโครงการใหม่	WCI โอนสิทธิ์ (ผูกกับ STS=STS-)	
dm_52aeb3e6	STS	STS-	รอโครงการใหม่	Close							340000	0.15	THB	2025-03-27		340000				รอโครงการใหม่	STS โอนสิทธิ์ - มูลค่าสัญญา 3400000	
dm_850ea010	WCI-Project	STS--WCI	รอโครงการใหม่	Close							1360000	0.10	THB	2025-03-27		1360000				รอโครงการใหม่	WCI โอนสิทธิ์ (ผูกกับ STS=STS-)	
dm_c72a9b50	STS	STS-	รอโครงการใหม่	Close							340000	0.15	THB	2025-03-27		340000				รอโครงการใหม่	STS โอนสิทธิ์ - มูลค่าสัญญา 3400000	
dm_e98ed237	WCI-Project	STS--WCI	รอโครงการใหม่	Close							1360000	0.10	THB	2025-03-27		1360000				รอโครงการใหม่	WCI โอนสิทธิ์ (ผูกกับ STS=STS-)	
dm_47fef514	STS	STS-	รอโครงการใหม่	Close							300000	0.15	THB	2025-03-27		300000				รอโครงการใหม่	STS โอนสิทธิ์ - มูลค่าสัญญา 3000000	
dm_323e1d27	WCI-Project	STS--WCI	รอโครงการใหม่	Close							1200000	0.10	THB	2025-03-27		1200000				รอโครงการใหม่	WCI โอนสิทธิ์ (ผูกกับ STS=STS-)	
dm_599089a5	STS	STS-	รอโครงการใหม่	Close							130000	0.15	THB	2025-03-27		130000				รอโครงการใหม่	STS โอนสิทธิ์ - มูลค่าสัญญา 1300000	
dm_41845815	WCI-Project	STS--WCI	รอโครงการใหม่	Close							520000	0.10	THB	2025-03-27		520000				รอโครงการใหม่	WCI โอนสิทธิ์ (ผูกกับ STS=STS-)	
dm_b1dfc596	STS	STS-	รอโครงการใหม่	Close							130000	0.15	THB	2025-03-27		130000				รอโครงการใหม่	STS โอนสิทธิ์ - มูลค่าสัญญา 1300000	
dm_fc143141	WCI-Project	STS--WCI	รอโครงการใหม่	Close							520000	0.10	THB	2025-03-27		520000				รอโครงการใหม่	WCI โอนสิทธิ์ (ผูกกับ STS=STS-)	
dm_ae845e96	STS	STS-	รอโครงการใหม่	Close							130000	0.15	THB	2025-03-27		130000				รอโครงการใหม่	STS โอนสิทธิ์ - มูลค่าสัญญา 1300000	
dm_895517b2	WCI-Project	STS--WCI	รอโครงการใหม่	Close							520000	0.10	THB	2025-03-27		520000				รอโครงการใหม่	WCI โอนสิทธิ์ (ผูกกับ STS=STS-)	
dm_c2563aaa	STS	STS-	รอโครงการใหม่	Close							130000	0.15	THB	2025-03-27		130000				รอโครงการใหม่	STS โอนสิทธิ์ - มูลค่าสัญญา 1300000	
dm_9f048544	WCI-Project	STS--WCI	รอโครงการใหม่	Close							520000	0.10	THB	2025-03-27		520000				รอโครงการใหม่	WCI โอนสิทธิ์ (ผูกกับ STS=STS-)	
dm_44ba8a3a	STS	STS-	รอโครงการใหม่	Close							130000	0.15	THB	2025-03-27		130000				รอโครงการใหม่	STS โอนสิทธิ์ - มูลค่าสัญญา 1300000	
dm_0ab7a9b9	WCI-Project	STS--WCI	รอโครงการใหม่	Close							520000	0.10	THB	2025-03-27		520000				รอโครงการใหม่	WCI โอนสิทธิ์ (ผูกกับ STS=STS-)	
dm_cc9285a4	STS	STS-	รอโครงการใหม่	Close							130000	0.15	THB	2025-03-27		130000				รอโครงการใหม่	STS โอนสิทธิ์ - มูลค่าสัญญา 1300000	
dm_5e904c12	WCI-Project	STS--WCI	รอโครงการใหม่	Close							520000	0.10	THB	2025-03-27		520000				รอโครงการใหม่	WCI โอนสิทธิ์ (ผูกกับ STS=STS-)	
dm_39c06031	STS	STS-	บ้านโนนดินแดง ม.5 ต.โนนดินแดง อ.โนนดินแดง จ.บุรีรัมย์	Close			2025-05-16				130000	0.15	THB	2025-03-27		130000				บ้านโนนดินแดง ม.5 ต.โนนดินแดง อ.โนนดินแดง จ.บุรีรัมย์	STS โอนสิทธิ์ - มูลค่าสัญญา 1298500	
dm_298bffed	WCI-Project	STS--WCI	บ้านโนนดินแดง ม.5 ต.โนนดินแดง อ.โนนดินแดง จ.บุรีรัมย์	Close			2025-05-16				520000	0.10	THB	2025-03-27		520000				บ้านโนนดินแดง ม.5 ต.โนนดินแดง อ.โนนดินแดง จ.บุรีรัมย์	WCI โอนสิทธิ์ (ผูกกับ STS=STS-)	
dm_27f5f9d0	STS	STS-	บ้านโนนดินแดง(ศาลาประชาคม) ม.1 ต.โนนดินแดง อ.โนนดินแดง จ.บุรีรัมย์	Close			2025-05-16				130000	0.15	THB	2025-03-27		130000				บ้านโนนดินแดง(ศาลาประชาคม) ม.1 ต.โนนดินแดง อ.โนนดินแดง จ.บุรีรัมย์	STS โอนสิทธิ์ - มูลค่าสัญญา 1298500	
dm_f4ae84b3	WCI-Project	STS--WCI	บ้านโนนดินแดง(ศาลาประชาคม) ม.1 ต.โนนดินแดง อ.โนนดินแดง จ.บุรีรัมย์	Close			2025-05-16				520000	0.10	THB	2025-03-27		520000				บ้านโนนดินแดง(ศาลาประชาคม) ม.1 ต.โนนดินแดง อ.โนนดินแดง จ.บุรีรัมย์	WCI โอนสิทธิ์ (ผูกกับ STS=STS-)	
dm_7c8b3f7e	STS	STS-	บ้านโนนดินแดง(ศาลาประชาคม) ม.13 ต.โนนดินแดง อ.โนนดินแดง จ.บุรีรัมย์	Close			2025-05-16				130000	0.15	THB	2025-03-27		130000				บ้านโนนดินแดง(ศาลาประชาคม) ม.13 ต.โนนดินแดง อ.โนนดินแดง จ.บุรีรัมย์	STS โอนสิทธิ์ - มูลค่าสัญญา 1298500	
dm_f6319eae	WCI-Project	STS--WCI	บ้านโนนดินแดง(ศาลาประชาคม) ม.13 ต.โนนดินแดง อ.โนนดินแดง จ.บุรีรัมย์	Close			2025-05-16				520000	0.10	THB	2025-03-27		520000				บ้านโนนดินแดง(ศาลาประชาคม) ม.13 ต.โนนดินแดง อ.โนนดินแดง จ.บุรีรัมย์	WCI โอนสิทธิ์ (ผูกกับ STS=STS-)	
dm_75fec64a	STS	STS-	บ้านโนนดินแดง(ศาลาประชาคม) ม.3 ต.โนนดินแดง อ.โนนดินแดง จ.บุรีรัมย์	Close			2025-05-16				130000	0.15	THB	2025-03-27		130000				บ้านโนนดินแดง(ศาลาประชาคม) ม.3 ต.โนนดินแดง อ.โนนดินแดง จ.บุรีรัมย์	STS โอนสิทธิ์ - มูลค่าสัญญา 1298500	
dm_ccb8bf3d	WCI-Project	STS--WCI	บ้านโนนดินแดง(ศาลาประชาคม) ม.3 ต.โนนดินแดง อ.โนนดินแดง จ.บุรีรัมย์	Close			2025-05-16				520000	0.10	THB	2025-03-27		520000				บ้านโนนดินแดง(ศาลาประชาคม) ม.3 ต.โนนดินแดง อ.โนนดินแดง จ.บุรีรัมย์	WCI โอนสิทธิ์ (ผูกกับ STS=STS-)	
dm_049ddce2	STS	STS-	บ้านโนนดินแดง(ศาลาประชาคม) ม.4 ต.โนนดินแดง อ.โนนดินแดง จ.บุรีรัมย์	Close			2025-05-16				130000	0.15	THB	2025-03-27		130000				บ้านโนนดินแดง(ศาลาประชาคม) ม.4 ต.โนนดินแดง อ.โนนดินแดง จ.บุรีรัมย์	STS โอนสิทธิ์ - มูลค่าสัญญา 1298500	
dm_2b7217ee	WCI-Project	STS--WCI	บ้านโนนดินแดง(ศาลาประชาคม) ม.4 ต.โนนดินแดง อ.โนนดินแดง จ.บุรีรัมย์	Close			2025-05-16				520000	0.10	THB	2025-03-27		520000				บ้านโนนดินแดง(ศาลาประชาคม) ม.4 ต.โนนดินแดง อ.โนนดินแดง จ.บุรีรัมย์	WCI โอนสิทธิ์ (ผูกกับ STS=STS-)	
dm_163e4be7	STS	STS-	บ้านโนนดินแดง(ศาลาประชาคม) ม.6 ต.โนนดินแดง อ.โนนดินแดง จ.บุรีรัมย์	Close			2025-05-16				130000	0.15	THB	2025-03-27		130000				บ้านโนนดินแดง(ศาลาประชาคม) ม.6 ต.โนนดินแดง อ.โนนดินแดง จ.บุรีรัมย์	STS โอนสิทธิ์ - มูลค่าสัญญา 1298500	
dm_5a1cfee4	WCI-Project	STS--WCI	บ้านโนนดินแดง(ศาลาประชาคม) ม.6 ต.โนนดินแดง อ.โนนดินแดง จ.บุรีรัมย์	Close			2025-05-16				520000	0.10	THB	2025-03-27		520000				บ้านโนนดินแดง(ศาลาประชาคม) ม.6 ต.โนนดินแดง อ.โนนดินแดง จ.บุรีรัมย์	WCI โอนสิทธิ์ (ผูกกับ STS=STS-)	
dm_af509aaa	STS	STS-	บ้านโนนดินแดง(ศาลาประชาคม) ม.7 ต.โนนดินแดง อ.โนนดินแดง จ.บุรีรัมย์	Close			2025-05-16				130000	0.15	THB	2025-03-27		130000				บ้านโนนดินแดง(ศาลาประชาคม) ม.7 ต.โนนดินแดง อ.โนนดินแดง จ.บุรีรัมย์	STS โอนสิทธิ์ - มูลค่าสัญญา 1298500	
dm_2057a379	WCI-Project	STS--WCI	บ้านโนนดินแดง(ศาลาประชาคม) ม.7 ต.โนนดินแดง อ.โนนดินแดง จ.บุรีรัมย์	Close			2025-05-16				520000	0.10	THB	2025-03-27		520000				บ้านโนนดินแดง(ศาลาประชาคม) ม.7 ต.โนนดินแดง อ.โนนดินแดง จ.บุรีรัมย์	WCI โอนสิทธิ์ (ผูกกับ STS=STS-)	
dm_837964f4	STS	STS-	บ้านโนนดินแดง(ศาลาประชาคม) ม.8 ต.โนนดินแดง อ.โนนดินแดง จ.บุรีรัมย์	Close			2025-05-16				130000	0.15	THB	2025-03-27		130000				บ้านโนนดินแดง(ศาลาประชาคม) ม.8 ต.โนนดินแดง อ.โนนดินแดง จ.บุรีรัมย์	STS โอนสิทธิ์ - มูลค่าสัญญา 1298500	
dm_6ab33a1a	WCI-Project	STS--WCI	บ้านโนนดินแดง(ศาลาประชาคม) ม.8 ต.โนนดินแดง อ.โนนดินแดง จ.บุรีรัมย์	Close			2025-05-16				520000	0.10	THB	2025-03-27		520000				บ้านโนนดินแดง(ศาลาประชาคม) ม.8 ต.โนนดินแดง อ.โนนดินแดง จ.บุรีรัมย์	WCI โอนสิทธิ์ (ผูกกับ STS=STS-)	
dm_ba82255f	STS	STS-	บ้านโนนดินแดง(ศาลาประชาคม) ม.9 ต.โนนดินแดง อ.โนนดินแดง จ.บุรีรัมย์	Close			2025-05-16				130000	0.15	THB	2025-03-27		130000				บ้านโนนดินแดง(ศาลาประชาคม) ม.9 ต.โนนดินแดง อ.โนนดินแดง จ.บุรีรัมย์	STS โอนสิทธิ์ - มูลค่าสัญญา 1298500	
dm_839eebce	WCI-Project	STS--WCI	บ้านโนนดินแดง(ศาลาประชาคม) ม.9 ต.โนนดินแดง อ.โนนดินแดง จ.บุรีรัมย์	Close			2025-05-16				520000	0.10	THB	2025-03-27		520000				บ้านโนนดินแดง(ศาลาประชาคม) ม.9 ต.โนนดินแดง อ.โนนดินแดง จ.บุรีรัมย์	WCI โอนสิทธิ์ (ผูกกับ STS=STS-)	
dm_f93d160b	STS	STS-	บ้านน้อยสะแกกวน(ศาลาประชาคม) ม.3 ต.ส้มป่อย อ.โนนดินแดง จ.บุรีรัมย์	Close			2025-05-16				130000	0.15	THB	2025-03-27		130000				บ้านน้อยสะแกกวน(ศาลาประชาคม) ม.3 ต.ส้มป่อย อ.โนนดินแดง จ.บุรีรัมย์	STS โอนสิทธิ์ - มูลค่าสัญญา 1298500	
dm_5fbf1efa	WCI-Project	STS--WCI	บ้านน้อยสะแกกวน(ศาลาประชาคม) ม.3 ต.ส้มป่อย อ.โนนดินแดง จ.บุรีรัมย์	Close			2025-05-16				520000	0.10	THB	2025-03-27		520000				บ้านน้อยสะแกกวน(ศาลาประชาคม) ม.3 ต.ส้มป่อย อ.โนนดินแดง จ.บุรีรัมย์	WCI โอนสิทธิ์ (ผูกกับ STS=STS-)	
dm_d5505c4c	STS	STS-	บ้านหนองสะแกกวน(ศาลาประชาคม) ม.6 ต.ส้มป่อย อ.โนนดินแดง จ.บุรีรัมย์	Close			2025-05-16				130000	0.15	THB	2025-03-27		130000				บ้านหนองสะแกกวน(ศาลาประชาคม) ม.6 ต.ส้มป่อย อ.โนนดินแดง จ.บุรีรัมย์	STS โอนสิทธิ์ - มูลค่าสัญญา 1298500	
dm_4febae78	WCI-Project	STS--WCI	บ้านหนองสะแกกวน(ศาลาประชาคม) ม.6 ต.ส้มป่อย อ.โนนดินแดง จ.บุรีรัมย์	Close			2025-05-16				520000	0.10	THB	2025-03-27		520000				บ้านหนองสะแกกวน(ศาลาประชาคม) ม.6 ต.ส้มป่อย อ.โนนดินแดง จ.บุรีรัมย์	WCI โอนสิทธิ์ (ผูกกับ STS=STS-)	
dm_f680a436	STS	STS-	รอโครงการใหม่	Close							130000	0.15	THB	2025-03-27		130000				รอโครงการใหม่	STS โอนสิทธิ์ - มูลค่าสัญญา 1300000	
dm_a587b915	WCI-Project	STS--WCI	รอโครงการใหม่	Close							520000	0.10	THB	2025-03-27		520000				รอโครงการใหม่	WCI โอนสิทธิ์ (ผูกกับ STS=STS-)	
dm_86cc077d	STS	STS-	รอโครงการใหม่	Close							130000	0.15	THB	2025-03-27		130000				รอโครงการใหม่	STS โอนสิทธิ์ - มูลค่าสัญญา 1300000	
dm_0b0ea120	WCI-Project	STS--WCI	รอโครงการใหม่	Close							520000	0.10	THB	2025-03-27		520000				รอโครงการใหม่	WCI โอนสิทธิ์ (ผูกกับ STS=STS-)	
dm_0537edb6	STS	STS-	รอโครงการใหม่	Close							130000	0.15	THB	2025-03-27		130000				รอโครงการใหม่	STS โอนสิทธิ์ - มูลค่าสัญญา 1300000	
dm_fe669d39	WCI-Project	STS--WCI	รอโครงการใหม่	Close							520000	0.10	THB	2025-03-27		520000				รอโครงการใหม่	WCI โอนสิทธิ์ (ผูกกับ STS=STS-)	
dm_22690bdf	STS	STS-	รอโครงการใหม่	Close							130000	0.15	THB	2025-03-27		130000				รอโครงการใหม่	STS โอนสิทธิ์ - มูลค่าสัญญา 1300000	
dm_545ac9f0	WCI-Project	STS--WCI	รอโครงการใหม่	Close							520000	0.10	THB	2025-03-27		520000				รอโครงการใหม่	WCI โอนสิทธิ์ (ผูกกับ STS=STS-)	
dm_2331cffa	STS	STS-	รอโครงการใหม่	Close							110000	0.15	THB	2025-03-27		110000				รอโครงการใหม่	STS โอนสิทธิ์ - มูลค่าสัญญา 1100000	
dm_8cabc64c	WCI-Project	STS--WCI	รอโครงการใหม่	Close							440000	0.10	THB	2025-03-27		440000				รอโครงการใหม่	WCI โอนสิทธิ์ (ผูกกับ STS=STS-)	
dm_3798caaf	STS	STS-	รอโครงการใหม่	Close							110000	0.15	THB	2025-03-27		110000				รอโครงการใหม่	STS โอนสิทธิ์ - มูลค่าสัญญา 1100000	
dm_0aced4c9	WCI-Project	STS--WCI	รอโครงการใหม่	Close							440000	0.10	THB	2025-03-27		440000				รอโครงการใหม่	WCI โอนสิทธิ์ (ผูกกับ STS=STS-)	
dm_6bdd7c15	STS	STS-	รอโครงการใหม่	Close							110000	0.15	THB	2025-03-27		110000				รอโครงการใหม่	STS โอนสิทธิ์ - มูลค่าสัญญา 1100000	
dm_357f1597	WCI-Project	STS--WCI	รอโครงการใหม่	Close							440000	0.10	THB	2025-03-27		440000				รอโครงการใหม่	WCI โอนสิทธิ์ (ผูกกับ STS=STS-)	
dm_ca9e80e1	STS	STS-	รอโครงการใหม่	Close							110000	0.15	THB	2025-03-27		110000				รอโครงการใหม่	STS โอนสิทธิ์ - มูลค่าสัญญา 1100000	
dm_ac9793a9	WCI-Project	STS--WCI	รอโครงการใหม่	Close							440000	0.10	THB	2025-03-27		440000				รอโครงการใหม่	WCI โอนสิทธิ์ (ผูกกับ STS=STS-)	
dm_f45062bd	STS	STS-	รอโครงการใหม่	Close							110000	0.15	THB	2025-03-27		110000				รอโครงการใหม่	STS โอนสิทธิ์ - มูลค่าสัญญา 1100000	
dm_e2de701a	WCI-Project	STS--WCI	รอโครงการใหม่	Close							440000	0.10	THB	2025-03-27		440000				รอโครงการใหม่	WCI โอนสิทธิ์ (ผูกกับ STS=STS-)	
dm_9599d77d	STS	STS-	รอโครงการใหม่	Close							110000	0.15	THB	2025-03-27		110000				รอโครงการใหม่	STS โอนสิทธิ์ - มูลค่าสัญญา 1100000	
dm_e2eb1f9c	WCI-Project	STS--WCI	รอโครงการใหม่	Close							440000	0.10	THB	2025-03-27		440000				รอโครงการใหม่	WCI โอนสิทธิ์ (ผูกกับ STS=STS-)	
dm_359bf3c9	STS	STS-	รอโครงการใหม่	Close							110000	0.15	THB	2025-03-27		110000				รอโครงการใหม่	STS โอนสิทธิ์ - มูลค่าสัญญา 1100000	
dm_91843ed2	WCI-Project	STS--WCI	รอโครงการใหม่	Close							440000	0.10	THB	2025-03-27		440000				รอโครงการใหม่	WCI โอนสิทธิ์ (ผูกกับ STS=STS-)	
dm_84c8af1f	STS	STS-	รอโครงการใหม่	Close							110000	0.15	THB	2025-03-27		110000				รอโครงการใหม่	STS โอนสิทธิ์ - มูลค่าสัญญา 1100000	
dm_ca84f35b	WCI-Project	STS--WCI	รอโครงการใหม่	Close							440000	0.10	THB	2025-03-27		440000				รอโครงการใหม่	WCI โอนสิทธิ์ (ผูกกับ STS=STS-)	
dm_2e9ebe26	STS	STS-	บ้านงิ้วเฒ่า ม.6 ต.ศรีดอนมูล อ.เชียงแสน จ.เชียงราย	Close			2025-05-26				110000	0.15	THB	2025-03-27		110000				บ้านงิ้วเฒ่า ม.6 ต.ศรีดอนมูล อ.เชียงแสน จ.เชียงราย	STS โอนสิทธิ์ - มูลค่าสัญญา 1100000	
dm_e05eb753	WCI-Project	STS--WCI	บ้านงิ้วเฒ่า ม.6 ต.ศรีดอนมูล อ.เชียงแสน จ.เชียงราย	Close			2025-05-26				440000	0.10	THB	2025-03-27		440000				บ้านงิ้วเฒ่า ม.6 ต.ศรีดอนมูล อ.เชียงแสน จ.เชียงราย	WCI โอนสิทธิ์ (ผูกกับ STS=STS-)	
dm_a1898f08	STS	STS-	รอโครงการใหม่	Close							110000	0.15	THB	2025-03-27		110000				รอโครงการใหม่	STS โอนสิทธิ์ - มูลค่าสัญญา 1100000	
dm_4c8c223c	WCI-Project	STS--WCI	รอโครงการใหม่	Close							440000	0.10	THB	2025-03-27		440000				รอโครงการใหม่	WCI โอนสิทธิ์ (ผูกกับ STS=STS-)	
dm_67ed12c8	STS	STS-	บ้านดอนทอง ม.12 ต.ออย อ.ปง จ.พะเยา	Close			2025-06-04				110000	0.15	THB	2025-03-27		110000				บ้านดอนทอง ม.12 ต.ออย อ.ปง จ.พะเยา	STS โอนสิทธิ์ - มูลค่าสัญญา 1100000	
dm_2ba079b1	WCI-Project	STS--WCI	บ้านดอนทอง ม.12 ต.ออย อ.ปง จ.พะเยา	Close			2025-06-04				440000	0.10	THB	2025-03-27		440000				บ้านดอนทอง ม.12 ต.ออย อ.ปง จ.พะเยา	WCI โอนสิทธิ์ (ผูกกับ STS=STS-)	
dm_2b78d75a	STS	STS-	รอโครงการใหม่	Close							540000	0.15	THB	2025-04-30		540000				รอโครงการใหม่	STS โอนสิทธิ์ - มูลค่าสัญญา	
dm_8e320f53	WCI-Project	STS--WCI	รอโครงการใหม่	Close							2160000	0.10	THB	2025-04-30		2160000				รอโครงการใหม่	WCI โอนสิทธิ์ (ผูกกับ STS=STS-)	
dm_ead63fe9	STS	STS-	รอโครงการใหม่	Close							540000	0.15	THB	2025-05-09		540000				รอโครงการใหม่	STS โอนสิทธิ์ - มูลค่าสัญญา	
dm_b67ec686	WCI-Project	STS--WCI	รอโครงการใหม่	Close							2160000	0.10	THB	2025-05-09		2160000				รอโครงการใหม่	WCI โอนสิทธิ์ (ผูกกับ STS=STS-)	
dm_23e0b299	STS	STS-	รอโครงการใหม่	Close							540000	0.15	THB	2025-05-09		540000				รอโครงการใหม่	STS โอนสิทธิ์ - มูลค่าสัญญา	
dm_33aebd79	WCI-Project	STS--WCI	รอโครงการใหม่	Close							2160000	0.10	THB	2025-05-09		2160000				รอโครงการใหม่	WCI โอนสิทธิ์ (ผูกกับ STS=STS-)	
dm_fc92e910	STS	STS-	รอโครงการใหม่	Close							540000	0.15	THB	2025-05-09		540000				รอโครงการใหม่	STS โอนสิทธิ์ - มูลค่าสัญญา	
dm_3bcd1f0e	WCI-Project	STS--WCI	รอโครงการใหม่	Close							1680000	0.10	THB	2025-05-09		1680000				รอโครงการใหม่	WCI โอนสิทธิ์ (ผูกกับ STS=STS-)	
dm_8c6b8d7f	STS	STS-	รอโครงการใหม่	Close							540000	0.15	THB	2025-05-15		540000				รอโครงการใหม่	STS โอนสิทธิ์ - มูลค่าสัญญา	
dm_8dfbd80e	WCI-Project	STS--WCI	รอโครงการใหม่	Close							2160000	0.10	THB	2025-05-15		2160000				รอโครงการใหม่	WCI โอนสิทธิ์ (ผูกกับ STS=STS-)	
dm_06ef98dc	STS	STS-	รอโครงการใหม่	Close							540000	0.15	THB	2025-05-15		540000				รอโครงการใหม่	STS โอนสิทธิ์ - มูลค่าสัญญา	
dm_e6af51b4	WCI-Project	STS--WCI	รอโครงการใหม่	Close							2160000	0.10	THB	2025-05-15		2160000				รอโครงการใหม่	WCI โอนสิทธิ์ (ผูกกับ STS=STS-)	
dm_b9fefb9c	STS	STS-	รอโครงการใหม่	Close							540000	0.15	THB	2025-05-15		540000				รอโครงการใหม่	STS โอนสิทธิ์ - มูลค่าสัญญา	
dm_cfc525f2	WCI-Project	STS--WCI	รอโครงการใหม่	Close							2160000	0.10	THB	2025-05-15		2160000				รอโครงการใหม่	WCI โอนสิทธิ์ (ผูกกับ STS=STS-)	
dm_31f95bf7	STS	STS-	รอโครงการใหม่	Close							540000	0.15	THB	2025-05-15		540000				รอโครงการใหม่	STS โอนสิทธิ์ - มูลค่าสัญญา	
dm_18011b68	WCI-Project	STS--WCI	รอโครงการใหม่	Close							2160000	0.10	THB	2025-05-15		2160000				รอโครงการใหม่	WCI โอนสิทธิ์ (ผูกกับ STS=STS-)	
dm_e74e64d6	STS	STS-	รอโครงการใหม่	Close							540000	0.15	THB	2025-05-15		540000				รอโครงการใหม่	STS โอนสิทธิ์ - มูลค่าสัญญา	
dm_4720e76f	WCI-Project	STS--WCI	รอโครงการใหม่	Close							2160000	0.10	THB	2025-05-15		2160000				รอโครงการใหม่	WCI โอนสิทธิ์ (ผูกกับ STS=STS-)	
dm_7be9f6b1	STS	STS-	รอโครงการใหม่	Close							540000	0.15	THB	2025-05-15		540000				รอโครงการใหม่	STS โอนสิทธิ์ - มูลค่าสัญญา	
dm_6995bc38	WCI-Project	STS--WCI	รอโครงการใหม่	Close							2160000	0.10	THB	2025-05-15		2160000				รอโครงการใหม่	WCI โอนสิทธิ์ (ผูกกับ STS=STS-)	
dm_5942e2f2	STS	STS-	รอโครงการใหม่	Close							540000	0.15	THB	2025-05-15		540000				รอโครงการใหม่	STS โอนสิทธิ์ - มูลค่าสัญญา	
dm_e653019a	WCI-Project	STS--WCI	รอโครงการใหม่	Close							2160000	0.10	THB	2025-05-15		2160000				รอโครงการใหม่	WCI โอนสิทธิ์ (ผูกกับ STS=STS-)	
dm_44eaff3f	STS	STS-	รอโครงการใหม่	Close							540000	0.15	THB	2025-05-15		540000				รอโครงการใหม่	STS โอนสิทธิ์ - มูลค่าสัญญา	
dm_a687896a	WCI-Project	STS--WCI	รอโครงการใหม่	Close							2160000	0.10	THB	2025-05-15		2160000				รอโครงการใหม่	WCI โอนสิทธิ์ (ผูกกับ STS=STS-)	
dm_6f61a994	STS	STS-	รอโครงการใหม่	Close							540000	0.15	THB	2025-05-15		540000				รอโครงการใหม่	STS โอนสิทธิ์ - มูลค่าสัญญา	
dm_a5f8e81e	WCI-Project	STS--WCI	รอโครงการใหม่	Close							2160000	0.10	THB	2025-05-15		2160000				รอโครงการใหม่	WCI โอนสิทธิ์ (ผูกกับ STS=STS-)	
dm_1d8306c1	STS	STS-	รอโครงการใหม่	Close							540000	0.15	THB	2025-05-15		540000				รอโครงการใหม่	STS โอนสิทธิ์ - มูลค่าสัญญา	
dm_edc33503	WCI-Project	STS--WCI	รอโครงการใหม่	Close							480000	0.10	THB	2025-05-15		480000				รอโครงการใหม่	WCI โอนสิทธิ์ (ผูกกับ STS=STS-)	
dm_38736afc	STS	STS-	รอโครงการใหม่	Close							540000	0.15	THB	2025-05-15		540000				รอโครงการใหม่	STS โอนสิทธิ์ - มูลค่าสัญญา	
dm_df4ef3c6	WCI-Project	STS--WCI	รอโครงการใหม่	Close							80000	0.10	THB	2025-05-15		80000				รอโครงการใหม่	WCI โอนสิทธิ์ (ผูกกับ STS=STS-)	
dm_4cc541dd	STS	STS-	รอโครงการใหม่	Close							540000	0.15	THB	2025-05-21		540000				รอโครงการใหม่	STS โอนสิทธิ์ - มูลค่าสัญญา	
dm_ec1e5719	WCI-Project	STS--WCI	รอโครงการใหม่	Close							2160000	0.10	THB	2025-05-21		2160000				รอโครงการใหม่	WCI โอนสิทธิ์ (ผูกกับ STS=STS-)	
dm_ed25b970	STS	STS-	รอโครงการใหม่	Close							540000	0.15	THB	2025-05-21		540000				รอโครงการใหม่	STS โอนสิทธิ์ - มูลค่าสัญญา	
dm_b9f25be8	WCI-Project	STS--WCI	รอโครงการใหม่	Close							2140000	0.10	THB	2025-05-21		2140000				รอโครงการใหม่	WCI โอนสิทธิ์ (ผูกกับ STS=STS-)	
dm_bc2c4ce5	STS	STS-	รอโครงการใหม่	Close							540000	0.15	THB	2025-05-28		540000				รอโครงการใหม่	STS โอนสิทธิ์ - มูลค่าสัญญา	
dm_55ec5de3	WCI-Project	STS--WCI	รอโครงการใหม่	Close							2160000	0.10	THB	2025-05-28		2160000				รอโครงการใหม่	WCI โอนสิทธิ์ (ผูกกับ STS=STS-)	
dm_e5bc6760	STS	STS-	รอโครงการใหม่	Close							540000	0.15	THB	2025-05-28		540000				รอโครงการใหม่	STS โอนสิทธิ์ - มูลค่าสัญญา	
dm_069b7c1f	WCI-Project	STS--WCI	รอโครงการใหม่	Close							2160000	0.10	THB	2025-05-28		2160000				รอโครงการใหม่	WCI โอนสิทธิ์ (ผูกกับ STS=STS-)	
dm_8db40a81	STS	STS-	รอโครงการใหม่	Close							540000	0.15	THB	2025-05-28		540000				รอโครงการใหม่	STS โอนสิทธิ์ - มูลค่าสัญญา	
dm_b5faf163	WCI-Project	STS--WCI	รอโครงการใหม่	Close							980000	0.10	THB	2025-05-28		980000				รอโครงการใหม่	WCI โอนสิทธิ์ (ผูกกับ STS=STS-)	
dm_26af46a0	STS	STS-	รอโครงการใหม่	Close							540000	0.15	THB	2025-06-19		540000				รอโครงการใหม่	STS โอนสิทธิ์ - มูลค่าสัญญา	
dm_70e55f44	WCI-Project	STS--WCI	รอโครงการใหม่	Close							2160000	0.10	THB	2025-06-19		2160000				รอโครงการใหม่	WCI โอนสิทธิ์ (ผูกกับ STS=STS-)	
dm_972549d0	STS	STS-	รอโครงการใหม่	Close							540000	0.15	THB	2025-06-19		540000				รอโครงการใหม่	STS โอนสิทธิ์ - มูลค่าสัญญา	
dm_0a889c97	WCI-Project	STS--WCI	รอโครงการใหม่	Close							2000000	0.10	THB	2025-06-19		2000000				รอโครงการใหม่	WCI โอนสิทธิ์ (ผูกกับ STS=STS-)	[{"date":"2025-06-27","amount":160000,"note":"WCI ครั้งที่ 2"}]
dm_56a0abcc	STS	STS-	รอโครงการใหม่	Close							540000	0.15	THB	2025-06-27		540000				รอโครงการใหม่	STS โอนสิทธิ์ - มูลค่าสัญญา	
dm_8ef54142	WCI-Project	STS--WCI	รอโครงการใหม่	Close							2160000	0.10	THB	2025-06-27		2160000				รอโครงการใหม่	WCI โอนสิทธิ์ (ผูกกับ STS=STS-)	
dm_b29ccc2b	STS	STS-	รอโครงการใหม่	Close							540000	0.15	THB	2025-06-27		540000				รอโครงการใหม่	STS โอนสิทธิ์ - มูลค่าสัญญา	
dm_3de2c107	WCI-Project	STS--WCI	รอโครงการใหม่	Close							2160000	0.10	THB	2025-06-27		2160000				รอโครงการใหม่	WCI โอนสิทธิ์ (ผูกกับ STS=STS-)	
dm_1bcc923c	STS	STS-	รอโครงการใหม่	Close							540000	0.15	THB	2025-06-27		540000				รอโครงการใหม่	STS โอนสิทธิ์ - มูลค่าสัญญา	
dm_070d770a	WCI-Project	STS--WCI	รอโครงการใหม่	Close							2160000	0.10	THB	2025-06-27		2160000				รอโครงการใหม่	WCI โอนสิทธิ์ (ผูกกับ STS=STS-)	
dm_6d0ec430	STS	STS-	รอโครงการใหม่	Close							540000	0.15	THB	2025-06-27		540000				รอโครงการใหม่	STS โอนสิทธิ์ - มูลค่าสัญญา	
dm_0823732c	WCI-Project	STS--WCI	รอโครงการใหม่	Close							2160000	0.10	THB	2025-06-27		2160000				รอโครงการใหม่	WCI โอนสิทธิ์ (ผูกกับ STS=STS-)	
dm_37b61db5	STS	STS-	รอโครงการใหม่	Close							540000	0.15	THB	2025-06-27		540000				รอโครงการใหม่	STS โอนสิทธิ์ - มูลค่าสัญญา	
dm_37b78a4b	WCI-Project	STS--WCI	รอโครงการใหม่	Close							2160000	0.10	THB	2025-06-27		2160000				รอโครงการใหม่	WCI โอนสิทธิ์ (ผูกกับ STS=STS-)	
dm_922e7ad5	STS	STS-	รอโครงการใหม่	Close							540000	0.15	THB	2025-06-27		540000				รอโครงการใหม่	STS โอนสิทธิ์ - มูลค่าสัญญา	
dm_4420dd7b	WCI-Project	STS--WCI	รอโครงการใหม่	Close							2160000	0.10	THB	2025-06-27		2160000				รอโครงการใหม่	WCI โอนสิทธิ์ (ผูกกับ STS=STS-)	
dm_87b12242	STS	STS-	รอโครงการใหม่	Close							540000	0.15	THB	2025-06-27		540000				รอโครงการใหม่	STS โอนสิทธิ์ - มูลค่าสัญญา	
dm_25fe444b	WCI-Project	STS--WCI	รอโครงการใหม่	Close							580000	0.10	THB	2025-06-27		580000				รอโครงการใหม่	WCI โอนสิทธิ์ (ผูกกับ STS=STS-)	
dm_3ca0d2c9	STS	STS-	รอโครงการใหม่	Close							540000	0.15	THB	2025-07-25		540000				รอโครงการใหม่	STS โอนสิทธิ์ - มูลค่าสัญญา	
dm_60aa07b4	WCI-Project	STS--WCI	รอโครงการใหม่	Close							2160000	0.10	THB	2025-07-25		2160000				รอโครงการใหม่	WCI โอนสิทธิ์ (ผูกกับ STS=STS-)	
dm_6e6c2cb9	STS	STS-	รอโครงการใหม่	Close							540000	0.15	THB	2025-07-25		540000				รอโครงการใหม่	STS โอนสิทธิ์ - มูลค่าสัญญา	
dm_00947181	WCI-Project	STS--WCI	รอโครงการใหม่	Close							2160000	0.10	THB	2025-07-25		2160000				รอโครงการใหม่	WCI โอนสิทธิ์ (ผูกกับ STS=STS-)	
dm_5591e159	STS	STS-	รอโครงการใหม่	Close							540000	0.15	THB	2025-07-25		540000				รอโครงการใหม่	STS โอนสิทธิ์ - มูลค่าสัญญา	
dm_3213efc6	WCI-Project	STS--WCI	รอโครงการใหม่	Close							2160000	0.10	THB	2025-07-25		2160000				รอโครงการใหม่	WCI โอนสิทธิ์ (ผูกกับ STS=STS-)	
dm_4597dfac	STS	STS-	รอโครงการใหม่	Close							540000	0.15	THB	2025-07-25		540000				รอโครงการใหม่	STS โอนสิทธิ์ - มูลค่าสัญญา	
dm_8ee7dbbf	WCI-Project	STS--WCI	รอโครงการใหม่	Close							2160000	0.10	THB	2025-07-25		2160000				รอโครงการใหม่	WCI โอนสิทธิ์ (ผูกกับ STS=STS-)	
dm_ffa752d1	STS	STS-	รอโครงการใหม่	Close							540000	0.15	THB	2025-07-25		540000				รอโครงการใหม่	STS โอนสิทธิ์ - มูลค่าสัญญา	
dm_3b2927ff	WCI-Project	STS--WCI	รอโครงการใหม่	Close							860000	0.10	THB	2025-07-25		860000				รอโครงการใหม่	WCI โอนสิทธิ์ (ผูกกับ STS=STS-)	
dm_9b037e9c	STS	STS-	รอโครงการใหม่	Close							540000	0.15	THB	2025-07-31		540000				รอโครงการใหม่	STS โอนสิทธิ์ - มูลค่าสัญญา	
dm_57969a77	WCI-Project	STS--WCI	รอโครงการใหม่	Close							2160000	0.10	THB	2025-07-31		2160000				รอโครงการใหม่	WCI โอนสิทธิ์ (ผูกกับ STS=STS-)	
dm_e3252290	STS	STS-	รอโครงการใหม่	Close							540000	0.15	THB	2025-07-31		540000				รอโครงการใหม่	STS โอนสิทธิ์ - มูลค่าสัญญา	
dm_4bc392e2	WCI-Project	STS--WCI	รอโครงการใหม่	Close							2160000	0.10	THB	2025-07-31		2160000				รอโครงการใหม่	WCI โอนสิทธิ์ (ผูกกับ STS=STS-)	
dm_1deb88a3	STS	STS-	รอโครงการใหม่	Close							540000	0.15	THB	2025-07-31		540000				รอโครงการใหม่	STS โอนสิทธิ์ - มูลค่าสัญญา	
dm_6d70cd70	WCI-Project	STS--WCI	รอโครงการใหม่	Close							2080000	0.10	THB	2025-07-31		2080000				รอโครงการใหม่	WCI โอนสิทธิ์ (ผูกกับ STS=STS-)	
dm_5f417665	STS	STS-	รอโครงการใหม่	Close							540000	0.15	THB	2025-11-07		540000				รอโครงการใหม่	STS โอนสิทธิ์ - มูลค่าสัญญา 5400000	
dm_337c5d21	WCI-Project	STS--WCI	รอโครงการใหม่	Close							2220000	0.10	THB	2025-11-07		2220000				รอโครงการใหม่	WCI โอนสิทธิ์ (ผูกกับ STS=STS-)	
dm_d86dd70f	STS	STS-	รอโครงการใหม่	Close							540000	0.15	THB	2025-11-07		540000				รอโครงการใหม่	STS โอนสิทธิ์ - มูลค่าสัญญา 5400000	
dm_78e7779d	WCI-Project	STS--WCI	รอโครงการใหม่	Close							2220000	0.10	THB	2025-11-07		2220000				รอโครงการใหม่	WCI โอนสิทธิ์ (ผูกกับ STS=STS-)	
dm_f8fd8fdd	STS	STS-	รอโครงการใหม่	Close							540000	0.15	THB	2025-11-07		540000				รอโครงการใหม่	STS โอนสิทธิ์ - มูลค่าสัญญา 5400000	
dm_a06e0141	WCI-Project	STS--WCI	รอโครงการใหม่	Close							2160000	0.10	THB	2025-11-07		2160000				รอโครงการใหม่	WCI โอนสิทธิ์ (ผูกกับ STS=STS-)	
dm_7c4c3efa	STS	STS-	รอโครงการใหม่	Close							540000	0.15	THB	2025-11-07		540000				รอโครงการใหม่	STS โอนสิทธิ์ - มูลค่าสัญญา 5400000	
dm_cb029f82	WCI-Project	STS--WCI	รอโครงการใหม่	Close							520000	0.10	THB	2025-11-07		520000				รอโครงการใหม่	WCI โอนสิทธิ์ (ผูกกับ STS=STS-)	
dm_32881df0	STS	STS-	ป่าช้าโคกมะยอ ม.1 ต.โคกสะอาด อ.หนองแซง จ.สระบุรี	Active							540000	0.15	THB	2025-10-31		540000				ป่าช้าโคกมะยอ ม.1 ต.โคกสะอาด อ.หนองแซง จ.สระบุรี	STS โอนสิทธิ์ - มูลค่าสัญญา 5400000	
dm_b63dfcc2	WCI-Project	STS--WCI	ป่าช้าโคกมะยอ ม.1 ต.โคกสะอาด อ.หนองแซง จ.สระบุรี	Active							2160000	0.10	THB	2025-10-31		2160000				ป่าช้าโคกมะยอ ม.1 ต.โคกสะอาด อ.หนองแซง จ.สระบุรี	WCI โอนสิทธิ์ (ผูกกับ STS=STS-)	
dm_1157ec13	STS	STS-	ม.5 ต.เจริญธรรม อ.วิหารแดง จ.สระบุรี	Active							540000	0.15	THB	2025-10-31		540000				ม.5 ต.เจริญธรรม อ.วิหารแดง จ.สระบุรี	STS โอนสิทธิ์ - มูลค่าสัญญา 5400000	
dm_6c5a99dc	WCI-Project	STS--WCI	ม.5 ต.เจริญธรรม อ.วิหารแดง จ.สระบุรี	Active							2160000	0.10	THB	2025-10-31		2160000				ม.5 ต.เจริญธรรม อ.วิหารแดง จ.สระบุรี	WCI โอนสิทธิ์ (ผูกกับ STS=STS-)	
dm_10b6497b	STS	STS-	บ้านเขาเฒ่า ม.3 ต.บางเตย อ.เมืองพังงา จ.พังงา	Active							540000	0.15	THB	2025-10-31		540000				บ้านเขาเฒ่า ม.3 ต.บางเตย อ.เมืองพังงา จ.พังงา	STS โอนสิทธิ์ - มูลค่าสัญญา 5400000	
dm_48655a16	WCI-Project	STS--WCI	บ้านเขาเฒ่า ม.3 ต.บางเตย อ.เมืองพังงา จ.พังงา	Active							2160000	0.10	THB	2025-10-31		2160000				บ้านเขาเฒ่า ม.3 ต.บางเตย อ.เมืองพังงา จ.พังงา	WCI โอนสิทธิ์ (ผูกกับ STS=STS-)	
dm_fedb6aa5	STS	STS-	บ้านบ้านหัวรัง ม.2 ต.ดอนเจดีย์ อ.พนมทวน จ.กาญจนบุรี	Active			-2146826246				540000	0.15	THB	2025-10-31		540000				บ้านบ้านหัวรัง ม.2 ต.ดอนเจดีย์ อ.พนมทวน จ.กาญจนบุรี	STS โอนสิทธิ์ - มูลค่าสัญญา 5400000	
dm_12f26faa	WCI-Project	STS--WCI	บ้านบ้านหัวรัง ม.2 ต.ดอนเจดีย์ อ.พนมทวน จ.กาญจนบุรี	Active			-2146826246				2160000	0.10	THB	2025-10-31		2160000				บ้านบ้านหัวรัง ม.2 ต.ดอนเจดีย์ อ.พนมทวน จ.กาญจนบุรี	WCI โอนสิทธิ์ (ผูกกับ STS=STS-)	
dm_b46f373d	STS	STS-	บ้านเทิดไท้ ม.5 ต.หาดทรายรี อ.เมืองชุมพร จ.ชุมพร	Active							540000	0.15	THB	2025-10-31		540000				บ้านเทิดไท้ ม.5 ต.หาดทรายรี อ.เมืองชุมพร จ.ชุมพร	STS โอนสิทธิ์ - มูลค่าสัญญา 5400000	
dm_da74887a	WCI-Project	STS--WCI	บ้านเทิดไท้ ม.5 ต.หาดทรายรี อ.เมืองชุมพร จ.ชุมพร	Active							2160000	0.10	THB	2025-10-31		2160000				บ้านเทิดไท้ ม.5 ต.หาดทรายรี อ.เมืองชุมพร จ.ชุมพร	WCI โอนสิทธิ์ (ผูกกับ STS=STS-)	
dm_e251d3ce	STS	STS-	รอโครงการใหม่	Close							540000	0.15	THB	2025-10-31		540000				รอโครงการใหม่	STS โอนสิทธิ์ - มูลค่าสัญญา 5400000	
dm_dd7ec319	WCI-Project	STS--WCI	รอโครงการใหม่	Close							520000	0.10	THB	2025-10-31		520000				รอโครงการใหม่	WCI โอนสิทธิ์ (ผูกกับ STS=STS-)	
dm_55e6897c	STS	STS-	บ้านน้ำโท้ง ม.1 ต.เถินบุรี อ.เถิน จ.ลำปาง	Active			122				540000	0.15	THB	2025-10-31		540000				บ้านน้ำโท้ง ม.1 ต.เถินบุรี อ.เถิน จ.ลำปาง	STS โอนสิทธิ์ - มูลค่าสัญญา 5400000	
dm_689faa09	WCI-Project	STS--WCI	บ้านน้ำโท้ง ม.1 ต.เถินบุรี อ.เถิน จ.ลำปาง	Active			122				2160000	0.10	THB	2025-10-31		2160000				บ้านน้ำโท้ง ม.1 ต.เถินบุรี อ.เถิน จ.ลำปาง	WCI โอนสิทธิ์ (ผูกกับ STS=STS-)	
dm_9cc3259e	STS	STS-	รอโครงการใหม่	Close							540000	0.15	THB	2025-10-31		540000				รอโครงการใหม่	STS โอนสิทธิ์ - มูลค่าสัญญา 5400000	
dm_62bb56d2	WCI-Project	STS--WCI	รอโครงการใหม่	Close							520000	0.10	THB	2025-10-31		520000				รอโครงการใหม่	WCI โอนสิทธิ์ (ผูกกับ STS=STS-)	
dm_1b709faa	STS	STS-	รอโครงการใหม่	Close							540000	0.15	THB	2025-12-26		540000				รอโครงการใหม่	STS โอนสิทธิ์ - มูลค่าสัญญา 5400000	
dm_08a83924	WCI-Project	STS--WCI	รอโครงการใหม่	Close							2160000	0.10	THB	2025-12-26		2160000				รอโครงการใหม่	WCI โอนสิทธิ์ (ผูกกับ STS=STS-)	
dm_e6522180	STS	STS-	รอโครงการใหม่	Close							540000	0.15	THB	2025-12-26		540000				รอโครงการใหม่	STS โอนสิทธิ์ - มูลค่าสัญญา 5400000	
dm_384c630d	WCI-Project	STS--WCI	รอโครงการใหม่	Close							520000	0.10	THB	2025-12-26		520000				รอโครงการใหม่	WCI โอนสิทธิ์ (ผูกกับ STS=STS-)	
dm_c3e473e5	STS	STS-	รอโครงการใหม่	Close							540000	0.15	THB	2025-12-26		540000				รอโครงการใหม่	STS โอนสิทธิ์ - มูลค่าสัญญา 5400000	
dm_1a8889b9	WCI-Project	STS--WCI	รอโครงการใหม่	Close							2160000	0.10	THB	2025-12-26		2160000				รอโครงการใหม่	WCI โอนสิทธิ์ (ผูกกับ STS=STS-)	
dm_4acdd9f9	STS	STS-WTP680219-001	รอโครงการใหม่	Close							540000	0.15	THB	2025-02-20		540000				รอโครงการใหม่	STS โอนสิทธิ์ - มูลค่าสัญญา 5400000	
dm_865a257a	WCI-Project	STS-WTP680219-001-WCI	รอโครงการใหม่	Close							2160000	0.10	THB	2026-01-30		2160000				รอโครงการใหม่	WCI โอนสิทธิ์ (ผูกกับ STS=STS-WTP680219-001)	
dm_f63fce5a	STS	STS-	ม.4 ต.ห้วยยาง อ.ทับสะแก จ.ประจวบคีรีขันธ์	Active			-2146826246				540000	0.15	THB	2026-01-30		540000				ม.4 ต.ห้วยยาง อ.ทับสะแก จ.ประจวบคีรีขันธ์	STS โอนสิทธิ์ - มูลค่าสัญญา 5400000	
dm_d7065030	WCI-Project	STS--WCI	ม.4 ต.ห้วยยาง อ.ทับสะแก จ.ประจวบคีรีขันธ์	Active			-2146826246				2160000	0.10	THB	2026-01-30		2160000				ม.4 ต.ห้วยยาง อ.ทับสะแก จ.ประจวบคีรีขันธ์	WCI โอนสิทธิ์ (ผูกกับ STS=STS-)	
dm_687b019f	STS	STS-	บ้านโนนสว่าง ม.4 ต.วังม่วง อ.เปือยน้อย จ.ขอนแก่น	Active							540000	0.15	THB	2026-01-30		540000				บ้านโนนสว่าง ม.4 ต.วังม่วง อ.เปือยน้อย จ.ขอนแก่น	STS โอนสิทธิ์ - มูลค่าสัญญา 5400000	
dm_004c0c13	WCI-Project	STS--WCI	บ้านโนนสว่าง ม.4 ต.วังม่วง อ.เปือยน้อย จ.ขอนแก่น	Active							2160000	0.10	THB	2026-01-30		2160000				บ้านโนนสว่าง ม.4 ต.วังม่วง อ.เปือยน้อย จ.ขอนแก่น	WCI โอนสิทธิ์ (ผูกกับ STS=STS-)	
dm_2f5d2135	STS	STS-	บ้านไค้นุ่น (อบต.หลังเก่า) ม.2 ต.ไค้นุ่น อ.ห้วยผึ้ง จ.กาฬสินธุ์	Active			2026-09-01				540000	0.15	THB	2026-01-30		540000				บ้านไค้นุ่น (อบต.หลังเก่า) ม.2 ต.ไค้นุ่น อ.ห้วยผึ้ง จ.กาฬสินธุ์	STS โอนสิทธิ์ - มูลค่าสัญญา 5400000	
dm_dffa4895	WCI-Project	STS--WCI	บ้านไค้นุ่น (อบต.หลังเก่า) ม.2 ต.ไค้นุ่น อ.ห้วยผึ้ง จ.กาฬสินธุ์	Active			2026-09-01				2160000	0.10	THB	2026-01-30		2160000				บ้านไค้นุ่น (อบต.หลังเก่า) ม.2 ต.ไค้นุ่น อ.ห้วยผึ้ง จ.กาฬสินธุ์	WCI โอนสิทธิ์ (ผูกกับ STS=STS-)	
dm_ff6dbd6b	STS	STS-	รอโครงการใหม่	Close							540000	0.15	THB	2026-01-30		540000				รอโครงการใหม่	STS โอนสิทธิ์ - มูลค่าสัญญา 5400000	
dm_66cf22b5	WCI-Project	STS--WCI	รอโครงการใหม่	Close							60000	0.10	THB	2026-01-30		60000				รอโครงการใหม่	WCI โอนสิทธิ์ (ผูกกับ STS=STS-)	