ev_64531268	dm_eb0328e4	STS-WTP670529-001-WCI	repayment	2024-10-24	832000	คืน WCI งวด 1
ev_d607ed1b	dm_eb0328e4	STS-WTP670529-001-WCI	repayment	2025-02-28	1176000	คืน WCI งวด 2
ev_38962f8c	dm_26b98c72	STS-WTP670513-001(130)-WCI	repayment	2024-07-09	864000	คืน WCI งวด 1
ev_3a0bb189	dm_26b98c72	STS-WTP670513-001(130)-WCI	repayment	2024-08-02	1296000	คืน WCI งวด 2
ev_c009a75b	dm_1f334ac7	STS-WTP670529-002-WCI	repayment	2024-10-02	648000	คืน WCI งวด 1
ev_de079a12	dm_1f334ac7	STS-WTP670529-002-WCI	repayment	2024-11-15	1512000	คืน WCI งวด 2
ev_3fe15a60	dm_f6371325	STS-WTP670529-003-WCI	repayment	2024-08-22	803200	คืน WCI งวด 1
ev_4d4ab44e	dm_f6371325	STS-WTP670529-003-WCI	repayment	2024-09-25	1204800	คืน WCI งวด 2
ev_9f85c929	dm_b0b0239d	STS-WTP670529-004-WCI	repayment	2024-09-05	863840	คืน WCI งวด 1
ev_0d52c19c	dm_b0b0239d	STS-WTP670529-004-WCI	repayment	2025-02-07	1295760	คืน WCI งวด 2
ev_4142e487	dm_4a8a1a20	STS-WTP670610-001(142)-WCI	repayment	2024-10-01	832000	คืน WCI งวด 1
ev_d4aa461e	dm_4a8a1a20	STS-WTP670610-001(142)-WCI	repayment	2024-11-29	1176000	คืน WCI งวด 2
ev_7632dda3	dm_c487dd61	STS-WTP670610-002(143)-WCI	repayment	2024-09-25	864000	คืน WCI งวด 1
ev_841fc367	dm_c487dd61	STS-WTP670610-002(143)-WCI	repayment	2024-11-06	1296000	คืน WCI งวด 2
ev_0f348a83	dm_436225cf	STS-WTP670529-009 (140)-WCI	repayment	2024-08-29	864000	คืน WCI งวด 1
ev_c4310993	dm_436225cf	STS-WTP670529-009 (140)-WCI	repayment	2024-10-29	1296000	คืน WCI งวด 2
ev_82123bba	dm_14d65de1	STS-WTP670529-005 (136)-WCI	repayment	2024-08-30	864000	คืน WCI งวด 1
ev_76911628	dm_14d65de1	STS-WTP670529-005 (136)-WCI	repayment	2024-12-13	1296000	คืน WCI งวด 2
ev_1dd2f843	dm_255c6c7e	STS-WTP670529-006 (137)-WCI	repayment	2024-08-30	864000	คืน WCI งวด 1
ev_6afd6624	dm_255c6c7e	STS-WTP670529-006 (137)-WCI	repayment	2024-12-13	1296000	คืน WCI งวด 2
ev_2a0cab50	dm_e5af6d1d	STS-WTP670529-007 (138)-WCI	repayment	2024-08-30	864000	คืน WCI งวด 1
ev_67ea92d4	dm_e5af6d1d	STS-WTP670529-007 (138)-WCI	repayment	2024-12-13	1296000	คืน WCI งวด 2
ev_9c58d057	dm_26041882	STS-WTP670529-008 (139)-WCI	repayment	2024-09-09	864000	คืน WCI งวด 1
ev_754ea3eb	dm_26041882	STS-WTP670529-008 (139)-WCI	repayment	2024-09-27	1296000	คืน WCI งวด 2
ev_ac36fa44	dm_7bc92efa	STS-WTP670627-001(145)-WCI	repayment	2024-09-10	832000	คืน WCI งวด 1
ev_48a163d4	dm_7bc92efa	STS-WTP670627-001(145)-WCI	repayment	2024-10-03	1248000	คืน WCI งวด 2
ev_72d00e2c	dm_b3cadcb8	STS-WTP670627-001(146)-WCI	repayment	2024-08-19	544000	คืน WCI งวด 1
ev_9f7b13c6	dm_b3cadcb8	STS-WTP670627-001(146)-WCI	repayment	2024-10-02	816000	คืน WCI งวด 2
ev_ed871c04	dm_7b7dbfdf	STS-WTP670627-001(147)-WCI	repayment	2024-11-19	832000	คืน WCI งวด 1
ev_b27068b7	dm_7b7dbfdf	STS-WTP670627-001(147)-WCI	repayment	2024-12-23	1176000	คืน WCI งวด 2
ev_186c948d	dm_13333507	STS-WTP670627-001(148)-WCI	repayment	2024-08-13	832000	คืน WCI งวด 1
ev_b2843875	dm_13333507	STS-WTP670627-001(148)-WCI	repayment	2024-09-18	1176000	คืน WCI งวด 2
ev_dfb1d155	dm_d76465f9	STS-WTP670529-010(141)-WCI	repayment	2024-09-30	832000	คืน WCI งวด 1
ev_9d61f8e4	dm_d76465f9	STS-WTP670529-010(141)-WCI	repayment	2024-11-14	1176000	คืน WCI งวด 2
ev_ba75a4ff	dm_f93077b7	STS-WTP670730-001(152)-WCI	repayment	2025-01-15	864000	คืน WCI งวด 1
ev_5d588281	dm_f93077b7	STS-WTP670730-001(152)-WCI	repayment	2025-04-11	1296000	คืน WCI งวด 2
ev_88b01223	dm_fdc810ad	STS-WTP670730-002(153)-WCI	repayment	2024-09-26	832000	คืน WCI งวด 1
ev_9de33ecd	dm_fdc810ad	STS-WTP670730-002(153)-WCI	repayment	2025-01-29	1176000	คืน WCI งวด 2
ev_9b693b4f	dm_5d63ac09	STS-WTP670730-003(154)-WCI	repayment	2024-11-08	864000	คืน WCI งวด 1
ev_fee3c929	dm_5d63ac09	STS-WTP670730-003(154)-WCI	repayment	2024-12-20	1296000	คืน WCI งวด 2
ev_643f73fa	dm_b55a4ef3	STS-WTP670730-004(155)-WCI	drawdown	2024-08-09	600000	WCI ครั้งที่ 2
ev_2840cdc5	dm_b55a4ef3	STS-WTP670730-004(155)-WCI	drawdown	2024-08-16	1000000	WCI ครั้งที่ 3
ev_00d0cf57	dm_b55a4ef3	STS-WTP670730-004(155)-WCI	repayment	2024-10-11	864000	คืน WCI งวด 1
ev_bb8ff192	dm_b55a4ef3	STS-WTP670730-004(155)-WCI	repayment	2025-02-21	1296000	คืน WCI งวด 2
ev_9b7df71c	dm_28994ba5	STS-WTP670730-005(156)-WCI	repayment	2025-03-07	2160000	คืน WCI งวด 1
ev_a3344067	dm_7214600b	STS-WTP670731-002(159)-WCI	repayment	2024-11-07	832000	คืน WCI งวด 1
ev_6b3e811f	dm_7214600b	STS-WTP670731-002(159)-WCI	repayment	2025-02-07	1176000	คืน WCI งวด 2
ev_2b547bd0	dm_b62c0491	STS-WTP670731-003(160)-WCI	repayment	2024-09-27	832000	คืน WCI งวด 1
ev_f8d535f2	dm_b62c0491	STS-WTP670731-003(160)-WCI	repayment	2025-02-03	1176000	คืน WCI งวด 2
ev_a868aaf0	dm_308d4cf0	STS-WTP670731-001(158)/1	drawdown	2024-08-29	200000	STS ครั้งที่ 2
ev_80c1a312	dm_0a7196e5	STS-WTP670731-001(158)/1-WCI	drawdown	2024-08-16	340624	WCI ครั้งที่ 2
ev_9e89dbb8	dm_0a7196e5	STS-WTP670731-001(158)/1-WCI	repayment	2025-02-07	1360000	คืน WCI งวด 1
ev_174c0f72	dm_d11dd69d	STS-WTP6708001-001(161)-WCI	repayment	2025-03-11	2160000	คืน WCI งวด 1
ev_5c095545	dm_e7ebefac	STS-WTP6708001-002(162)-WCI	repayment	2025-02-20	864000	คืน WCI งวด 1
ev_92ae7cd5	dm_e7ebefac	STS-WTP6708001-002(162)-WCI	repayment	2025-02-20	1296000	คืน WCI งวด 2
ev_d198caa8	dm_3a419291	STS-WTP671030-001(176)-WCI	repayment	2025-05-13	1800000	คืน WCI งวด 1
ev_f5f8cf31	dm_6e3780dc	STS-WTP671030-002(177)-WCI	drawdown	2024-08-23	80624	WCI ครั้งที่ 2
ev_b3168e20	dm_6e3780dc	STS-WTP671030-002(177)-WCI	repayment	2025-05-13	1800000	คืน WCI งวด 1
ev_23b97679	dm_0fa63b68	STS-WTP671030-003(178)-WCI	drawdown	2024-08-26	200000	WCI ครั้งที่ 2
ev_8d5b998f	dm_0fa63b68	STS-WTP671030-003(178)-WCI	drawdown	2024-09-10	515624	WCI ครั้งที่ 3
ev_38a4b759	dm_0fa63b68	STS-WTP671030-003(178)-WCI	repayment	2025-05-13	1800000	คืน WCI งวด 1
ev_061beacd	dm_65161560	STS-WTP671030-004(179)-WCI	repayment	2025-05-13	1800000	คืน WCI งวด 1
ev_1f499769	dm_2b9bdee5	STS-WTP671129-009(206)-WCI	repayment	2025-03-26	2160000	คืน WCI งวด 1
ev_e8cd2827	dm_beb72bd9	STS-WTP671129-010(207)-WCI	drawdown	2024-09-10	1120000	WCI ครั้งที่ 2
ev_d8011a79	dm_beb72bd9	STS-WTP671129-010(207)-WCI	repayment	2025-12-26	2160000	คืน WCI งวด 1
ev_6e919a9b	dm_e8580ae9	STS-WTP671030-005(180)-WCI	drawdown	2024-10-08	295624	WCI ครั้งที่ 2
ev_542ec3e6	dm_e8580ae9	STS-WTP671030-005(180)-WCI	repayment	2025-05-22	864000	คืน WCI งวด 1
ev_c34b70e6	dm_e8580ae9	STS-WTP671030-005(180)-WCI	repayment	2025-06-26	1296000	คืน WCI งวด 2
ev_b2c5220d	dm_61126f1a	STS-WTP671129-011(208)-WCI	repayment	2025-12-26	2160000	คืน WCI งวด 1
ev_01860d17	dm_edba4b87	STS-WTP671206-001(211)-WCI	repayment	2025-09-26	864000	คืน WCI งวด 1
ev_b3fdeea0	dm_edba4b87	STS-WTP671206-001(211)-WCI	repayment	2025-11-04	1296000	คืน WCI งวด 2
ev_6ed65d02	dm_ec1ac9a9	STS-WTP671206-002(212)-WCI	repayment	2025-12-26	2160000	คืน WCI งวด 1
ev_e2871e23	dm_2be065e6	STS-WTP671017-001(169)-WCI	drawdown	2024-10-08	1040000	WCI ครั้งที่ 2
ev_fc98799c	dm_2be065e6	STS-WTP671017-001(169)-WCI	repayment	2025-01-30	864000	คืน WCI งวด 1
ev_e7bed581	dm_2be065e6	STS-WTP671017-001(169)-WCI	repayment	2025-03-14	1296000	คืน WCI งวด 2
ev_7b66910b	dm_ada99df6	STS-WTP671030-006(181)-WCI	drawdown	2024-10-08	100000	WCI ครั้งที่ 2
ev_c4308019	dm_ada99df6	STS-WTP671030-006(181)-WCI	repayment	2025-05-13	1800000	คืน WCI งวด 1
ev_1c73ec5f	dm_aabd26e0	STS-WTP671206-003(213)-WCI	repayment	2025-06-27	864000	คืน WCI งวด 1
ev_8f1b61bd	dm_aabd26e0	STS-WTP671206-003(213)-WCI	repayment	2025-08-29	1296000	คืน WCI งวด 2
ev_812a4de4	dm_bf029ed1	STS-WTP680219-001-WCI	repayment	2025-08-29	864000	คืน WCI งวด 1
ev_9a4dd02b	dm_ba9f849a	STS-WTP671218-001(229)-WCI	repayment	2025-12-26	2160000	คืน WCI งวด 1
ev_a7ab1de0	dm_b33212fa	STS-WTP671129-008(205)-WCI	drawdown	2024-10-08	1140000	WCI ครั้งที่ 2
ev_e27baba9	dm_b33212fa	STS-WTP671129-008(205)-WCI	repayment	2025-03-27	2160000	คืน WCI งวด 1
ev_64d24ba5	dm_35fcc55e	STS-WTP671031-001(184)-WCI	repayment	2025-06-05	2160000	คืน WCI งวด 1
ev_0dca4c5c	dm_2c0ed99f	STS-WTP671031-002(185)-WCI	repayment	2025-04-10	2160000	คืน WCI งวด 1
ev_dce30d59	dm_31e9a173	STS-WTP671031-003(186)-WCI	repayment	2025-02-26	2160000	คืน WCI งวด 1
ev_17a5ad12	dm_f1ffc3d7	STS-WTP671018-005(174)-WCI	repayment	2025-02-14	864000	คืน WCI งวด 1
ev_ce529dc4	dm_f1ffc3d7	STS-WTP671018-005(174)-WCI	repayment	2025-02-27	1296000	คืน WCI งวด 2
ev_b83fd2e4	dm_d0a85723	STS-WTP671017-002(170)-WCI	repayment	2025-03-18	2160000	คืน WCI งวด 1
ev_4cfc62df	dm_19e3be76	STS-WTP671018-006(175)-WCI	drawdown	2024-10-10	295624	WCI ครั้งที่ 2
ev_9c0ce965	dm_19e3be76	STS-WTP671018-006(175)-WCI	drawdown	2024-10-11	350400	WCI ครั้งที่ 3
ev_c47a5973	dm_19e3be76	STS-WTP671018-006(175)-WCI	repayment	2025-01-15	908160	คืน WCI งวด 1
ev_d36f7ad6	dm_19e3be76	STS-WTP671018-006(175)-WCI	repayment	2025-03-21	1362240	คืน WCI งวด 2
ev_139baa4a	dm_efcc4976	STS-WTP680219-001-WCI	drawdown	2024-10-11	955624	WCI ครั้งที่ 2
ev_d497e023	dm_1f195b1e	STS-WTP671206-004(214)-WCI	repayment	2025-03-27	2385760	คืน WCI งวด 1
ev_32e9d99f	dm_09237205	STS-WTP680219-001-WCI	drawdown	2024-10-15	851784	WCI ครั้งที่ 2
ev_ee04f0bc	dm_09237205	STS-WTP680219-001-WCI	repayment	2025-08-28	864000	คืน WCI งวด 1
ev_2dfd1e3a	dm_09237205	STS-WTP680219-001-WCI	repayment	2025-09-29	1296000	คืน WCI งวด 2
ev_56212fb4	dm_67c87bd5	STS-WTP671129-007(204)-WCI	repayment	2025-01-15	864000	คืน WCI งวด 1
ev_a8f78e7e	dm_67c87bd5	STS-WTP671129-007(204)-WCI	repayment	2025-03-21	1296000	คืน WCI งวด 2
ev_c287c36a	dm_a1ceeed0	STS-WTP671218-002(230)-WCI	repayment	2025-07-01	520000	คืน WCI งวด 1
ev_8b53d14f	dm_1950e80d	STS-WTP671129-001(198)-WCI	drawdown	2024-10-22	74000	WCI ครั้งที่ 2
ev_15bd6803	dm_1950e80d	STS-WTP671129-001(198)-WCI	drawdown	2024-10-25	277784	WCI ครั้งที่ 3
ev_bb4e7f60	dm_1950e80d	STS-WTP671129-001(198)-WCI	repayment	2025-06-23	520000	คืน WCI งวด 1
ev_2ae4f251	dm_a8fd79fc	STS-WTP671017-003(171)-WCI	drawdown	2024-10-22	160000	WCI ครั้งที่ 2
ev_00479c8f	dm_a8fd79fc	STS-WTP671017-003(171)-WCI	repayment	2025-03-25	2160000	คืน WCI งวด 1
ev_68033e13	dm_d71e5f9c	STS-WTP671017-004(172)-WCI	repayment	2025-03-25	2160000	คืน WCI งวด 1
ev_11c34383	dm_a85601c4	STS-WTP671017-005(173)-WCI	drawdown	2024-10-25	1660000	WCI ครั้งที่ 2
ev_f98bbb66	dm_a85601c4	STS-WTP671017-005(173)-WCI	repayment	2025-04-08	864000	คืน WCI งวด 1
ev_16fbb6cb	dm_a85601c4	STS-WTP671017-005(173)-WCI	repayment	2025-05-06	1296000	คืน WCI งวด 2
ev_875af2fb	dm_83080970	STS-WTP671129-004(201)-WCI	repayment	2025-09-30	2160000	คืน WCI งวด 1
ev_7c9d032e	dm_800911fd	STS-WTP680219-001-WCI	drawdown	2024-10-21	900000	WCI ครั้งที่ 2
ev_c1274cc2	dm_800911fd	STS-WTP680219-001-WCI	drawdown	2024-10-22	1006000	WCI ครั้งที่ 3
ev_01992fb8	dm_05074cce	STS-WTP671031-004(187) /  STS-WTP671128-010(197)	drawdown	2024-11-28	160000	STS ครั้งที่ 2
ev_75497c7c	dm_751afa85	STS-WTP671031-004(187) /  STS-WTP671128-010(197)-WCI	repayment	2025-03-25	2160000	คืน WCI งวด 1
ev_e1749179	dm_b171fc6f	STS-WTP671206-005(215)-WCI	repayment	2025-07-04	2160000	คืน WCI งวด 1
ev_5824d075	dm_88248d36	STS-WTP671206-006(216)-WCI	drawdown	2024-10-29	517784	WCI ครั้งที่ 2
ev_e5fd9953	dm_88248d36	STS-WTP671206-006(216)-WCI	repayment	2025-07-04	2160000	คืน WCI งวด 1
ev_6a14e753	dm_11ab44e4	STS-WTP671128-009(196)-WCI	drawdown	2024-10-30	1677784	WCI ครั้งที่ 2
ev_e38f6a76	dm_11ab44e4	STS-WTP671128-009(196)-WCI	repayment	2025-03-27	2160000	คืน WCI งวด 1
ev_4b07ded5	dm_4eb017b1	STS-WTP671030-007(182)-WCI	repayment	2025-01-16	832000	คืน WCI งวด 1
ev_e0c1b1b4	dm_4eb017b1	STS-WTP671030-007(182)-WCI	repayment	2025-03-21	1176000	คืน WCI งวด 2
ev_04af1dd7	dm_98471d2a	STS-WTP671206-007(217)-WCI	repayment	2025-03-13	864000	คืน WCI งวด 1
ev_79918474	dm_98471d2a	STS-WTP671206-007(217)-WCI	repayment	2025-03-13	1296000	คืน WCI งวด 2
ev_6e271059	dm_297e1d8a	STS-WTP671206-008(218)-WCI	repayment	2025-06-25	2160000	คืน WCI งวด 1
ev_a0a70c47	dm_f0535eeb	STS-WTP671128-002(189)-WCI	drawdown	2024-10-31	40000	WCI ครั้งที่ 2
ev_8052fffc	dm_f0535eeb	STS-WTP671128-002(189)-WCI	drawdown	2024-11-08	613184	WCI ครั้งที่ 3
ev_818a514b	dm_f0535eeb	STS-WTP671128-002(189)-WCI	repayment	2025-03-11	2160000	คืน WCI งวด 1
ev_06d38abb	dm_6c7e73a2	STS-WTP671128-001(188)-WCI	repayment	2025-04-10	2160000	คืน WCI งวด 1
ev_7e2fddfa	dm_c0a092e0	STS-WTP671128-003(190)-WCI	repayment	2025-03-10	864000	คืน WCI งวด 1
ev_21144df8	dm_c0a092e0	STS-WTP671128-003(190)-WCI	repayment	2025-03-14	1296000	คืน WCI งวด 2
ev_08cb5365	dm_9d636f1f	STS-WTP671128-006(193)-WCI	repayment	2025-03-10	2160000	คืน WCI งวด 1
ev_cc32b226	dm_42be0ad2	STS-WTP671128-005(192)-WCI	repayment	2025-03-10	2160000	คืน WCI งวด 1
ev_c3d80064	dm_b0225a18	STS-WTP671128-004(191)-WCI	repayment	2025-03-10	2160000	คืน WCI งวด 1
ev_b389a7d9	dm_b2e5ec29	STS-WTP671128-007(194)-WCI	repayment	2025-06-25	2160000	คืน WCI งวด 1
ev_de8c933d	dm_090fa9dc	STS-WTP671128-008(195)-WCI	repayment	2025-06-25	2160000	คืน WCI งวด 1
ev_2d4b836a	dm_a3eb0ab3	STS-WTP671129-002(199)-WCI	repayment	2025-03-26	2160000	คืน WCI งวด 1
ev_b5d1ce5d	dm_c8f652a2	STS-WTP671129-003(200)-WCI	repayment	2025-03-26	2160000	คืน WCI งวด 1
ev_a56c9c62	dm_039eb0a7	STS-WTP671129-005(202)-WCI	repayment	2025-03-26	2160000	คืน WCI งวด 1
ev_9f6738c6	dm_8aaa6fa9	STS-WTP671129-006(203)-WCI	drawdown	2024-11-08	1600000	WCI ครั้งที่ 2
ev_d83dd78a	dm_8aaa6fa9	STS-WTP671129-006(203)-WCI	repayment	2025-04-09	2160000	คืน WCI งวด 1
ev_01e79ee3	dm_6470bddf	STS-WTP671206-009(219)-WCI	repayment	2025-12-26	2160000	คืน WCI งวด 1
ev_8c965b99	dm_3a3445bd	STS-WTP671206-010(220)-WCI	drawdown	2024-11-29	1833184	WCI ครั้งที่ 2
ev_ae98c213	dm_3a3445bd	STS-WTP671206-010(220)-WCI	repayment	2025-07-29	2160000	คืน WCI งวด 1
ev_5a493ca9	dm_4a6945b6	STS-WTP671206-011(221)-WCI	drawdown	2024-12-06	360000	WCI ครั้งที่ 2
ev_2d11fad6	dm_4a6945b6	STS-WTP671206-011(221)-WCI	drawdown	2024-12-20	500000	WCI ครั้งที่ 3
ev_1a5ce260	dm_4a6945b6	STS-WTP671206-011(221)-WCI	repayment	2025-04-17	2060000	คืน WCI งวด 1
ev_1e72ca3f	dm_ace026e7	STS-WTP671206-012(222)-WCI	repayment	2025-09-30	2060000	คืน WCI งวด 1
ev_9d9d7370	dm_52d702a0	STS-WTP671218-003(231)-WCI	drawdown	2024-12-20	871600	WCI ครั้งที่ 2
ev_06bd0a3d	dm_52d702a0	STS-WTP671218-003(231)-WCI	repayment	2025-06-20	2160000	คืน WCI งวด 1
ev_42c32d4e	dm_60a31483	STS-WTP671206-013(223)-WCI	repayment	2025-06-10	2160000	คืน WCI งวด 1
ev_3821bb65	dm_df4579cd	STS-WTP671206-014(224)-WCI	repayment	2025-03-05	864000	คืน WCI งวด 1
ev_99ab2f26	dm_df4579cd	STS-WTP671206-014(224)-WCI	repayment	2025-05-23	1296000	คืน WCI งวด 2
ev_9675c00f	dm_cef700a6	STS-WTP671206-015(225)-WCI	repayment	2025-03-26	2160000	คืน WCI งวด 1
ev_f9ea292f	dm_6ea78629	STS-WTP671206-016(226),STS-WTP671218-004(232)	drawdown	2024-12-18	186440	STS ครั้งที่ 2
ev_8f15a79e	dm_43c8518f	STS-WTP671206-016(226),STS-WTP671218-004(232)-WCI	repayment	2025-03-19	864000	คืน WCI งวด 1
ev_b692eb4f	dm_43c8518f	STS-WTP671206-016(226),STS-WTP671218-004(232)-WCI	repayment	2025-07-04	1296000	คืน WCI งวด 2
ev_993def6f	dm_573e5e79	STS-WTP671206-017(227)-WCI	repayment	2025-03-19	864000	คืน WCI งวด 1
ev_b846ebec	dm_573e5e79	STS-WTP671206-017(227)-WCI	repayment	2025-06-30	1296000	คืน WCI งวด 2
ev_0e70c2ac	dm_46988a7e	STS-WTP680219-001-WCI	drawdown	2025-01-15	100000	WCI ครั้งที่ 2
ev_d409f95e	dm_46988a7e	STS-WTP680219-001-WCI	repayment	2026-02-11	2160000	คืน WCI งวด 1
ev_f44ab5cb	dm_e278a363	STS--WCI	drawdown	2024-12-20	792256.68	WCI ครั้งที่ 2
ev_a5703cb7	dm_5780ce5a	STS-AW128-WCI	repayment	2025-04-08	862451.336	คืน WCI งวด 1
ev_f93ddd9e	dm_5780ce5a	STS-AW128-WCI	repayment	2025-05-06	1293677	คืน WCI งวด 2
ev_0c5721a3	dm_e41a69f8	STS--WCI	drawdown	2025-01-15	1269200	WCI ครั้งที่ 2
ev_9bc1c662	dm_e41a69f8	STS--WCI	repayment	2025-05-13	1799200	คืน WCI งวด 1
ev_a0ead4e2	dm_4e5ae902	STS-WTP680219-001-WCI	repayment	2026-01-08	2160000	คืน WCI งวด 1
ev_41e06335	dm_de3efea0	STS-WTP680219-001-WCI	drawdown	2025-01-16	1273056.68	WCI ครั้งที่ 2
ev_7195281c	dm_de3efea0	STS-WTP680219-001-WCI	repayment	2025-10-14	864000	คืน WCI งวด 1
ev_591aab73	dm_de3efea0	STS-WTP680219-001-WCI	repayment	2025-11-26	1296000	คืน WCI งวด 2
ev_8aeef557	dm_de3efac7	STS-WTP680219-001-WCI	drawdown	2025-03-07	433056.68	WCI ครั้งที่ 2
ev_e5ed077a	dm_de3efac7	STS-WTP680219-001-WCI	repayment	2025-09-26	2160000	คืน WCI งวด 1
ev_f4a2fb6b	dm_1aca897c	STS--WCI	drawdown	2025-03-07	660000	WCI ครั้งที่ 2
ev_a452c455	dm_49968b15	STS-WTP680219-001-WCI	repayment	2025-09-26	2160000	คืน WCI งวด 1
ev_8b57d4ef	dm_a473d31e	STS--WCI	drawdown	2025-03-07	886943.32	WCI ครั้งที่ 2
ev_0e6a5152	dm_74803026	STS-WTP680219-001-WCI	repayment	2025-12-24	2160000	คืน WCI งวด 1
ev_203b1a95	dm_9ec35c00	STS-WTP680219-001-WCI	drawdown	2025-03-14	120000	WCI ครั้งที่ 2
ev_c4eea2fd	dm_9ec35c00	STS-WTP680219-001-WCI	repayment	2025-08-22	864000	คืน WCI งวด 1
ev_7d188c36	dm_9ec35c00	STS-WTP680219-001-WCI	repayment	2026-01-19	1296000	คืน WCI งวด 2
ev_67555a88	dm_6eb39de7	STS--WCI	repayment	2025-09-15	864000	คืน WCI งวด 1
ev_ba8278de	dm_6eb39de7	STS--WCI	repayment	2025-11-07	1296000	คืน WCI งวด 2
ev_32d5d261	dm_2e75d696	STS--WCI	repayment	2025-09-05	1728000	คืน WCI งวด 1
ev_304e291b	dm_2e75d696	STS--WCI	repayment	2025-10-06	432000	คืน WCI งวด 2
ev_beda31b4	dm_4eed0e80	STS--WCI	repayment	2025-08-22	864000	คืน WCI งวด 1
ev_2c26226d	dm_4eed0e80	STS--WCI	repayment	2025-11-11	1296000	คืน WCI งวด 2
ev_2799ffb1	dm_fb1676b4	STS--WCI	repayment	2025-09-12	2160000	คืน WCI งวด 1
ev_65692f06	dm_17d2ef77	STS--WCI	repayment	2025-07-29	720000	คืน WCI งวด 1
ev_e375c916	dm_17d2ef77	STS--WCI	repayment	2025-09-23	1080000	คืน WCI งวด 2
ev_8824dbb4	dm_0634074f	STS--WCI	repayment	2025-08-21	520000	คืน WCI งวด 1
ev_b2296210	dm_eabf97bc	STS--WCI	repayment	2025-08-21	520000	คืน WCI งวด 1
ev_182ddd85	dm_6cf96dbd	STS--WCI	repayment	2025-08-21	520000	คืน WCI งวด 1
ev_4c9c1230	dm_aba35b36	STS--WCI	repayment	2025-08-21	520000	คืน WCI งวด 1
ev_02fc5332	dm_dc266421	STS--WCI	repayment	2025-08-21	520000	คืน WCI งวด 1
ev_586b5f58	dm_0f4733e3	STS--WCI	repayment	2025-08-21	520000	คืน WCI งวด 1
ev_3b8f0bae	dm_b962a2ba	STS--WCI	repayment	2025-08-21	520000	คืน WCI งวด 1
ev_5964da60	dm_2f5662fd	STS--WCI	repayment	2025-08-21	520000	คืน WCI งวด 1
ev_63beb8ca	dm_816718a7	STS--WCI	repayment	2025-08-21	520000	คืน WCI งวด 1
ev_8bf8d2d2	dm_23a47a9f	STS--WCI	repayment	2025-08-21	520000	คืน WCI งวด 1
ev_6bd1850a	dm_6e755c65	STS--WCI	repayment	2025-08-21	520000	คืน WCI งวด 1
ev_7b86ffd1	dm_9fc2dec4	STS--WCI	repayment	2025-09-24	440000	คืน WCI งวด 1
ev_b43554b5	dm_770e9ba1	STS--WCI	repayment	2025-09-05	440000	คืน WCI งวด 1
ev_4129a362	dm_61e0b30c	STS--WCI	drawdown	2025-06-27	160000	WCI ครั้งที่ 2