dm_4f9ce37d	STS	STS-WTP670529-001	ENC002-PL-บ้านไร่ ม.8 ต.นายาง อ.สบปราบ จ.ลำปาง	Close			2024-05-24				540000	0.15	THB	2024-05-15		540000			ENC002	ENC002-PL-บ้านไร่ ม.8 ต.นายาง อ.สบปราบ จ.ลำปาง	STS โอนสิทธิ์ - มูลค่าสัญญา 5400000
dm_acc0e77a	STS	STS-WTP670513-001(130)	PP001-PL-ม.8 ต.ท่าบอน อ.ระโนด จ.สงขลา	Close			2024-03-21				540000	0.15	THB	2024-05-15		540000			PP001	PP001-PL-ม.8 ต.ท่าบอน อ.ระโนด จ.สงขลา	STS โอนสิทธิ์ - มูลค่าสัญญา 5400000
dm_2f74659f	STS	STS-WTP670529-002	INS001-PL-บ้านนาขุม ม.1 ต.นาขุม อ.บ้านโคก จ.อุตรดิตถ์	Close			2024-05-23				540000	0.15	THB	2024-05-15		540000			INS001	INS001-PL-บ้านนาขุม ม.1 ต.นาขุม อ.บ้านโคก จ.อุตรดิตถ์	STS โอนสิทธิ์ - มูลค่าสัญญา 5400000
dm_c8c77b10	STS	STS-WTP670529-003	PP002-PL-บ้านหารบัว ม.9 ต.ทุ่งนารี อ.ป่าบอน จ.พัทลุง	Close			2024-05-27				540000	0.15	THB	2024-06-04		540000			PP002	PP002-PL-บ้านหารบัว ม.9 ต.ทุ่งนารี อ.ป่าบอน จ.พัทลุง	STS โอนสิทธิ์ - มูลค่าสัญญา 5400000
dm_37a9247a	STS	STS-WTP670529-004	TTI001-PL-บ้านหนองรี ม.5 ต.เมืองเก่า อ.กบินทร์บุรี จ.ปราจีนบุรี	Close			2024-05-28				539900	0.15	THB	2024-06-04		539900			TTI001	TTI001-PL-บ้านหนองรี ม.5 ต.เมืองเก่า อ.กบินทร์บุรี จ.ปราจีนบุรี	STS โอนสิทธิ์ - มูลค่าสัญญา 5399000
dm_f4c417ea	STS	STS-WTP670610-001(142)	ENC018-PL-บ้านเนินสำราญ ม.2 ต.ไทรงาม อ.ไทรงาม จ.กำแพงเพชร	Close			2024-06-11				540000	0.15	THB	2024-06-05		540000			ENC018	ENC018-PL-บ้านเนินสำราญ ม.2 ต.ไทรงาม อ.ไทรงาม จ.กำแพงเพชร	STS โอนสิทธิ์ - มูลค่าสัญญา 5400000
dm_e61cea56	STS	STS-WTP670610-002(143)	STR007-PL-บ้านย่านยาว ม.3 ต.ย่านยาว อ.สามชุก จ.สุพรรณบุรี	Close			2024-06-10				540000	0.15	THB	2024-06-07		540000			STR007	STR007-PL-บ้านย่านยาว ม.3 ต.ย่านยาว อ.สามชุก จ.สุพรรณบุรี	STS โอนสิทธิ์ - มูลค่าสัญญา 5400000
dm_c0f308c8	STS	STS-WTP670529-009 (140)	ENC001-PL-บ้านนา ม.2 ต.บ้านนา อ.วชิรบารมี จ.พิจิตร	Close			2024-05-24				540000	0.15	THB	2024-06-19		540000			ENC001	ENC001-PL-บ้านนา ม.2 ต.บ้านนา อ.วชิรบารมี จ.พิจิตร	STS โอนสิทธิ์ - มูลค่าสัญญา 5397000
dm_a9604a74	STS	STS-WTP670529-005 (136)	ENC006-PL-บ้านโนนสะอาด ม.2 ต.บ้านแวง อ.พุทไธสง จ.บุรีรัมย์	Close			2024-05-27				540000	0.15	THB	2024-06-21		540000			ENC006	ENC006-PL-บ้านโนนสะอาด ม.2 ต.บ้านแวง อ.พุทไธสง จ.บุรีรัมย์	STS โอนสิทธิ์ - มูลค่าสัญญา 5400000
dm_18fcc984	STS	STS-WTP670529-006 (137)	ENC005-PL-บ้านแวง ม.1 ต.บ้านแวง อ.พุทไธสง จ.บุรีรัมย์	Close			2024-05-27				540000	0.15	THB	2024-06-21		540000			ENC005	ENC005-PL-บ้านแวง ม.1 ต.บ้านแวง อ.พุทไธสง จ.บุรีรัมย์	STS โอนสิทธิ์ - มูลค่าสัญญา 5400000
dm_15ef5cf1	STS	STS-WTP670529-007 (138)	ENC007-PL-บ้านสระแวง ม.7 ต.บ้านแวง อ.พุทไธสง จ.บุรีรัมย์	Close			2024-05-27				540000	0.15	THB	2024-06-21		540000			ENC007	ENC007-PL-บ้านสระแวง ม.7 ต.บ้านแวง อ.พุทไธสง จ.บุรีรัมย์	STS โอนสิทธิ์ - มูลค่าสัญญา 5400000
dm_4b3aa1b6	STS	STS-WTP670529-008 (139)	ENC003-PL-บ้านทรายขาว ม.7 ต.ศรีดงเย็น อ.ไชยปราการ จ.เชียงใหม่	Close			2024-05-24				540000	0.15	THB	2024-06-21		540000			ENC003	ENC003-PL-บ้านทรายขาว ม.7 ต.ศรีดงเย็น อ.ไชยปราการ จ.เชียงใหม่	STS โอนสิทธิ์ - มูลค่าสัญญา 5400000
dm_b1442b0d	STS	STS-WTP670627-001(145)	PP003-PL-บ้านม่วง ม.3 ต.เขาย่า อ.ศรีบรรพต จ.พัทลุง	Close			2024-05-28				520000	0.15	THB	2024-06-27		520000			PP003	PP003-PL-บ้านม่วง ม.3 ต.เขาย่า อ.ศรีบรรพต จ.พัทลุง	STS โอนสิทธิ์ - มูลค่าสัญญา 5200000
dm_a0319df9	STS	STS-WTP670627-001(146)	ENC008-PM-บ้านหนองพนัง ม.1 ต.โป่งน้ำร้อน อ.ฝาง จ.เชียงใหม่	Close			2024-05-28				340000	0.15	THB	2024-06-27		340000			ENC008	ENC008-PM-บ้านหนองพนัง ม.1 ต.โป่งน้ำร้อน อ.ฝาง จ.เชียงใหม่	STS โอนสิทธิ์ - มูลค่าสัญญา 3400000
dm_4931a021	STS	STS-WTP670627-001(147)	ENC017-PM-บ้านจิตเสือเต้น ม.4 ต.เขาเจ็ดลูก อ.ทับคล้อ จ.พิจิตร	Close			2024-06-10				338000	0.15	THB	2024-06-27		338000			ENC017	ENC017-PM-บ้านจิตเสือเต้น ม.4 ต.เขาเจ็ดลูก อ.ทับคล้อ จ.พิจิตร	STS โอนสิทธิ์ - มูลค่าสัญญา 3380000
dm_23cd66db	STS	STS-WTP670627-001(148)	ENC004-PL-บ้านหว้า ม.2 ต.ตาเสา อ.ห้วยราช จ.บุรีรัมย์	Close			2024-05-27				520000	0.15	THB	2024-06-27		520000			ENC004	ENC004-PL-บ้านหว้า ม.2 ต.ตาเสา อ.ห้วยราช จ.บุรีรัมย์	STS โอนสิทธิ์ - มูลค่าสัญญา 5200000
dm_9af8a887	STS	STS-WTP670529-010(141)	INS002-PL-บ้านหลวงป่ายาง ม.2 ต.น้ำอ่าง อ.ตรอน จ.อุตรดิตถ์	Close			2024-05-27				538219.624	0.15	THB	2024-07-12		538219.624			INS002	INS002-PL-บ้านหลวงป่ายาง ม.2 ต.น้ำอ่าง อ.ตรอน จ.อุตรดิตถ์	STS โอนสิทธิ์ - มูลค่าสัญญา 5382196.24
dm_e96a1376	STS	STS-WTP670730-001(152)	PP007-PL-บ้านท่าสะอาด ม.7 ต.คำสร้างเที่ยง อ.สามชัย จ.กาฬสินธุ์	Close			2024-06-11				540000	0.15	THB	2024-07-30		540000			PP007	PP007-PL-บ้านท่าสะอาด ม.7 ต.คำสร้างเที่ยง อ.สามชัย จ.กาฬสินธุ์	STS โอนสิทธิ์ - มูลค่าสัญญา 5400000
dm_6bd5e7a8	STS	STS-WTP670730-002(153)	PP008-PL-บ้านพิมูล ม.2 ต.พิมูล อ.ห้วยเม็ก จ.กาฬสินธุ์	Close			2024-06-12				540000	0.15	THB	2024-07-30		540000			PP008	PP008-PL-บ้านพิมูล ม.2 ต.พิมูล อ.ห้วยเม็ก จ.กาฬสินธุ์	STS โอนสิทธิ์ - มูลค่าสัญญา 5400000
dm_0e3606d2	STS	STS-WTP670730-003(154)	STR008-PL-เปรงพุทรา ม.10 ต.เลาขวัญ อ.เลาขวัญ จ.กาญจนบุรี	Close			2024-06-17				540000	0.15	THB	2024-07-30		540000			STR008	STR008-PL-เปรงพุทรา ม.10 ต.เลาขวัญ อ.เลาขวัญ จ.กาญจนบุรี	STS โอนสิทธิ์ - มูลค่าสัญญา 5395974.52
dm_24005622	STS	STS-WTP670730-004(155)	STR006-PL-บ้านลำพระยา ม.1 ต.ย่านยาว อ.สามชุก จ.สุพรรณบุรี	Close			2024-06-10				540000	0.15	THB	2024-07-30		540000			STR006	STR006-PL-บ้านลำพระยา ม.1 ต.ย่านยาว อ.สามชุก จ.สุพรรณบุรี	STS โอนสิทธิ์ - มูลค่าสัญญา 5400000
dm_91653e51	STS	STS-WTP670730-005(156)	TTI004-PL-บ้านทุ่งกราด ม.8 ต.สะตอ อ.เขาสมิง จ.ตราด	Close			2024-06-21				540000	0.15	THB	2024-08-14		540000			TTI004	TTI004-PL-บ้านทุ่งกราด ม.8 ต.สะตอ อ.เขาสมิง จ.ตราด	STS โอนสิทธิ์ - มูลค่าสัญญา 5400000
dm_60d48863	STS	STS-WTP670731-002(159)	PP011-PL-คำบอน ม.3 ต.ยางอู้ม อ.ท่าคันโท จ.กาฬสินธุ์	Close			2024-06-17				540000	0.15	THB	2024-08-16		540000			PP011	PP011-PL-คำบอน ม.3 ต.ยางอู้ม อ.ท่าคันโท จ.กาฬสินธุ์	STS โอนสิทธิ์ - มูลค่าสัญญา 5400000
dm_a10862b1	STS	STS-WTP670731-003(160)	ENC019-PL-บ้านดอนไชย ม.4 ต.หลวงเหนือ อ.งาว จ.ลำปาง	Close			2024-06-12				540000	0.15	THB	2024-08-16		540000			ENC019	ENC019-PL-บ้านดอนไชย ม.4 ต.หลวงเหนือ อ.งาว จ.ลำปาง	STS โอนสิทธิ์ - มูลค่าสัญญา 5400000
dm_9f11b175	STS	STS-WTP670731-001(158)/1	PP012-PM-บ้านบางหิน ม.5 ต.คลองชะอุ่น อ.พนม จ.สุราษฎร์ธานี	Close			2024-06-18				340000	0.15	THB	2024-08-14		340000			PP012	PP012-PM-บ้านบางหิน ม.5 ต.คลองชะอุ่น อ.พนม จ.สุราษฎร์ธานี	STS โอนสิทธิ์ - มูลค่าสัญญา 3400000
dm_6058b57c	STS	STS-WTP6708001-001(161)	ENC032-PL-บ้านหนองนกคุ้ม ม.7 ต.หนองขาม อ.จักราช จ.นครราชสีมา	Close			2024-08-29	1			540000	0.15	THB	2024-08-16		540000			ENC032	ENC032-PL-บ้านหนองนกคุ้ม ม.7 ต.หนองขาม อ.จักราช จ.นครราชสีมา	STS โอนสิทธิ์ - มูลค่าสัญญา 5400000
dm_82631f80	STS	STS-WTP6708001-002(162)	ENC028-PL-หมู่บ้านหนองนกเขา ม.15 ต.หลุ่งตะเคียน อ.ห้วยแถลง จ.นครราชสีมา	Close			2024-08-09				540000	0.15	THB	2024-08-16		540000			ENC028	ENC028-PL-หมู่บ้านหนองนกเขา ม.15 ต.หลุ่งตะเคียน อ.ห้วยแถลง จ.นครราชสีมา	STS โอนสิทธิ์ - มูลค่าสัญญา 5400000
dm_821bd035	STS	STS-WTP671030-001(176)	AW077-PSL-ม.1 ต.โคกยาง อ.เหนือคลอง จ.กระบี่	Close			2024-10-17	12			450000	0.15	THB	2024-08-16		450000			AW077	AW077-PSL-ม.1 ต.โคกยาง อ.เหนือคลอง จ.กระบี่	STS โอนสิทธิ์ - มูลค่าสัญญา 4498000
dm_a2b25dcf	STS	STS-WTP671030-002(177)	AW078-PSL-ม.2 ต.โคกยาง อ.เหนือคลอง จ.กระบี่	Close			2024-10-17	13			450000	0.15	THB	2024-08-16		450000			AW078	AW078-PSL-ม.2 ต.โคกยาง อ.เหนือคลอง จ.กระบี่	STS โอนสิทธิ์ - มูลค่าสัญญา 4498000
dm_b624b903	STS	STS-WTP671030-003(178)	AW079-PSL-ม.3 ต.โคกยาง อ.เหนือคลอง จ.กระบี่	Close			2024-10-17	14			450000	0.15	THB	2024-08-23		450000			AW079	AW079-PSL-ม.3 ต.โคกยาง อ.เหนือคลอง จ.กระบี่	STS โอนสิทธิ์ - มูลค่าสัญญา 4498000
dm_41b9d345	STS	STS-WTP671030-004(179)	AW080-PSL-ม.4 ต.โคกยาง อ.เหนือคลอง จ.กระบี่	Close			2024-10-17	15			450000	0.15	THB	2024-08-26		450000			AW080	AW080-PSL-ม.4 ต.โคกยาง อ.เหนือคลอง จ.กระบี่	STS โอนสิทธิ์ - มูลค่าสัญญา 4498000
dm_20c1e0d2	STS	STS-WTP671129-009(206)	AW099-PL-ม.6 ต.น้ำเป็น อ.เขาชะเมา จ.ระยอง	Close			2024-10-28				540000	0.15	THB	2024-08-30		540000			AW099	AW099-PL-ม.6 ต.น้ำเป็น อ.เขาชะเมา จ.ระยอง	STS โอนสิทธิ์ - มูลค่าสัญญา 5400000
dm_230b2b48	STS	STS-WTP671129-010(207)	บ้านสว่าง ม.8 ต.หินตั้ง อ.บ้านไผ่ จ.ขอนแก่น	Close							540000	0.15	THB	2024-08-30		540000			0	บ้านสว่าง ม.8 ต.หินตั้ง อ.บ้านไผ่ จ.ขอนแก่น	STS โอนสิทธิ์ - มูลค่าสัญญา 5400000
dm_89301f0b	STS	STS-WTP671030-005(180)	AW089-PL-ม.3 ต.เกษตรสุวรรณ อ.บ่อทอง จ.ชลบุรี	Close			2024-10-21	9			538219.624	0.15	THB	2024-09-10		538219.624			AW089	AW089-PL-ม.3 ต.เกษตรสุวรรณ อ.บ่อทอง จ.ชลบุรี	STS โอนสิทธิ์ - มูลค่าสัญญา 5382196.24
dm_cbe549b4	STS	STS-WTP671129-011(208)	บ้านแม่วะ ม.3 ต.สันดอกแก้ว อ.แม่ทะ จ.ลำปาง	Close							540000	0.15	THB	2024-09-13		540000			AW137	บ้านแม่วะ ม.3 ต.สันดอกแก้ว อ.แม่ทะ จ.ลำปาง	STS โอนสิทธิ์ - มูลค่าสัญญา 5400000
dm_6b649676	STS	STS-WTP671206-001(211)	บ้านแม่หีด ม.1 ต.วังแก้ว อ.วังเหนือ จ.ลำปาง	Close			2025-06-16				537500	0.15	THB	2024-09-13		537500			AW136	บ้านแม่หีด ม.1 ต.วังแก้ว อ.วังเหนือ จ.ลำปาง	STS โอนสิทธิ์ - มูลค่าสัญญา 5375000
dm_bdddf7ee	STS	STS-WTP671206-002(212)	บ้านน้ำม้า ม.3 ต.สถาน อ.เชียงของ จ.เชียงราย PL	Close							540000	0.15	THB	2024-09-13		540000			0	บ้านน้ำม้า ม.3 ต.สถาน อ.เชียงของ จ.เชียงราย PL	STS โอนสิทธิ์ - มูลค่าสัญญา 5400000
dm_72794e13	STS	STS-WTP671017-001(169)	AW068-PL-บ้านทุ่งไก่ดัก ม.4 ต.ท่ากุ่ม อ.เมืองตราด จ.ตราด	Close			2024-10-08	2			540000	0.15	THB	2024-09-13		540000			AW068	AW068-PL-บ้านทุ่งไก่ดัก ม.4 ต.ท่ากุ่ม อ.เมืองตราด จ.ตราด	STS โอนสิทธิ์ - มูลค่าสัญญา 5400000
dm_8c709d5b	STS	STS-WTP671030-006(181)	AW081-PSL-ม.5 ต.โคกยาง อ.เหนือคลอง จ.กระบี่	Close			2024-10-17	16			450000	0.15	THB	2024-09-18		450000			AW081	AW081-PSL-ม.5 ต.โคกยาง อ.เหนือคลอง จ.กระบี่	STS โอนสิทธิ์ - มูลค่าสัญญา 4498000
dm_ac707ca0	STS	STS-WTP671206-003(213)	INS029-PL-บ้านเขาสะท้อนบน ม.10 ต.หนองไม้แก่น อ.แปลงยาว จ.ฉะเชิงเทรา	Close			2025-01-23				540000	0.15	THB	2024-09-27		540000			0	INS029-PL-บ้านเขาสะท้อนบน ม.10 ต.หนองไม้แก่น อ.แปลงยาว จ.ฉะเชิงเทรา	STS โอนสิทธิ์ - มูลค่าสัญญา 5400000
dm_1fc92c31	STS	STS-WTP680219-001	โรงเรียนเทศบาลพญาเม็งราย ๑ (ทุ่งเจ้า) ต.แม่เปา อ.พญาเม็งราย จ.เชียงราย	Close							540000	0.15	THB	2024-09-27		540000				โรงเรียนเทศบาลพญาเม็งราย ๑ (ทุ่งเจ้า) ต.แม่เปา อ.พญาเม็งราย จ.เชียงราย	STS โอนสิทธิ์ - มูลค่าสัญญา 5400000
dm_4d7c76dc	STS	STS-WTP671218-001(229)	ENC114-PL-บ้านดอนข่า ม.5 ต.ทรายทอง อ.ศรีบุญเรือง จ.หนองบัวลำภู	Close			2025-04-18				540000	0.15	THB	2024-09-27		540000			0	ENC114-PL-บ้านดอนข่า ม.5 ต.ทรายทอง อ.ศรีบุญเรือง จ.หนองบัวลำภู	STS โอนสิทธิ์ - มูลค่าสัญญา 5400000
dm_c3ea1fb1	STS	STS-WTP671129-008(205)	AW111-PL-ม.4 ต.พรุพี อ.บ้านนาสาร จ.สุราษฎร์ธานี	Close			2024-11-05				540000	0.15	THB	2024-09-27		540000			AW111	AW111-PL-ม.4 ต.พรุพี อ.บ้านนาสาร จ.สุราษฎร์ธานี	STS โอนสิทธิ์ - มูลค่าสัญญา 5400000
dm_631f50b0	STS	STS-WTP671031-001(184)	INS012-PL-บ้านผามูบ ม.7 ต.แม่พูล อ.ลับแล จ.อุตรดิตถ์	Close			2024-11-12				539800	0.15	THB	2024-10-08		539800			INS012	INS012-PL-บ้านผามูบ ม.7 ต.แม่พูล อ.ลับแล จ.อุตรดิตถ์	STS โอนสิทธิ์ - มูลค่าสัญญา 5398000
dm_68cde3cc	STS	STS-WTP671031-002(185)	AW071-PL-ม.7 ต.ดอนยอ อ.เมืองนครนายก จ.นครนายก	Close			2024-10-10	17			540000	0.15	THB	2024-10-30		540000			AW071	AW071-PL-ม.7 ต.ดอนยอ อ.เมืองนครนายก จ.นครนายก	STS โอนสิทธิ์ - มูลค่าสัญญา 5400000
dm_0da4b7f2	STS	STS-WTP671031-003(186)	AW076-PL-บ้านโนนสำโรง ม.8 ต.ขามเฒ่า อ.โนนสูง จ.นครราชสีมา	Close			2024-10-16	18			540000	0.15	THB	2024-10-08		540000			AW076	AW076-PL-บ้านโนนสำโรง ม.8 ต.ขามเฒ่า อ.โนนสูง จ.นครราชสีมา	STS โอนสิทธิ์ - มูลค่าสัญญา 5400000
dm_e35c659d	STS	STS-WTP671018-005(174)	AW073-PL-บ้านหนองปรือ ม.4 ต.ดงเสือเหลือง อ.โพธิ์ประทับช้าง จ.พิจิตร	Close			2024-10-16	7			539900	0.15	THB	2024-10-08		539900			AW073	AW073-PL-บ้านหนองปรือ ม.4 ต.ดงเสือเหลือง อ.โพธิ์ประทับช้าง จ.พิจิตร	STS โอนสิทธิ์ - มูลค่าสัญญา 5399000
dm_03fd2a19	STS	STS-WTP671017-002(170)	AW083-PL-บ้านหนองปรือสมอ ม.3 ต.สาหร่าย อ.ชุมพวง จ.นครราชสีมา	Close			2024-10-18	2			540000	0.15	THB	2024-10-08		540000			AW083	AW083-PL-บ้านหนองปรือสมอ ม.3 ต.สาหร่าย อ.ชุมพวง จ.นครราชสีมา	STS โอนสิทธิ์ - มูลค่าสัญญา 5400000
dm_4d529a81	STS	STS-WTP671018-006(175)	STR012-PLS-บ้านคอกช้างพัฒนา ม.9 ต.หนองพลับ อ.หัวหิน จ.ประจวบคีรีขันธ์	Close			2024-10-18	8			567600	0.15	THB	2024-10-08		567600			STR012	STR012-PLS-บ้านคอกช้างพัฒนา ม.9 ต.หนองพลับ อ.หัวหิน จ.ประจวบคีรีขันธ์	STS โอนสิทธิ์ - มูลค่าสัญญา 5676000
dm_85b1ad9e	STS	STS-WTP680219-001	บ้านเขาเฒ่า ม.3 ต.บางเตย อ.เมืองพังงา จ.พังงา	Close							540000	0.15	THB	2024-10-10		540000				บ้านเขาเฒ่า ม.3 ต.บางเตย อ.เมืองพังงา จ.พังงา	STS โอนสิทธิ์ - มูลค่าสัญญา 5400000
dm_a3e2bfa3	STS	STS-WTP671206-004(214)	AW086-PL-บ้านหนองหัวช้าง ม.3 ต.กลางหมื่น อ.เมืองกาฬสินธุ์ จ.กาฬสินธุ์	Close			2024-10-18	10			596440	0.15	THB	2024-10-11		596440			AW086	AW086-PL-บ้านหนองหัวช้าง ม.3 ต.กลางหมื่น อ.เมืองกาฬสินธุ์ จ.กาฬสินธุ์	STS โอนสิทธิ์ - มูลค่าสัญญา 5964000
dm_dcd0e155	STS	STS-WTP680219-001	ม.8 ต.วังเย็น อ.แปลงยาว จ.ฉะเชิงเทรา	Close			2025-05-19				540000	0.15	THB	2024-10-11		540000			0	ม.8 ต.วังเย็น อ.แปลงยาว จ.ฉะเชิงเทรา	STS โอนสิทธิ์ - มูลค่าสัญญา 5400000
dm_3d0a3bef	STS	STS-WTP671129-007(204)	STR014-PL-บ้านวไลย ม.1 ต.หนองพลับ อ.หัวหิน จ.ประจวบคีรีขันธ์	Close			2024-10-18	19			540000	0.15	THB	2024-10-15		540000			STR014	STR014-PL-บ้านวไลย ม.1 ต.หนองพลับ อ.หัวหิน จ.ประจวบคีรีขันธ์	STS โอนสิทธิ์ - มูลค่าสัญญา 5400000
dm_c30874cb	STS	STS-WTP671218-002(230)	STR044-PDH-ม.8 ต.นนทรี อ.กบินทร์บุรี จ.ปราจีนบุรี	Close			2024-11-29				130000	0.15	THB	2024-10-15		130000			STR044	STR044-PDH-ม.8 ต.นนทรี อ.กบินทร์บุรี จ.ปราจีนบุรี	STS โอนสิทธิ์ - มูลค่าสัญญา 1300000
dm_02ad1e27	STS	STS-WTP671129-001(198)	STR045-PDH-ม.9 ต.นนทรี อ.กบินทร์บุรี จ.ปราจีนบุรี	Close			2024-11-29				130000	0.15	THB	2024-10-15		130000			STR045	STR045-PDH-ม.9 ต.นนทรี อ.กบินทร์บุรี จ.ปราจีนบุรี	STS โอนสิทธิ์ - มูลค่าสัญญา 1300000
dm_f8244b8c	STS	STS-WTP671017-003(171)	AW101-PL-บ้านชำฆ้อ ม.3 ต.ชำฆ้อ อ.เขาชะเมา จ.ระยอง	Close			2024-10-28	4			539032.085	0.15	THB	2024-10-16		539032.085			AW101	AW101-PL-บ้านชำฆ้อ ม.3 ต.ชำฆ้อ อ.เขาชะเมา จ.ระยอง	STS โอนสิทธิ์ - มูลค่าสัญญา 5390320.85
dm_9b941f74	STS	STS-WTP671017-004(172)	AW102-PL-บ้านสวนขนุน ม.5 ต.ชำฆ้อ อ.เขาชะเมา จ.ระยอง	Close			2024-10-28	5			539032.085	0.15	THB	2024-10-22		539032.085			AW102	AW102-PL-บ้านสวนขนุน ม.5 ต.ชำฆ้อ อ.เขาชะเมา จ.ระยอง	STS โอนสิทธิ์ - มูลค่าสัญญา 5390320.85
dm_b6be040f	STS	STS-WTP671017-005(173)	AW129-PL-บ้านโป่งสะท้อน ม.6 ต.ชำฆ้อ อ.เขาชะเมา จ.ระยอง	Close			2024-11-27	6			539032.085	0.15	THB	2024-10-22		539032.085			AW129	AW129-PL-บ้านโป่งสะท้อน ม.6 ต.ชำฆ้อ อ.เขาชะเมา จ.ระยอง	STS โอนสิทธิ์ - มูลค่าสัญญา 5390320.85
dm_d9230dc1	STS	STS-	รอโครงการใหม่	Close							566500	0.15	THB	2024-10-18		566500				รอโครงการใหม่	STS โอนสิทธิ์ - มูลค่าสัญญา 5665000
dm_fa4b6168	STS	STS-WTP671129-004(201)	AW114-PLS-บ้านแกเปะน้อย ม.10 ต.เชียงเครือ อ.เมืองกาฬสินธุ์ จ.กาฬสินธุ์	Close			2024-11-06				540000	0.15	THB	2024-10-18		540000			AW114	AW114-PLS-บ้านแกเปะน้อย ม.10 ต.เชียงเครือ อ.เมืองกาฬสินธุ์ จ.กาฬสินธุ์	STS โอนสิทธิ์ - มูลค่าสัญญา 5400000
dm_1c113526	STS	STS-	รอโครงการใหม่	Close							540000	0.15	THB	2024-10-18		540000				รอโครงการใหม่	STS โอนสิทธิ์ - มูลค่าสัญญา 5400000
dm_0c346d06	STS	STS-WTP680219-001	บ้านหนองไฮ ม.5 ต.นนทรี อ.กบินทร์บุรี จ.ปราจีนบุรี	Active							540000	0.15	THB	2024-10-18		540000				บ้านหนองไฮ ม.5 ต.นนทรี อ.กบินทร์บุรี จ.ปราจีนบุรี	STS โอนสิทธิ์ - มูลค่าสัญญา 5400000
dm_0bc47a65	STS	STS-WTP680219-001	บ้านปง ม.8 ต.ออนใต้ อ.สันกำแพง จ.เชียงใหม่	Active							540000	0.15	THB	2024-10-18		540000				บ้านปง ม.8 ต.ออนใต้ อ.สันกำแพง จ.เชียงใหม่	STS โอนสิทธิ์ - มูลค่าสัญญา 5400000
dm_4fade4de	STS	STS-WTP671031-004(187) /  STS-WTP671128-010(197)	AW100-PL-ม.2 ต.ชำฆ้อ อ.เขาชะเมา จ.ระยอง	Close			2024-10-28	11			539032.085	0.15	THB	2024-10-25		539032.085			AW100	AW100-PL-ม.2 ต.ชำฆ้อ อ.เขาชะเมา จ.ระยอง	STS โอนสิทธิ์ - มูลค่าสัญญา 5390320.85
dm_a1fd2df2	STS	STS-WTP671206-005(215)	AW066-PL-บ้านสมศักดิ์พัฒนา ม.2 ต.ผาขาว อ.ผาขาว จ.เลย	Close			2024-10-07	20			540000	0.15	THB	2024-10-25		540000			AW066	AW066-PL-บ้านสมศักดิ์พัฒนา ม.2 ต.ผาขาว อ.ผาขาว จ.เลย	STS โอนสิทธิ์ - มูลค่าสัญญา 5381567.87
dm_928676e1	STS	STS-WTP671206-006(216)	AW067-PL-บ้านห้วยลาดเหนือ ม.11 ต.ผาขาว อ.ผาขาว จ.เลย	Close			2024-10-07	21			540000	0.15	THB	2024-10-25		540000			AW067	AW067-PL-บ้านห้วยลาดเหนือ ม.11 ต.ผาขาว อ.ผาขาว จ.เลย	STS โอนสิทธิ์ - มูลค่าสัญญา 5381567.87
dm_568bca42	STS	STS-WTP671128-009(196)	AW098-PLS-บ้านหัวดง ม.12 ต.ศรีสว่าง อ.โพนทราย จ.ร้อยเอ็ด	Close			2024-10-28	22			540000	0.15	THB	2024-10-29		540000			AW098	AW098-PLS-บ้านหัวดง ม.12 ต.ศรีสว่าง อ.โพนทราย จ.ร้อยเอ็ด	STS โอนสิทธิ์ - มูลค่าสัญญา 5400000
dm_e1f26cc4	STS	STS-WTP671030-007(182)	STR013-PMS-บ้านหนองหอย ม.10 ต.หนองพลับ อ.หัวหิน จ.ประจวบคีรีขันธ์	Close			2024-10-18	23			361800	0.15	THB	2024-10-30		361800			STR013	STR013-PMS-บ้านหนองหอย ม.10 ต.หนองพลับ อ.หัวหิน จ.ประจวบคีรีขันธ์	STS โอนสิทธิ์ - มูลค่าสัญญา 3618000
dm_732138de	STS	STS-WTP671206-007(217)	AW084-PL-บ้านเมืองพลับพลา ม.1 ต.เมืองพลับพลา อ.ห้วยแถลง จ.นครราชสีมา	Close			2024-10-18	24			540000	0.15	THB	2024-10-30		540000			AW084	AW084-PL-บ้านเมืองพลับพลา ม.1 ต.เมืองพลับพลา อ.ห้วยแถลง จ.นครราชสีมา	STS โอนสิทธิ์ - มูลค่าสัญญา 5400000
dm_f99c7eff	STS	STS-WTP671206-008(218)	AW090-PL-บ้านหนองนา ม.8 ต.งิ้ว อ.ห้วยแถลง จ.นครราชสีมา	Close			2024-10-21	25			540000	0.15	THB	2024-10-30		540000			AW090	AW090-PL-บ้านหนองนา ม.8 ต.งิ้ว อ.ห้วยแถลง จ.นครราชสีมา	STS โอนสิทธิ์ - มูลค่าสัญญา 5400000
dm_f6381dcf	STS	STS-WTP671128-002(189)	AW085-PL-บ้านบางสาว ม.2 ต.เขาวง อ.บ้านตาขุน จ.สุราษฎร์ธานี	Close			2024-10-18	10			540000	0.15	THB	2024-10-30		540000			AW085	AW085-PL-บ้านบางสาว ม.2 ต.เขาวง อ.บ้านตาขุน จ.สุราษฎร์ธานี	STS โอนสิทธิ์ - มูลค่าสัญญา 5400000
dm_833006ae	STS	STS-WTP671128-001(188)	AW075-PL-บ้านหนองพลอง ม.4 ต.ขามเฒ่า อ.โนนสูง จ.นครราชสีมา	Close			2024-10-16	26			540000	0.15	THB	2024-10-31		540000			AW075	AW075-PL-บ้านหนองพลอง ม.4 ต.ขามเฒ่า อ.โนนสูง จ.นครราชสีมา	STS โอนสิทธิ์ - มูลค่าสัญญา 5400000
dm_a3f61e6e	STS	STS-WTP671128-003(190)	AW091-PL-บ้านหนองขาม ม.15 ต.หนองขาม อ.จักราช จ.นครราชสีมา	Close			2024-10-22				540000	0.15	THB	2024-11-06		540000			AW091	AW091-PL-บ้านหนองขาม ม.15 ต.หนองขาม อ.จักราช จ.นครราชสีมา	STS โอนสิทธิ์ - มูลค่าสัญญา 5400000
dm_711e6632	STS	STS-WTP671128-006(193)	AW094-PL-บ้านหนองเสม็ด ม.6 ต.สองสลึง อ.แกลง จ.ระยอง	Close			2024-10-24				540000	0.15	THB	2024-11-06		540000			AW094	AW094-PL-บ้านหนองเสม็ด ม.6 ต.สองสลึง อ.แกลง จ.ระยอง	STS โอนสิทธิ์ - มูลค่าสัญญา 5400000
dm_2d92cda5	STS	STS-WTP671128-005(192)	AW092-PL-บ้านสองพี่น้อง ม.2 ต.สองสลึง อ.แกลง จ.ระยอง	Close			2024-10-24				540000	0.15	THB	2024-11-06		540000			AW092	AW092-PL-บ้านสองพี่น้อง ม.2 ต.สองสลึง อ.แกลง จ.ระยอง	STS โอนสิทธิ์ - มูลค่าสัญญา 5400000
dm_2815b3af	STS	STS-WTP671128-004(191)	AW093-PL-บ้านบ่อทอง ม.5 ต.สองสลึง อ.แกลง จ.ระยอง	Close			2024-10-24				540000	0.15	THB	2024-11-06		540000			AW093	AW093-PL-บ้านบ่อทอง ม.5 ต.สองสลึง อ.แกลง จ.ระยอง	STS โอนสิทธิ์ - มูลค่าสัญญา 5400000
dm_eb082a32	STS	STS-WTP671128-007(194)	AW096-PLS-บ้านนามล ม.2 ต.โคกสมบูรณ์ อ.กมลาไสย จ.กาฬสินธุ์	Close			2024-10-25				540000	0.15	THB	2024-11-06		540000			AW096	AW096-PLS-บ้านนามล ม.2 ต.โคกสมบูรณ์ อ.กมลาไสย จ.กาฬสินธุ์	STS โอนสิทธิ์ - มูลค่าสัญญา 5400000
dm_2e49efb4	STS	STS-WTP671128-008(195)	AW095-PLS-บ้านราษฎร์สำราญ ม.8 ต.โคกสมบูรณ์ อ.กมลาไสย จ.กาฬสินธุ์	Close			2024-10-25				540000	0.15	THB	2024-11-06		540000			AW095	AW095-PLS-บ้านราษฎร์สำราญ ม.8 ต.โคกสมบูรณ์ อ.กมลาไสย จ.กาฬสินธุ์	STS โอนสิทธิ์ - มูลค่าสัญญา 5400000
dm_dc3354cc	STS	STS-WTP671129-002(199)	AW103-PL-บ้านปลักซิมปอ ม.6 ต.ควนสตอ อ.ควนโดน จ.สตูล	Close			2024-10-29				540000	0.15	THB	2024-11-06		540000			AW103	AW103-PL-บ้านปลักซิมปอ ม.6 ต.ควนสตอ อ.ควนโดน จ.สตูล	STS โอนสิทธิ์ - มูลค่าสัญญา 5400000
dm_cd3b873f	STS	STS-WTP671129-003(200)	AW104-PL-ม.9 ต.ควนสตอ อ.ควนโดน จ.สตูล	Close			2024-10-29				540000	0.15	THB	2024-11-06		540000			AW104	AW104-PL-ม.9 ต.ควนสตอ อ.ควนโดน จ.สตูล	STS โอนสิทธิ์ - มูลค่าสัญญา 5400000
dm_81c15dee	STS	STS-WTP671129-005(202)	AW107-PL-บ้านย่านซื่อ ม.2 ต.ย่านซื่อ อ.ควนโดน จ.สตูล	Close			2024-10-30				540000	0.15	THB	2024-11-06		540000			AW107	AW107-PL-บ้านย่านซื่อ ม.2 ต.ย่านซื่อ อ.ควนโดน จ.สตูล	STS โอนสิทธิ์ - มูลค่าสัญญา 5400000
dm_b86366e1	STS	STS-WTP671129-006(203)	AW108-PLS-บ้านสระแก้ว ม.4 ต.สระแก้ว อ.พนมไพร จ.ร้อยเอ็ด	Close			2024-11-01				540000	0.15	THB	2024-11-06		540000			AW108	AW108-PLS-บ้านสระแก้ว ม.4 ต.สระแก้ว อ.พนมไพร จ.ร้อยเอ็ด	STS โอนสิทธิ์ - มูลค่าสัญญา 5400000
dm_c0cf1080	STS	STS-WTP671206-009(219)	AW074-PLS-บ้านโนนศิลาเลิง(หนองบึงแวง) ม.1 ต.โนนศิลาเลิง อ.ฆ้องชัย จ.กาฬสินธุ์	Close			2024-10-16				540000	0.15	THB	2024-11-08		540000			AW074	AW074-PLS-บ้านโนนศิลาเลิง(หนองบึงแวง) ม.1 ต.โนนศิลาเลิง อ.ฆ้องชัย จ.กาฬสินธุ์	STS โอนสิทธิ์ - มูลค่าสัญญา 5400000
dm_407f44de	STS	STS-WTP671206-010(220)	บ้านสายทอง ม.12 ต.หลุ่งตะเคียน อ.ห้วยแถลง จ.นครราชสีมา	Close			2024-12-18				540000	0.15	THB	2024-11-08		540000				บ้านสายทอง ม.12 ต.หลุ่งตะเคียน อ.ห้วยแถลง จ.นครราชสีมา	STS โอนสิทธิ์ - มูลค่าสัญญา 5400000
dm_1999b054	STS	STS-WTP671206-011(221)	AW105-ST II S-บ้านแจ้งจม ม.7 ต.เจ้าท่า อ.กมลาไสย จ.กาฬสินธุ์	Close			2024-10-29				515000	0.15	THB	2024-11-29		515000			AW105	AW105-ST II S-บ้านแจ้งจม ม.7 ต.เจ้าท่า อ.กมลาไสย จ.กาฬสินธุ์	STS โอนสิทธิ์ - มูลค่าสัญญา 5150000
dm_84614a3f	STS	STS-WTP680219-001	รอโครงการใหม่	Close							540000	0.15	THB			540000				รอโครงการใหม่	STS โอนสิทธิ์ - มูลค่าสัญญา 5400000
dm_4f0b0e65	STS	STS-	รอโครงการใหม่	Close							540000	0.15	THB	2024-11-29		540000				รอโครงการใหม่	STS โอนสิทธิ์ - มูลค่าสัญญา 5400000
dm_c4c3d163	STS	STS-WTP671206-012(222)	AW113-ST II S-บ้านเหล่าค้อ ม.4 ต.เชียงเครือ อ.เมืองกาฬสินธุ์ จ.กาฬสินธุ์	Close			2024-11-06				515000	0.15	THB	2024-11-29		515000			AW113	AW113-ST II S-บ้านเหล่าค้อ ม.4 ต.เชียงเครือ อ.เมืองกาฬสินธุ์ จ.กาฬสินธุ์	STS โอนสิทธิ์ - มูลค่าสัญญา 5150000
dm_4ad116cb	STS	STS-WTP671218-003(231)	STR049-PL-ม.7 ต.ม่วงเตี้ย อ.วิเศษชัยชาญ จ.อ่างทอง (จุดที่ 2)	Close			2024-11-29				540000	0.15	THB	2024-11-29		540000			STR049	STR049-PL-ม.7 ต.ม่วงเตี้ย อ.วิเศษชัยชาญ จ.อ่างทอง (จุดที่ 2)	STS โอนสิทธิ์ - มูลค่าสัญญา 5400000
dm_8c1a0541	STS	STS-WTP671206-013(223)	AW112-PL-บ้านดอนงูเหลือม ม.7 ต.หนองแค อ.ราษีไศล จ.ศรีสะเกษ	Close			2024-11-05				540000	0.15	THB	2024-11-29		540000			AW112	AW112-PL-บ้านดอนงูเหลือม ม.7 ต.หนองแค อ.ราษีไศล จ.ศรีสะเกษ	STS โอนสิทธิ์ - มูลค่าสัญญา 5400000
dm_8cfb3fbb	STS	STS-WTP671206-014(224)	AW110-PL-บ้านบางหลุด ม.13 ต.คลองชะอุ่น อ.พนม จ.สุราษฎร์ธานี	Close			2024-11-04				540000	0.15	THB	2024-11-29		540000			AW110	AW110-PL-บ้านบางหลุด ม.13 ต.คลองชะอุ่น อ.พนม จ.สุราษฎร์ธานี	STS โอนสิทธิ์ - มูลค่าสัญญา 5400000
dm_edb37c16	STS	STS-WTP671206-015(225)	AW070-PLS-บ้านหัวช้าง ม.8 ต.นาเชือก อ.นาเชือก จ.มหาสารคาม	Close			2024-10-09				540000	0.15	THB	2024-10-11		540000			AW070	AW070-PLS-บ้านหัวช้าง ม.8 ต.นาเชือก อ.นาเชือก จ.มหาสารคาม	STS โอนสิทธิ์ - มูลค่าสัญญา 5400000
dm_5ed4e2cc	STS	STS-WTP671206-016(226),STS-WTP671218-004(232)	TTI037-PL-ตลาดกลางสินค้าเกษตรสระแก้ว ม.1 ต.ศาลาลำดวน อ.เมืองสระแก้ว จ.สระแก้ว	Close			2024-11-29				540000	0.15	THB	2024-12-06		540000			TTI037	TTI037-PL-ตลาดกลางสินค้าเกษตรสระแก้ว ม.1 ต.ศาลาลำดวน อ.เมืองสระแก้ว จ.สระแก้ว	STS โอนสิทธิ์ - มูลค่าสัญญา 5400000
dm_650999f3	STS	STS-WTP671206-017(227)	TTI038-PL-โรงเรียนบ้านศาลาลำดวน ม.2 ต.ศาลาลำดวน อ.เมืองสระแก้ว จ.สระแก้ว	Close			2024-11-29				540000	0.15	THB	2024-12-06		540000			TTI038	TTI038-PL-โรงเรียนบ้านศาลาลำดวน ม.2 ต.ศาลาลำดวน อ.เมืองสระแก้ว จ.สระแก้ว	STS โอนสิทธิ์ - มูลค่าสัญญา 5400000
dm_a02b17ce	STS	STS-WTP680219-001	รอโครงการใหม่	Close							540000	0.15	THB			540000				รอโครงการใหม่	STS โอนสิทธิ์ - มูลค่าสัญญา 5400000
dm_44938395	STS	STS-	รอโครงการใหม่	Close							540000	0.15	THB	2024-12-06		540000				รอโครงการใหม่	STS โอนสิทธิ์ - มูลค่าสัญญา 5400000
dm_0c8332c4	STS	STS-WTP680219-001	บ้านคลองตามั่น ม.11 ต.เขาไม้แก้ว อ.กบินทร์บุรี จ.ปราจีนบุรี	Close			-2146826246				540000	0.15	THB	2024-12-20		540000				บ้านคลองตามั่น ม.11 ต.เขาไม้แก้ว อ.กบินทร์บุรี จ.ปราจีนบุรี	STS โอนสิทธิ์ - มูลค่าสัญญา 5400000
dm_2779f840	STS	STS-WTP680219-001	รอโครงการใหม่	Close							540000	0.15	THB			540000				รอโครงการใหม่	STS โอนสิทธิ์ - มูลค่าสัญญา 5400000
dm_fe8d19d2	STS	STS-	รอโครงการใหม่	Close							540000	0.15	THB	2024-12-12		540000				รอโครงการใหม่	STS โอนสิทธิ์ - มูลค่าสัญญา 5400000
dm_eb939934	STS	STS-WTP680219-001	รอโครงการใหม่	Close							540000	0.15	THB			540000				รอโครงการใหม่	STS โอนสิทธิ์ - มูลค่าสัญญา 5400000
dm_bd38eb5b	STS	STS-	รอโครงการใหม่	Close							540000	0.15	THB	2024-12-12		540000				รอโครงการใหม่	STS โอนสิทธิ์ - มูลค่าสัญญา 5400000
dm_8db0dac4	STS	STS-WTP680219-001	รอโครงการใหม่	Close							540000	0.15	THB			540000				รอโครงการใหม่	STS โอนสิทธิ์ - มูลค่าสัญญา 5400000
dm_14b818e4	STS	STS-	รอโครงการใหม่	Close							540000	0.15	THB	2024-12-12		540000				รอโครงการใหม่	STS โอนสิทธิ์ - มูลค่าสัญญา 5400000
dm_1ba99315	STS	STS-AW128	AW128-PL-บ้านศรีประชา ม.1 ต.ชำฆ้อ อ.เขาชะเมา จ.ระยอง	Close			2024-11-27				539032.085	0.15	THB	2024-12-12		539032.085			AW128	AW128-PL-บ้านศรีประชา ม.1 ต.ชำฆ้อ อ.เขาชะเมา จ.ระยอง	STS โอนสิทธิ์ - มูลค่าสัญญา 5390320.85
dm_eb94cb67	STS	STS-	รอโครงการใหม่	Close							540000	0.15	THB	2024-12-12		540000				รอโครงการใหม่	STS โอนสิทธิ์ - มูลค่าสัญญา 5400000
dm_1c914198	STS	STS-	รอโครงการใหม่	Close							542400	0.15	THB	2024-12-25		542400				รอโครงการใหม่	STS โอนสิทธิ์ - มูลค่าสัญญา 5424000
dm_066d8d3f	STS	STS-	รอโครงการใหม่	Close							515000	0.15	THB	2024-12-25		515000				รอโครงการใหม่	STS โอนสิทธิ์ - มูลค่าสัญญา 5150000
dm_7cf16dab	STS	STS-	AW082-PSL-ม.6 ต.โคกยาง อ.เหนือคลอง จ.กระบี่	Close			2024-10-17				449800	0.15	THB	2024-12-25		449800				AW082-PSL-ม.6 ต.โคกยาง อ.เหนือคลอง จ.กระบี่	STS โอนสิทธิ์ - มูลค่าสัญญา 4498000
dm_b609b618	STS	STS-WTP680219-001	บ้านเทื่อม ม.3 ต.เขือน้ำ อ.บ้านผือ จ.อุดรธานี	Close			2025-06-09				540000	0.15	THB	2025-01-15		540000				บ้านเทื่อม ม.3 ต.เขือน้ำ อ.บ้านผือ จ.อุดรธานี	STS โอนสิทธิ์ - มูลค่าสัญญา 5377196.24
dm_05254cb9	STS	STS-WTP680219-001	บ้านดอกคำใต้ ม.1 ต.แม่ตีบ อ.งาว จ.ลำปาง	Close			2025-06-12				539700	0.15	THB	2025-01-15		539700				บ้านดอกคำใต้ ม.1 ต.แม่ตีบ อ.งาว จ.ลำปาง	STS โอนสิทธิ์ - มูลค่าสัญญา 5397000
dm_c0a8d453	STS	STS-WTP680219-001	บ้านเหลิ่งหิน ม.11 ต.โนนจาน อ.บัวลาย จ.นครราชสีมา	Close			2025-06-11				540000	0.15	THB	2025-01-16		540000				บ้านเหลิ่งหิน ม.11 ต.โนนจาน อ.บัวลาย จ.นครราชสีมา	STS โอนสิทธิ์ - มูลค่าสัญญา 5400000
dm_73a42a9d	STS	STS-WTP680219-001	รอโครงการใหม่	Close							540000	0.15	THB			540000				รอโครงการใหม่	STS โอนสิทธิ์ - มูลค่าสัญญา 5400000
dm_006a0fd5	STS	STS-	รอโครงการใหม่	Close							540000	0.15	THB	2025-02-21		540000				รอโครงการใหม่	STS โอนสิทธิ์ - มูลค่าสัญญา 5400000
dm_eb11bf17	STS	STS-	รอโครงการใหม่	Close							540000	0.15	THB	2025-02-07		540000				รอโครงการใหม่	STS โอนสิทธิ์ - มูลค่าสัญญา 5400000
dm_b5538769	STS	STS-WTP680219-001	บ้านหนองปล้อง ม.1 ต.หนองปล้อง อ.วังทรายพูน จ.พิจิตร	Active							540000	0.15	THB	2025-02-20		540000				บ้านหนองปล้อง ม.1 ต.หนองปล้อง อ.วังทรายพูน จ.พิจิตร	STS โอนสิทธิ์ - มูลค่าสัญญา 5400000
dm_a135b93d	STS	STS-WTP680219-001	บ้านตระกาจ ม.4 ต.ตระกาจ อ.กันทรลักษ์ จ.ศรีสะเกษ	Close			2025-05-06				540000	0.15	THB	2025-02-07		540000				บ้านตระกาจ ม.4 ต.ตระกาจ อ.กันทรลักษ์ จ.ศรีสะเกษ	STS โอนสิทธิ์ - มูลค่าสัญญา 5400000
dm_9f098540	STS	STS-WTP680219-001	รอโครงการใหม่	Close							540000	0.15	THB			540000				รอโครงการใหม่	STS โอนสิทธิ์ - มูลค่าสัญญา 5400000
dm_e2db1cfb	STS	STS-	รอโครงการใหม่	Close							540000	0.15	THB	2025-02-07		540000				รอโครงการใหม่	STS โอนสิทธิ์ - มูลค่าสัญญา 5400000
dm_b753d554	STS	STS-WTP680219-001	บ้านทุ่ง ม.5 ต.หัวเสือ อ.แม่ทะ จ.ลำปาง	Close			2025-04-24				538026.971	0.15	THB	2025-03-12		538026.971				บ้านทุ่ง ม.5 ต.หัวเสือ อ.แม่ทะ จ.ลำปาง	STS โอนสิทธิ์ - มูลค่าสัญญา 5380269.71
dm_b1bcef47	STS	STS-WTP680219-001	บ้านตันหาร ม.3 ต.วังสรรพรส อ.ขลุง จ.จันทบุรี	Active							540000	0.15	THB	2025-03-12		540000				บ้านตันหาร ม.3 ต.วังสรรพรส อ.ขลุง จ.จันทบุรี	STS โอนสิทธิ์ - มูลค่าสัญญา 5400000
dm_6079df86	STS	STS-WTP680219-001	บ้านโนนสว่าง ม.4 ต.วังม่วง อ.เปือยน้อย จ.ขอนแก่น	Active							540000	0.15	THB	2025-03-12		540000				บ้านโนนสว่าง ม.4 ต.วังม่วง อ.เปือยน้อย จ.ขอนแก่น	STS โอนสิทธิ์ - มูลค่าสัญญา 5400000
dm_8e7ac89c	STS	STS-WTP680219-001	รอโครงการใหม่	Close							540000	0.15	THB	2025-03-12		540000				รอโครงการใหม่	STS โอนสิทธิ์ - มูลค่าสัญญา 5400000
dm_5e0520ef	STS	STS-WTP680219-001	รอโครงการใหม่	Close							540000	0.15	THB	2025-03-12		540000				รอโครงการใหม่	STS โอนสิทธิ์ - มูลค่าสัญญา 5400000
dm_1992170e	STS	STS-WTP680219-001	รอโครงการใหม่	Close							540000	0.15	THB	2025-03-12		540000				รอโครงการใหม่	STS โอนสิทธิ์ - มูลค่าสัญญา 5400000
dm_3582eb57	STS	STS-WTP680219-001	บ้านป่าตาล ม.2 ต.เถินบุรี อ.เถิน จ.ลำปาง	Close			2025-05-23				540000	0.15	THB	2025-03-12		540000				บ้านป่าตาล ม.2 ต.เถินบุรี อ.เถิน จ.ลำปาง	STS โอนสิทธิ์ - มูลค่าสัญญา 5340000
dm_694a6c68	STS	STS-WTP680219-001	รอโครงการใหม่	Close							540000	0.15	THB	2025-03-14		540000				รอโครงการใหม่	STS โอนสิทธิ์ - มูลค่าสัญญา 5400000
dm_435c69e4	STS	STS-WTP680219-001	รอโครงการใหม่	Close							420000	0.15	THB	2025-03-20		420000				รอโครงการใหม่	STS โอนสิทธิ์ - มูลค่าสัญญา 5400000
dm_fde0a615	STS	STS-	รอโครงการใหม่	Close							540000	0.15	THB	2025-03-20		540000				รอโครงการใหม่	STS โอนสิทธิ์ - มูลค่าสัญญา 5400000
dm_59d824c2	STS	STS-	บ้านยั้งเมิน ม.3 ต.ยั้งเมิน อ.สะเมิง จ.เชียงใหม่	Close			2025-05-29				528800	0.15	THB	2025-03-20		528800				บ้านยั้งเมิน ม.3 ต.ยั้งเมิน อ.สะเมิง จ.เชียงใหม่	STS โอนสิทธิ์ - มูลค่าสัญญา 5288000
dm_68f09a86	STS	STS-	บ้านวังแดง ม.3 ต.วังแดง อ.ตรอน จ.อุตรดิตถ์	Close			2025-06-09				538119.624	0.15	THB	2025-03-20		538119.624				บ้านวังแดง ม.3 ต.วังแดง อ.ตรอน จ.อุตรดิตถ์	STS โอนสิทธิ์ - มูลค่าสัญญา 5381196.24
dm_59e72b6c	STS	STS-	บ้านสองแควปินหวาน ม.5 ต.เถินบุรี อ.เถิน จ.ลำปาง	Close			2025-05-23				534000	0.15	THB	2025-03-20		534000				บ้านสองแควปินหวาน ม.5 ต.เถินบุรี อ.เถิน จ.ลำปาง	STS โอนสิทธิ์ - มูลค่าสัญญา 5340000
dm_c6fabe11	STS	STS-	รอโครงการใหม่	Close							562000	0.15	THB	2025-03-27		562000				รอโครงการใหม่	STS โอนสิทธิ์ - มูลค่าสัญญา 5620000
dm_84c1f483	STS	STS-	รอโครงการใหม่	Close							542400	0.15	THB	2025-03-27		542400				รอโครงการใหม่	STS โอนสิทธิ์ - มูลค่าสัญญา 5424000
dm_15ecae92	STS	STS-	รอโครงการใหม่	Close							540000	0.15	THB	2025-03-27		540000				รอโครงการใหม่	STS โอนสิทธิ์ - มูลค่าสัญญา 5400000
dm_02d290a5	STS	STS-	รอโครงการใหม่	Close							540000	0.15	THB	2025-03-27		540000				รอโครงการใหม่	STS โอนสิทธิ์ - มูลค่าสัญญา 5400000
dm_bfea92f4	STS	STS-	รอโครงการใหม่	Close							540000	0.15	THB	2025-03-27		540000				รอโครงการใหม่	STS โอนสิทธิ์ - มูลค่าสัญญา 5400000
dm_97226a50	STS	STS-	รอโครงการใหม่	Close							540000	0.15	THB	2025-03-27		540000				รอโครงการใหม่	STS โอนสิทธิ์ - มูลค่าสัญญา 5400000
dm_caf79a01	STS	STS-	รอโครงการใหม่	Close							540000	0.15	THB	2025-03-27		540000				รอโครงการใหม่	STS โอนสิทธิ์ - มูลค่าสัญญา 5400000
dm_cee1befc	STS	STS-	บ้านหัวแรต ม.10 ต.บัวโคก อ.ท่าตูม จ.สุรินทร์	Close			2025-05-13				540000	0.15	THB	2025-03-27		540000				บ้านหัวแรต ม.10 ต.บัวโคก อ.ท่าตูม จ.สุรินทร์	STS โอนสิทธิ์ - มูลค่าสัญญา 5397000
dm_8b29e09d	STS	STS-	รอโครงการใหม่	Close							450000	0.15	THB	2025-03-27		450000				รอโครงการใหม่	STS โอนสิทธิ์ - มูลค่าสัญญา 4500000
dm_73db22aa	STS	STS-	ม.10 ต.วังเย็น อ.แปลงยาว จ.ฉะเชิงเทรา	Close			2025-04-28				450000	0.15	THB	2025-03-27		450000				ม.10 ต.วังเย็น อ.แปลงยาว จ.ฉะเชิงเทรา	STS โอนสิทธิ์ - มูลค่าสัญญา 4500000
dm_de5dffb2	STS	STS-	รอโครงการใหม่	Close							340000	0.15	THB	2025-03-27		340000				รอโครงการใหม่	STS โอนสิทธิ์ - มูลค่าสัญญา 3400000
dm_b2f4b851	STS	STS-	รอโครงการใหม่	Close							340000	0.15	THB	2025-03-27		340000				รอโครงการใหม่	STS โอนสิทธิ์ - มูลค่าสัญญา 3400000
dm_4085c452	STS	STS-	รอโครงการใหม่	Close							340000	0.15	THB	2025-03-27		340000				รอโครงการใหม่	STS โอนสิทธิ์ - มูลค่าสัญญา 3400000
dm_493256f9	STS	STS-	รอโครงการใหม่	Close							340000	0.15	THB	2025-03-27		340000				รอโครงการใหม่	STS โอนสิทธิ์ - มูลค่าสัญญา 3400000
dm_73f0def2	STS	STS-	รอโครงการใหม่	Close							340000	0.15	THB	2025-03-27		340000				รอโครงการใหม่	STS โอนสิทธิ์ - มูลค่าสัญญา 3400000
dm_e114731a	STS	STS-	รอโครงการใหม่	Close							300000	0.15	THB	2025-03-27		300000				รอโครงการใหม่	STS โอนสิทธิ์ - มูลค่าสัญญา 3000000
dm_95f133a5	STS	STS-	รอโครงการใหม่	Close							130000	0.15	THB	2025-03-27		130000				รอโครงการใหม่	STS โอนสิทธิ์ - มูลค่าสัญญา 1300000
dm_e339d3a2	STS	STS-	รอโครงการใหม่	Close							130000	0.15	THB	2025-03-27		130000				รอโครงการใหม่	STS โอนสิทธิ์ - มูลค่าสัญญา 1300000
dm_2ed50066	STS	STS-	รอโครงการใหม่	Close							130000	0.15	THB	2025-03-27		130000				รอโครงการใหม่	STS โอนสิทธิ์ - มูลค่าสัญญา 1300000
dm_334219b1	STS	STS-	รอโครงการใหม่	Close							130000	0.15	THB	2025-03-27		130000				รอโครงการใหม่	STS โอนสิทธิ์ - มูลค่าสัญญา 1300000
dm_66843e7a	STS	STS-	รอโครงการใหม่	Close							130000	0.15	THB	2025-03-27		130000				รอโครงการใหม่	STS โอนสิทธิ์ - มูลค่าสัญญา 1300000
dm_bf197339	STS	STS-	รอโครงการใหม่	Close							130000	0.15	THB	2025-03-27		130000				รอโครงการใหม่	STS โอนสิทธิ์ - มูลค่าสัญญา 1300000
dm_17884809	STS	STS-	บ้านโนนดินแดง ม.5 ต.โนนดินแดง อ.โนนดินแดง จ.บุรีรัมย์	Close			2025-05-16				130000	0.15	THB	2025-03-27		130000				บ้านโนนดินแดง ม.5 ต.โนนดินแดง อ.โนนดินแดง จ.บุรีรัมย์	STS โอนสิทธิ์ - มูลค่าสัญญา 1298500
dm_1b89955a	STS	STS-	บ้านโนนดินแดง(ศาลาประชาคม) ม.1 ต.โนนดินแดง อ.โนนดินแดง จ.บุรีรัมย์	Close			2025-05-16				130000	0.15	THB	2025-03-27		130000				บ้านโนนดินแดง(ศาลาประชาคม) ม.1 ต.โนนดินแดง อ.โนนดินแดง จ.บุรีรัมย์	STS โอนสิทธิ์ - มูลค่าสัญญา 1298500
dm_80b8f788	STS	STS-	บ้านโนนดินแดง(ศาลาประชาคม) ม.13 ต.โนนดินแดง อ.โนนดินแดง จ.บุรีรัมย์	Close			2025-05-16				130000	0.15	THB	2025-03-27		130000				บ้านโนนดินแดง(ศาลาประชาคม) ม.13 ต.โนนดินแดง อ.โนนดินแดง จ.บุรีรัมย์	STS โอนสิทธิ์ - มูลค่าสัญญา 1298500
dm_0b64e4d6	STS	STS-	บ้านโนนดินแดง(ศาลาประชาคม) ม.3 ต.โนนดินแดง อ.โนนดินแดง จ.บุรีรัมย์	Close			2025-05-16				130000	0.15	THB	2025-03-27		130000				บ้านโนนดินแดง(ศาลาประชาคม) ม.3 ต.โนนดินแดง อ.โนนดินแดง จ.บุรีรัมย์	STS โอนสิทธิ์ - มูลค่าสัญญา 1298500
dm_47a7672e	STS	STS-	บ้านโนนดินแดง(ศาลาประชาคม) ม.4 ต.โนนดินแดง อ.โนนดินแดง จ.บุรีรัมย์	Close			2025-05-16				130000	0.15	THB	2025-03-27		130000				บ้านโนนดินแดง(ศาลาประชาคม) ม.4 ต.โนนดินแดง อ.โนนดินแดง จ.บุรีรัมย์	STS โอนสิทธิ์ - มูลค่าสัญญา 1298500
dm_90f19455	STS	STS-	บ้านโนนดินแดง(ศาลาประชาคม) ม.6 ต.โนนดินแดง อ.โนนดินแดง จ.บุรีรัมย์	Close			2025-05-16				130000	0.15	THB	2025-03-27		130000				บ้านโนนดินแดง(ศาลาประชาคม) ม.6 ต.โนนดินแดง อ.โนนดินแดง จ.บุรีรัมย์	STS โอนสิทธิ์ - มูลค่าสัญญา 1298500
dm_42fc6604	STS	STS-	บ้านโนนดินแดง(ศาลาประชาคม) ม.7 ต.โนนดินแดง อ.โนนดินแดง จ.บุรีรัมย์	Close			2025-05-16				130000	0.15	THB	2025-03-27		130000				บ้านโนนดินแดง(ศาลาประชาคม) ม.7 ต.โนนดินแดง อ.โนนดินแดง จ.บุรีรัมย์	STS โอนสิทธิ์ - มูลค่าสัญญา 1298500
dm_83c6a0d4	STS	STS-	บ้านโนนดินแดง(ศาลาประชาคม) ม.8 ต.โนนดินแดง อ.โนนดินแดง จ.บุรีรัมย์	Close			2025-05-16				130000	0.15	THB	2025-03-27		130000				บ้านโนนดินแดง(ศาลาประชาคม) ม.8 ต.โนนดินแดง อ.โนนดินแดง จ.บุรีรัมย์	STS โอนสิทธิ์ - มูลค่าสัญญา 1298500
dm_b0e02cd7	STS	STS-	บ้านโนนดินแดง(ศาลาประชาคม) ม.9 ต.โนนดินแดง อ.โนนดินแดง จ.บุรีรัมย์	Close			2025-05-16				130000	0.15	THB	2025-03-27		130000				บ้านโนนดินแดง(ศาลาประชาคม) ม.9 ต.โนนดินแดง อ.โนนดินแดง จ.บุรีรัมย์	STS โอนสิทธิ์ - มูลค่าสัญญา 1298500
dm_f33b4580	STS	STS-	บ้านน้อยสะแกกวน(ศาลาประชาคม) ม.3 ต.ส้มป่อย อ.โนนดินแดง จ.บุรีรัมย์	Close			2025-05-16				130000	0.15	THB	2025-03-27		130000				บ้านน้อยสะแกกวน(ศาลาประชาคม) ม.3 ต.ส้มป่อย อ.โนนดินแดง จ.บุรีรัมย์	STS โอนสิทธิ์ - มูลค่าสัญญา 1298500
dm_643a2d12	STS	STS-	บ้านหนองสะแกกวน(ศาลาประชาคม) ม.6 ต.ส้มป่อย อ.โนนดินแดง จ.บุรีรัมย์	Close			2025-05-16				130000	0.15	THB	2025-03-27		130000				บ้านหนองสะแกกวน(ศาลาประชาคม) ม.6 ต.ส้มป่อย อ.โนนดินแดง จ.บุรีรัมย์	STS โอนสิทธิ์ - มูลค่าสัญญา 1298500
dm_885868fd	STS	STS-	รอโครงการใหม่	Close							130000	0.15	THB	2025-03-27		130000				รอโครงการใหม่	STS โอนสิทธิ์ - มูลค่าสัญญา 1300000
dm_01b65dca	STS	STS-	รอโครงการใหม่	Close							130000	0.15	THB	2025-03-27		130000				รอโครงการใหม่	STS โอนสิทธิ์ - มูลค่าสัญญา 1300000
dm_aa6c3f5b	STS	STS-	รอโครงการใหม่	Close							130000	0.15	THB	2025-03-27		130000				รอโครงการใหม่	STS โอนสิทธิ์ - มูลค่าสัญญา 1300000
dm_1a4e1e8e	STS	STS-	รอโครงการใหม่	Close							130000	0.15	THB	2025-03-27		130000				รอโครงการใหม่	STS โอนสิทธิ์ - มูลค่าสัญญา 1300000
dm_87c05745	STS	STS-	รอโครงการใหม่	Close							110000	0.15	THB	2025-03-27		110000				รอโครงการใหม่	STS โอนสิทธิ์ - มูลค่าสัญญา 1100000
dm_e384f8aa	STS	STS-	รอโครงการใหม่	Close							110000	0.15	THB	2025-03-27		110000				รอโครงการใหม่	STS โอนสิทธิ์ - มูลค่าสัญญา 1100000
dm_cb0323cb	STS	STS-	รอโครงการใหม่	Close							110000	0.15	THB	2025-03-27		110000				รอโครงการใหม่	STS โอนสิทธิ์ - มูลค่าสัญญา 1100000
dm_ac2c40d3	STS	STS-	รอโครงการใหม่	Close							110000	0.15	THB	2025-03-27		110000				รอโครงการใหม่	STS โอนสิทธิ์ - มูลค่าสัญญา 1100000
dm_9408b84f	STS	STS-	รอโครงการใหม่	Close							110000	0.15	THB	2025-03-27		110000				รอโครงการใหม่	STS โอนสิทธิ์ - มูลค่าสัญญา 1100000
dm_e9f61d51	STS	STS-	รอโครงการใหม่	Close							110000	0.15	THB	2025-03-27		110000				รอโครงการใหม่	STS โอนสิทธิ์ - มูลค่าสัญญา 1100000
dm_13fe8672	STS	STS-	รอโครงการใหม่	Close							110000	0.15	THB	2025-03-27		110000				รอโครงการใหม่	STS โอนสิทธิ์ - มูลค่าสัญญา 1100000
dm_33077a21	STS	STS-	รอโครงการใหม่	Close							110000	0.15	THB	2025-03-27		110000				รอโครงการใหม่	STS โอนสิทธิ์ - มูลค่าสัญญา 1100000
dm_312b5f24	STS	STS-	บ้านงิ้วเฒ่า ม.6 ต.ศรีดอนมูล อ.เชียงแสน จ.เชียงราย	Close			2025-05-26				110000	0.15	THB	2025-03-27		110000				บ้านงิ้วเฒ่า ม.6 ต.ศรีดอนมูล อ.เชียงแสน จ.เชียงราย	STS โอนสิทธิ์ - มูลค่าสัญญา 1100000
dm_da7cd7a8	STS	STS-	รอโครงการใหม่	Close							110000	0.15	THB	2025-03-27		110000				รอโครงการใหม่	STS โอนสิทธิ์ - มูลค่าสัญญา 1100000
dm_75901191	STS	STS-	บ้านดอนทอง ม.12 ต.ออย อ.ปง จ.พะเยา	Close			2025-06-04				110000	0.15	THB	2025-03-27		110000				บ้านดอนทอง ม.12 ต.ออย อ.ปง จ.พะเยา	STS โอนสิทธิ์ - มูลค่าสัญญา 1100000
dm_6d9a1058	STS	STS-	รอโครงการใหม่	Close							540000	0.15	THB	2025-04-30		540000				รอโครงการใหม่	STS โอนสิทธิ์ - มูลค่าสัญญา
dm_4c8dddc6	STS	STS-	รอโครงการใหม่	Close							540000	0.15	THB	2025-05-09		540000				รอโครงการใหม่	STS โอนสิทธิ์ - มูลค่าสัญญา
dm_fd2e1c31	STS	STS-	รอโครงการใหม่	Close							540000	0.15	THB	2025-05-09		540000				รอโครงการใหม่	STS โอนสิทธิ์ - มูลค่าสัญญา
dm_2c094de4	STS	STS-	รอโครงการใหม่	Close							540000	0.15	THB	2025-05-09		540000				รอโครงการใหม่	STS โอนสิทธิ์ - มูลค่าสัญญา
dm_bc494fd3	STS	STS-	รอโครงการใหม่	Close							540000	0.15	THB	2025-05-15		540000				รอโครงการใหม่	STS โอนสิทธิ์ - มูลค่าสัญญา
dm_089d77d1	STS	STS-	รอโครงการใหม่	Close							540000	0.15	THB	2025-05-15		540000				รอโครงการใหม่	STS โอนสิทธิ์ - มูลค่าสัญญา
dm_bab4922c	STS	STS-	รอโครงการใหม่	Close							540000	0.15	THB	2025-05-15		540000				รอโครงการใหม่	STS โอนสิทธิ์ - มูลค่าสัญญา
dm_243a0e82	STS	STS-	รอโครงการใหม่	Close							540000	0.15	THB	2025-05-15		540000				รอโครงการใหม่	STS โอนสิทธิ์ - มูลค่าสัญญา
dm_cfc7ca7c	STS	STS-	รอโครงการใหม่	Close							540000	0.15	THB	2025-05-15		540000				รอโครงการใหม่	STS โอนสิทธิ์ - มูลค่าสัญญา
dm_ef0dd03d	STS	STS-	รอโครงการใหม่	Close							540000	0.15	THB	2025-05-15		540000				รอโครงการใหม่	STS โอนสิทธิ์ - มูลค่าสัญญา
dm_3f053992	STS	STS-	รอโครงการใหม่	Close							540000	0.15	THB	2025-05-15		540000				รอโครงการใหม่	STS โอนสิทธิ์ - มูลค่าสัญญา
dm_46d0e2e4	STS	STS-	รอโครงการใหม่	Close							540000	0.15	THB	2025-05-15		540000				รอโครงการใหม่	STS โอนสิทธิ์ - มูลค่าสัญญา
dm_8e806a8b	STS	STS-	รอโครงการใหม่	Close							540000	0.15	THB	2025-05-15		540000				รอโครงการใหม่	STS โอนสิทธิ์ - มูลค่าสัญญา
dm_f8b329b8	STS	STS-	รอโครงการใหม่	Close							540000	0.15	THB	2025-05-15		540000				รอโครงการใหม่	STS โอนสิทธิ์ - มูลค่าสัญญา
dm_b0cb1317	STS	STS-	รอโครงการใหม่	Close							540000	0.15	THB	2025-05-15		540000				รอโครงการใหม่	STS โอนสิทธิ์ - มูลค่าสัญญา
dm_070e8d01	STS	STS-	รอโครงการใหม่	Close							540000	0.15	THB	2025-05-21		540000				รอโครงการใหม่	STS โอนสิทธิ์ - มูลค่าสัญญา
dm_603bc811	STS	STS-	รอโครงการใหม่	Close							540000	0.15	THB	2025-05-21		540000				รอโครงการใหม่	STS โอนสิทธิ์ - มูลค่าสัญญา
dm_768205f4	STS	STS-	รอโครงการใหม่	Close							540000	0.15	THB	2025-05-28		540000				รอโครงการใหม่	STS โอนสิทธิ์ - มูลค่าสัญญา
dm_7f321fee	STS	STS-	รอโครงการใหม่	Close							540000	0.15	THB	2025-05-28		540000				รอโครงการใหม่	STS โอนสิทธิ์ - มูลค่าสัญญา
dm_56855a6c	STS	STS-	รอโครงการใหม่	Close							540000	0.15	THB	2025-05-28		540000				รอโครงการใหม่	STS โอนสิทธิ์ - มูลค่าสัญญา
dm_25b3a1a9	STS	STS-	รอโครงการใหม่	Close							540000	0.15	THB	2025-06-19		540000				รอโครงการใหม่	STS โอนสิทธิ์ - มูลค่าสัญญา
dm_524ae8ad	STS	STS-	รอโครงการใหม่	Close							540000	0.15	THB	2025-06-19		540000				รอโครงการใหม่	STS โอนสิทธิ์ - มูลค่าสัญญา
dm_aac4ecc2	STS	STS-	รอโครงการใหม่	Close							540000	0.15	THB	2025-06-27		540000				รอโครงการใหม่	STS โอนสิทธิ์ - มูลค่าสัญญา
dm_2eb90962	STS	STS-	รอโครงการใหม่	Close							540000	0.15	THB	2025-06-27		540000				รอโครงการใหม่	STS โอนสิทธิ์ - มูลค่าสัญญา
dm_ddd69d0f	STS	STS-	รอโครงการใหม่	Close							540000	0.15	THB	2025-06-27		540000				รอโครงการใหม่	STS โอนสิทธิ์ - มูลค่าสัญญา
dm_45369b5e	STS	STS-	รอโครงการใหม่	Close							540000	0.15	THB	2025-06-27		540000				รอโครงการใหม่	STS โอนสิทธิ์ - มูลค่าสัญญา
dm_baee1ab7	STS	STS-	รอโครงการใหม่	Close							540000	0.15	THB	2025-06-27		540000				รอโครงการใหม่	STS โอนสิทธิ์ - มูลค่าสัญญา
dm_aa882b9a	STS	STS-	รอโครงการใหม่	Close							540000	0.15	THB	2025-06-27		540000				รอโครงการใหม่	STS โอนสิทธิ์ - มูลค่าสัญญา
dm_1e80469f	STS	STS-	รอโครงการใหม่	Close							540000	0.15	THB	2025-06-27		540000				รอโครงการใหม่	STS โอนสิทธิ์ - มูลค่าสัญญา
dm_69765ac6	STS	STS-	รอโครงการใหม่	Close							540000	0.15	THB	2025-07-25		540000				รอโครงการใหม่	STS โอนสิทธิ์ - มูลค่าสัญญา
dm_1cc9a47b	STS	STS-	รอโครงการใหม่	Close							540000	0.15	THB	2025-07-25		540000				รอโครงการใหม่	STS โอนสิทธิ์ - มูลค่าสัญญา
dm_52854796	STS	STS-	รอโครงการใหม่	Close							540000	0.15	THB	2025-07-25		540000				รอโครงการใหม่	STS โอนสิทธิ์ - มูลค่าสัญญา
dm_4773d15f	STS	STS-	รอโครงการใหม่	Close							540000	0.15	THB	2025-07-25		540000				รอโครงการใหม่	STS โอนสิทธิ์ - มูลค่าสัญญา
dm_d751f757	STS	STS-	รอโครงการใหม่	Close							540000	0.15	THB	2025-07-25		540000				รอโครงการใหม่	STS โอนสิทธิ์ - มูลค่าสัญญา
dm_b19eb72a	STS	STS-	รอโครงการใหม่	Close							540000	0.15	THB	2025-07-31		540000				รอโครงการใหม่	STS โอนสิทธิ์ - มูลค่าสัญญา
dm_2344300d	STS	STS-	รอโครงการใหม่	Close							540000	0.15	THB	2025-07-31		540000				รอโครงการใหม่	STS โอนสิทธิ์ - มูลค่าสัญญา
dm_f7cc5ade	STS	STS-	รอโครงการใหม่	Close							540000	0.15	THB	2025-07-31		540000				รอโครงการใหม่	STS โอนสิทธิ์ - มูลค่าสัญญา
dm_c3e0f593	STS	STS-	รอโครงการใหม่	Close							540000	0.15	THB	2025-11-07		540000				รอโครงการใหม่	STS โอนสิทธิ์ - มูลค่าสัญญา 5400000
dm_9b8bd2a1	STS	STS-	รอโครงการใหม่	Close							540000	0.15	THB	2025-11-07		540000				รอโครงการใหม่	STS โอนสิทธิ์ - มูลค่าสัญญา 5400000
dm_5fa7d35e	STS	STS-	รอโครงการใหม่	Close							540000	0.15	THB	2025-11-07		540000				รอโครงการใหม่	STS โอนสิทธิ์ - มูลค่าสัญญา 5400000
dm_37e6a9b0	STS	STS-	รอโครงการใหม่	Close							540000	0.15	THB	2025-11-07		540000				รอโครงการใหม่	STS โอนสิทธิ์ - มูลค่าสัญญา 5400000
dm_6740364b	STS	STS-	ป่าช้าโคกมะยอ ม.1 ต.โคกสะอาด อ.หนองแซง จ.สระบุรี	Active							540000	0.15	THB	2025-10-31		540000				ป่าช้าโคกมะยอ ม.1 ต.โคกสะอาด อ.หนองแซง จ.สระบุรี	STS โอนสิทธิ์ - มูลค่าสัญญา 5400000
dm_e45b7210	STS	STS-	ม.5 ต.เจริญธรรม อ.วิหารแดง จ.สระบุรี	Active							540000	0.15	THB	2025-10-31		540000				ม.5 ต.เจริญธรรม อ.วิหารแดง จ.สระบุรี	STS โอนสิทธิ์ - มูลค่าสัญญา 5400000
dm_f31ddd16	STS	STS-	บ้านเขาเฒ่า ม.3 ต.บางเตย อ.เมืองพังงา จ.พังงา	Active							540000	0.15	THB	2025-10-31		540000				บ้านเขาเฒ่า ม.3 ต.บางเตย อ.เมืองพังงา จ.พังงา	STS โอนสิทธิ์ - มูลค่าสัญญา 5400000
dm_d970f079	STS	STS-	บ้านบ้านหัวรัง ม.2 ต.ดอนเจดีย์ อ.พนมทวน จ.กาญจนบุรี	Active			-2146826246				540000	0.15	THB	2025-10-31		540000				บ้านบ้านหัวรัง ม.2 ต.ดอนเจดีย์ อ.พนมทวน จ.กาญจนบุรี	STS โอนสิทธิ์ - มูลค่าสัญญา 5400000
dm_980ec826	STS	STS-	บ้านเทิดไท้ ม.5 ต.หาดทรายรี อ.เมืองชุมพร จ.ชุมพร	Active							540000	0.15	THB	2025-10-31		540000				บ้านเทิดไท้ ม.5 ต.หาดทรายรี อ.เมืองชุมพร จ.ชุมพร	STS โอนสิทธิ์ - มูลค่าสัญญา 5400000
dm_a765f32c	STS	STS-	รอโครงการใหม่	Close							540000	0.15	THB	2025-10-31		540000				รอโครงการใหม่	STS โอนสิทธิ์ - มูลค่าสัญญา 5400000
dm_368e2506	STS	STS-	บ้านน้ำโท้ง ม.1 ต.เถินบุรี อ.เถิน จ.ลำปาง	Active			122				540000	0.15	THB	2025-10-31		540000				บ้านน้ำโท้ง ม.1 ต.เถินบุรี อ.เถิน จ.ลำปาง	STS โอนสิทธิ์ - มูลค่าสัญญา 5400000
dm_8a7cee3c	STS	STS-	รอโครงการใหม่	Close							540000	0.15	THB	2025-10-31		540000				รอโครงการใหม่	STS โอนสิทธิ์ - มูลค่าสัญญา 5400000
dm_cff4a17a	STS	STS-	รอโครงการใหม่	Close							540000	0.15	THB	2025-12-26		540000				รอโครงการใหม่	STS โอนสิทธิ์ - มูลค่าสัญญา 5400000
dm_93fb4d8e	STS	STS-	รอโครงการใหม่	Close							540000	0.15	THB	2025-12-26		540000				รอโครงการใหม่	STS โอนสิทธิ์ - มูลค่าสัญญา 5400000
dm_fccae87b	STS	STS-	รอโครงการใหม่	Close							540000	0.15	THB	2025-12-26		540000				รอโครงการใหม่	STS โอนสิทธิ์ - มูลค่าสัญญา 5400000
dm_b48ddfd4	STS	STS-WTP680219-001	รอโครงการใหม่	Close							540000	0.15	THB	2026-01-30		540000				รอโครงการใหม่	STS โอนสิทธิ์ - มูลค่าสัญญา 5400000
dm_dcf71e8b	STS	STS-	ม.4 ต.ห้วยยาง อ.ทับสะแก จ.ประจวบคีรีขันธ์	Active			-2146826246				540000	0.15	THB	2026-01-30		540000				ม.4 ต.ห้วยยาง อ.ทับสะแก จ.ประจวบคีรีขันธ์	STS โอนสิทธิ์ - มูลค่าสัญญา 5400000
dm_28621dbd	STS	STS-	บ้านโนนสว่าง ม.4 ต.วังม่วง อ.เปือยน้อย จ.ขอนแก่น	Active							540000	0.15	THB	2026-01-30		540000				บ้านโนนสว่าง ม.4 ต.วังม่วง อ.เปือยน้อย จ.ขอนแก่น	STS โอนสิทธิ์ - มูลค่าสัญญา 5400000
dm_ce5d9d37	STS	STS-	บ้านไค้นุ่น (อบต.หลังเก่า) ม.2 ต.ไค้นุ่น อ.ห้วยผึ้ง จ.กาฬสินธุ์	Active			2026-09-01				540000	0.15	THB	2026-01-30		540000				บ้านไค้นุ่น (อบต.หลังเก่า) ม.2 ต.ไค้นุ่น อ.ห้วยผึ้ง จ.กาฬสินธุ์	STS โอนสิทธิ์ - มูลค่าสัญญา 5400000
dm_8fe19331	STS	STS-	รอโครงการใหม่	Close							540000	0.15	THB	2026-01-30		540000				รอโครงการใหม่	STS โอนสิทธิ์ - มูลค่าสัญญา 5400000